Company_ID,Industry_Type,Date,Energy_Demand_MWh,Fuel_Type,Emission_Produced_tCO2,Emission_Allowance_tCO2,Carbon_Price_USD_per_t,Transaction_Type,Credits_Traded_tCO2,Verification_Status,Compliance_Cost_USD,Optimization_Scenario,Carbon_Cost_Savings_USD,Target_Trade_Action
C062,Steel,2024-06-07,1444.72,Mixed Fuel,761.54,601.54,22.25,Buy,94,Disputed,8497.76,Price_Surge,541.97,1
C084,Energy,2024-07-18,1933.84,Renewable,1353.1,1439.1,33.7,Buy,63,Disputed,8862.97,Price_Surge,2833.26,1
C077,Cement,2024-04-24,633.77,Natural Gas,234.17,267.16999999999996,30.58,Sell,181,Disputed,19270.7,High_Demand,1858.7,0
C017,Cement,2025-07-16,1253.59,Coal,789.5,637.5,24.14,Buy,195,Disputed,12566.99,High_Demand,2971.79,1
C025,Cement,2025-07-11,1073.97,Renewable,329.26,440.26,23.67,Buy,188,Verified,13640.22,Price_Surge,1594.75,1
C097,Manufacturing,2024-01-16,2622.58,Renewable,864.59,677.59,21.79,Sell,46,Verified,16167.88,Low_Demand,1038.83,0
C055,Energy,2024-08-14,1014.05,Mixed Fuel,431.76,303.76,32.12,Sell,81,Disputed,7673.93,High_Demand,1520.21,0
C012,Energy,2024-01-13,686.06,Renewable,538.85,357.85,27.55,Buy,108,Verified,11049.55,High_Demand,1407.54,1
C056,Manufacturing,2025-08-18,1678.26,Natural Gas,908.42,821.42,26.46,Buy,196,Disputed,13175.23,Low_Demand,629.14,1
C035,Steel,2025-08-15,2647.25,Natural Gas,1552.47,1667.47,27.61,Buy,198,Disputed,5499.61,Low_Demand,1231.61,1
C058,Cement,2024-11-16,2076.72,Natural Gas,1497.22,1411.22,31.01,Sell,186,Disputed,14242.85,Price_Surge,2553.54,0
C070,Manufacturing,2025-03-31,582.16,Mixed Fuel,358.67,391.67,23.18,Sell,38,Disputed,15362.96,High_Demand,2681.46,0
C027,Energy,2025-10-30,1199.75,Mixed Fuel,517.11,622.11,21.17,Buy,176,Disputed,16766.91,Price_Surge,569.09,1
C013,Cement,2024-09-10,2364.79,Coal,1855.86,1822.86,24.41,Buy,73,Verified,11429.56,Low_Demand,1733.5,1
C092,Steel,2025-10-25,650.8,Mixed Fuel,238.54,183.54,23.49,Sell,185,Verified,13584.37,Low_Demand,937.16,0
C096,Manufacturing,2025-06-07,2829.04,Mixed Fuel,2218.41,2118.41,30.03,Buy,37,Verified,8099.53,High_Demand,724.33,1
C007,Steel,2024-09-18,1067.71,Natural Gas,493.81,385.81,34.76,Sell,175,Disputed,17734.01,Price_Surge,1903.36,0
C047,Manufacturing,2024-09-17,1613.11,Natural Gas,1268.22,1285.22,29.96,Sell,92,Verified,18024.65,Price_Surge,1288.36,0
C003,Energy,2025-04-04,2386.61,Natural Gas,1565.07,1537.07,23.36,Buy,73,Verified,9725.47,Price_Surge,661.05,1
C078,Cement,2024-06-13,959.41,Renewable,590.66,762.66,27.4,Sell,35,Verified,15230.9,High_Demand,831.25,0
C083,Steel,2024-07-08,1192.87,Mixed Fuel,384.34,245.33999999999997,29.03,Buy,129,Disputed,9859.65,High_Demand,2297.94,1
C002,Manufacturing,2024-10-13,2366.38,Natural Gas,1670.03,1707.03,29.56,Buy,141,Verified,14567.82,Low_Demand,2317.43,1
C060,Manufacturing,2024-01-13,2858.52,Renewable,1561.57,1409.57,24.88,Buy,178,Verified,6989.37,Price_Surge,1650.57,1
C069,Energy,2025-06-12,1414.11,Mixed Fuel,970.03,935.03,32.94,Buy,85,Verified,14595.45,Low_Demand,1306.02,1
C088,Energy,2024-09-06,2717.92,Mixed Fuel,1264.63,1095.63,21.9,Sell,192,Verified,12436.41,Low_Demand,1541.93,0
C057,Cement,2024-01-10,559.17,Natural Gas,335.28,503.28,30.34,Sell,189,Disputed,7117.39,High_Demand,1978.23,0
C070,Steel,2024-09-27,2827.28,Mixed Fuel,1762.97,1864.97,28.7,Buy,41,Verified,14891.78,Price_Surge,576.88,1
C069,Energy,2024-09-13,2387.78,Natural Gas,1632.61,1794.61,26.47,Buy,167,Disputed,18535.22,High_Demand,2819.63,1
C076,Energy,2025-11-18,961.39,Natural Gas,321.5,445.5,26.77,Sell,86,Verified,5841.66,Low_Demand,2871.54,0
C040,Cement,2024-04-06,2345.47,Renewable,1111.88,1011.8800000000001,30.54,Sell,138,Verified,15121.12,Price_Surge,1333.52,0
C080,Manufacturing,2025-10-17,2898.22,Mixed Fuel,1051.39,1191.39,27.84,Buy,186,Disputed,19753.4,Low_Demand,1770.89,1
C061,Cement,2025-12-03,1191.37,Natural Gas,715.85,865.85,24.79,Buy,136,Verified,10725.29,Price_Surge,636.98,1
C009,Steel,2024-04-30,2678.4,Natural Gas,1690.49,1690.49,30.39,Buy,163,Verified,17634.65,Low_Demand,616.45,1
C029,Cement,2024-11-25,2489.24,Coal,1791.27,1768.27,29.19,Buy,85,Verified,7990.97,Price_Surge,1824.34,1
C067,Cement,2024-10-30,1681.92,Coal,597.22,515.22,20.87,Sell,49,Disputed,10823.0,Price_Surge,1281.66,0
C093,Manufacturing,2024-04-06,1944.71,Mixed Fuel,1370.95,1413.95,27.65,Sell,139,Verified,13991.93,Price_Surge,1583.62,0
C021,Cement,2025-04-11,991.24,Mixed Fuel,299.81,453.81,33.58,Sell,74,Disputed,15114.37,Low_Demand,2078.49,0
C049,Steel,2024-12-15,1283.31,Mixed Fuel,946.03,945.03,28.6,Buy,175,Disputed,19411.43,Price_Surge,2144.61,1
C003,Cement,2024-08-10,2132.84,Mixed Fuel,1678.84,1525.84,34.24,Sell,158,Disputed,8205.73,Price_Surge,2073.39,0
C069,Manufacturing,2025-11-21,1300.74,Mixed Fuel,794.1,663.1,20.94,Buy,74,Verified,7821.18,Low_Demand,2000.4,1
C064,Energy,2024-07-26,851.38,Natural Gas,558.81,638.81,32.62,Sell,130,Disputed,9057.78,Price_Surge,2135.25,0
C034,Steel,2024-06-23,2574.85,Renewable,1599.15,1564.15,21.31,Sell,195,Disputed,18937.53,High_Demand,2414.6,0
C045,Cement,2025-11-22,2248.9,Coal,1006.98,1168.98,24.25,Sell,23,Disputed,14026.1,Price_Surge,2663.08,0
C099,Cement,2024-07-20,2184.08,Mixed Fuel,1576.98,1748.98,26.94,Sell,46,Disputed,11899.4,Price_Surge,1986.36,0
C028,Manufacturing,2024-05-06,1219.81,Natural Gas,895.66,915.66,29.16,Buy,103,Disputed,8816.39,Low_Demand,2589.05,1
C046,Manufacturing,2024-08-24,887.25,Mixed Fuel,287.87,245.87,29.36,Buy,167,Verified,15207.18,Low_Demand,1340.52,1
C054,Steel,2025-01-08,903.85,Renewable,280.86,276.86,29.52,Sell,121,Verified,17472.45,Low_Demand,2896.94,0
C086,Steel,2024-11-15,2391.6,Coal,1742.6,1692.6,22.21,Buy,93,Verified,6440.68,Price_Surge,2118.18,1
C058,Manufacturing,2025-12-31,842.76,Mixed Fuel,533.95,350.95000000000005,24.57,Buy,88,Verified,14267.78,Price_Surge,977.69,1
C099,Energy,2024-02-21,671.67,Mixed Fuel,453.38,498.38,27.74,Sell,132,Disputed,7886.22,High_Demand,1635.49,0
C062,Steel,2025-06-18,1291.29,Renewable,695.16,840.16,29.49,Sell,84,Verified,10782.37,Price_Surge,1398.62,0
C054,Manufacturing,2024-08-10,1936.64,Mixed Fuel,963.82,781.82,22.29,Sell,72,Disputed,8394.79,Low_Demand,1315.64,0
C030,Steel,2024-07-13,1223.12,Renewable,519.33,697.33,32.49,Buy,43,Disputed,8203.58,Price_Surge,2506.11,1
C083,Cement,2025-11-24,1304.28,Renewable,1004.77,1126.77,25.95,Buy,25,Verified,7763.89,Low_Demand,901.29,1
C078,Steel,2024-11-22,822.58,Mixed Fuel,531.97,530.97,34.44,Sell,139,Disputed,16484.59,High_Demand,1930.76,0
C009,Manufacturing,2025-01-05,1308.76,Renewable,901.86,814.86,33.06,Sell,74,Disputed,5443.56,Low_Demand,2170.45,0
C068,Manufacturing,2025-03-21,1114.28,Renewable,374.49,425.49,29.59,Buy,98,Disputed,11430.84,High_Demand,914.79,1
C002,Manufacturing,2024-10-24,1981.02,Natural Gas,628.78,743.78,21.12,Sell,198,Verified,14956.35,Low_Demand,2070.01,0
C091,Cement,2024-09-27,1718.01,Coal,933.21,924.21,27.21,Sell,162,Disputed,15019.75,Price_Surge,2022.49,0
C095,Steel,2024-01-07,1754.95,Coal,690.38,875.38,27.54,Buy,135,Disputed,18812.18,High_Demand,831.27,1
C050,Steel,2024-02-15,2952.82,Coal,1749.37,1573.37,32.89,Buy,175,Verified,19550.99,Price_Surge,2909.13,1
C024,Manufacturing,2025-01-13,2841.15,Coal,1410.51,1295.51,22.77,Buy,134,Disputed,15766.96,High_Demand,2645.55,1
C010,Manufacturing,2025-02-11,875.62,Natural Gas,504.42,464.42,29.17,Sell,164,Disputed,6493.56,High_Demand,1985.22,0
C086,Manufacturing,2024-05-30,2000.27,Mixed Fuel,1181.3,1055.3,21.16,Buy,65,Disputed,13960.29,Price_Surge,2315.74,1
C018,Manufacturing,2024-05-13,2500.76,Natural Gas,1993.96,2047.96,25.8,Sell,32,Disputed,5595.33,High_Demand,909.88,0
C071,Manufacturing,2024-11-07,1603.32,Natural Gas,1224.75,1079.75,28.03,Buy,78,Verified,12277.16,High_Demand,891.85,1
C062,Energy,2025-10-24,2321.01,Renewable,821.52,731.52,20.05,Buy,181,Disputed,8907.76,High_Demand,624.42,1
C050,Energy,2025-06-03,1495.6,Natural Gas,851.58,703.58,34.23,Sell,191,Verified,17569.83,Price_Surge,2434.91,0
C091,Steel,2024-03-10,1120.83,Renewable,496.12,571.12,29.72,Sell,36,Disputed,14940.16,Price_Surge,832.12,0
C025,Cement,2025-06-12,2245.53,Natural Gas,915.32,1023.32,20.71,Sell,73,Verified,17848.45,High_Demand,2153.34,0
C077,Cement,2024-06-05,2609.16,Renewable,1501.3,1413.3,27.75,Sell,70,Disputed,10450.75,Price_Surge,2004.57,0
C036,Manufacturing,2025-03-11,2837.57,Coal,2175.18,2217.18,25.56,Buy,50,Verified,19207.39,High_Demand,1761.51,1
C026,Energy,2024-09-06,1208.47,Natural Gas,367.85,291.85,31.06,Buy,45,Verified,12745.47,Low_Demand,1111.38,1
C056,Energy,2024-07-17,1727.39,Mixed Fuel,923.47,893.47,33.48,Buy,54,Verified,10489.08,Low_Demand,1912.79,1
C026,Steel,2024-03-02,1647.76,Natural Gas,789.63,923.63,25.01,Buy,32,Verified,14282.87,High_Demand,2741.59,1
C004,Manufacturing,2025-02-16,1494.74,Natural Gas,871.85,708.85,34.35,Buy,177,Disputed,7819.25,Price_Surge,991.57,1
C020,Energy,2025-07-19,1329.49,Mixed Fuel,1034.19,1057.19,24.11,Buy,72,Disputed,12397.68,Price_Surge,933.08,1
C085,Energy,2024-04-29,2505.27,Mixed Fuel,1265.88,1319.88,26.43,Sell,72,Verified,11181.6,Price_Surge,1313.48,0
C049,Energy,2024-12-22,1593.26,Renewable,1103.59,986.5899999999999,27.7,Sell,196,Disputed,15255.76,High_Demand,1579.55,0
C020,Energy,2024-12-20,2208.79,Mixed Fuel,767.45,783.45,25.39,Sell,180,Disputed,16807.64,High_Demand,566.88,0
C059,Manufacturing,2024-03-24,1421.92,Natural Gas,1006.3,841.3,27.68,Buy,184,Disputed,18949.3,High_Demand,1644.59,1
C064,Steel,2025-10-28,2422.05,Natural Gas,1427.42,1319.42,20.31,Sell,153,Disputed,14535.12,Low_Demand,1236.24,0
C079,Steel,2025-05-28,1763.33,Coal,1098.6,1043.6,32.09,Buy,62,Disputed,7225.61,Price_Surge,1281.5,1
C068,Steel,2025-10-11,805.32,Mixed Fuel,519.97,531.97,29.05,Buy,120,Disputed,11733.59,Low_Demand,1853.83,1
C089,Cement,2025-04-11,1084.84,Natural Gas,790.34,684.34,26.65,Sell,179,Verified,10083.52,High_Demand,1716.59,0
C025,Energy,2025-06-21,1354.17,Natural Gas,680.36,555.36,23.98,Buy,22,Disputed,16531.84,Price_Surge,2863.54,1
C041,Manufacturing,2025-03-18,561.72,Renewable,337.53,506.53,20.14,Buy,170,Verified,7051.48,High_Demand,809.85,1
C014,Cement,2024-07-05,1578.2,Natural Gas,657.56,633.56,24.35,Sell,76,Verified,7281.52,Low_Demand,2362.65,0
C074,Manufacturing,2024-10-30,1019.91,Renewable,808.28,751.28,21.0,Sell,31,Verified,12024.31,Low_Demand,2504.42,0
C073,Steel,2025-11-23,1887.34,Mixed Fuel,971.82,1157.8200000000002,34.38,Buy,178,Verified,6735.62,High_Demand,2562.56,1
C045,Energy,2025-09-14,2197.33,Renewable,1289.83,1430.83,29.1,Buy,74,Disputed,11563.43,High_Demand,2240.7,1
C022,Energy,2024-05-06,1580.83,Natural Gas,1214.62,1188.62,20.53,Sell,28,Disputed,11537.04,Price_Surge,2869.28,0
C040,Steel,2024-09-01,1914.31,Coal,1214.23,1256.23,33.61,Sell,121,Verified,17605.93,Price_Surge,1272.22,0
C061,Steel,2024-11-30,2172.19,Mixed Fuel,1112.57,1027.57,27.61,Buy,157,Disputed,18459.71,Price_Surge,632.19,1
C030,Steel,2024-06-12,534.71,Mixed Fuel,288.1,396.1,21.16,Sell,145,Verified,6748.72,Price_Surge,1161.48,0
C042,Cement,2025-07-25,1947.5,Renewable,815.13,769.13,28.32,Sell,49,Disputed,13995.99,Low_Demand,2352.43,0
C027,Manufacturing,2025-01-02,2868.96,Mixed Fuel,2271.8,2146.8,28.49,Buy,132,Disputed,7527.91,Price_Surge,1149.54,1
C024,Energy,2025-01-24,941.58,Coal,403.17,522.1700000000001,31.5,Sell,119,Verified,11825.64,Low_Demand,1771.66,0
C096,Cement,2024-06-28,1694.27,Renewable,664.39,545.39,27.33,Sell,43,Disputed,10397.6,Low_Demand,1358.24,0
C061,Steel,2024-03-05,1497.66,Renewable,1192.83,1325.83,27.3,Sell,116,Disputed,16214.56,Low_Demand,2332.22,0
C004,Steel,2024-05-01,2881.01,Renewable,1652.22,1708.22,21.39,Buy,173,Verified,18842.61,Price_Surge,2837.51,1
C083,Steel,2024-09-05,1384.96,Renewable,432.54,316.54,32.76,Sell,73,Disputed,9581.57,High_Demand,1480.25,0
C027,Cement,2025-07-08,2794.74,Renewable,1292.5,1316.5,33.98,Buy,60,Verified,19604.02,Low_Demand,1511.65,1
C021,Cement,2024-03-02,879.22,Mixed Fuel,531.63,488.63,34.14,Sell,90,Verified,6774.78,Low_Demand,2461.98,0
C070,Manufacturing,2024-07-22,1830.4,Coal,1379.6,1361.6,20.21,Sell,82,Disputed,18759.27,High_Demand,1969.34,0
C044,Energy,2025-11-02,573.32,Renewable,398.68,354.68,29.14,Buy,190,Verified,8706.49,High_Demand,1660.6,1
C048,Energy,2025-11-01,2973.82,Renewable,2115.18,2169.18,20.1,Sell,111,Disputed,12584.26,Low_Demand,2305.97,0
C005,Cement,2025-02-14,1768.97,Coal,1154.51,1012.51,27.51,Sell,128,Verified,14899.09,Low_Demand,2454.25,0
C051,Steel,2024-12-15,576.78,Renewable,385.19,496.19,30.88,Sell,65,Disputed,15927.56,High_Demand,1252.67,0
C094,Energy,2025-08-03,1111.98,Natural Gas,527.21,632.21,28.57,Buy,144,Disputed,19953.98,Low_Demand,2497.65,1
C064,Manufacturing,2024-06-11,2343.5,Natural Gas,1100.16,1251.16,30.65,Buy,87,Verified,5724.5,Price_Surge,2515.76,1
C025,Energy,2025-01-09,2516.06,Natural Gas,1121.48,967.48,34.33,Buy,36,Verified,13086.43,High_Demand,2080.86,1
C092,Steel,2025-08-06,2089.53,Renewable,1157.46,1309.46,22.04,Buy,66,Disputed,9740.21,High_Demand,1525.97,1
C005,Energy,2024-08-06,888.43,Natural Gas,319.54,307.54,31.02,Buy,188,Verified,14161.72,High_Demand,681.16,1
C048,Energy,2024-01-13,2534.93,Natural Gas,1074.58,1023.5799999999999,21.79,Buy,60,Verified,10979.33,High_Demand,1998.25,1
C030,Manufacturing,2025-05-06,2130.08,Mixed Fuel,1516.67,1637.67,32.32,Sell,123,Disputed,8793.25,Low_Demand,2343.9,0
C089,Cement,2025-08-14,2166.93,Mixed Fuel,1090.87,1150.87,33.48,Buy,115,Disputed,12057.71,Low_Demand,767.31,1
C016,Energy,2025-05-06,2152.82,Coal,1403.27,1229.27,23.08,Buy,123,Verified,7792.68,High_Demand,2781.4,1
C010,Manufacturing,2025-02-05,2972.09,Coal,898.85,1079.85,23.5,Buy,197,Disputed,13496.34,High_Demand,1572.63,1
C054,Energy,2024-01-09,737.11,Renewable,245.83,144.83,26.48,Buy,143,Disputed,12650.14,Price_Surge,2803.44,1
C030,Steel,2025-01-11,872.91,Natural Gas,595.18,728.18,20.07,Sell,113,Verified,8086.93,High_Demand,519.39,0
C089,Energy,2024-07-18,2377.85,Mixed Fuel,1674.87,1523.87,26.15,Sell,142,Verified,18759.15,Price_Surge,845.1,0
C006,Steel,2024-10-16,867.61,Natural Gas,360.54,359.54,28.7,Sell,115,Verified,10084.93,High_Demand,765.5,0
C084,Cement,2025-10-10,2127.72,Renewable,651.28,734.28,27.31,Buy,86,Verified,10711.89,Price_Surge,522.45,1
C097,Energy,2025-09-25,619.21,Coal,197.79,187.79,33.65,Buy,154,Verified,19133.58,High_Demand,2255.52,1
C051,Energy,2025-05-23,2336.2,Coal,747.41,932.41,20.48,Buy,86,Verified,6725.83,High_Demand,2906.18,1
C045,Energy,2024-04-01,1217.11,Coal,742.68,714.68,32.34,Buy,140,Disputed,6737.4,High_Demand,1975.71,1
C092,Steel,2025-09-04,2799.58,Mixed Fuel,1828.02,1689.02,30.27,Sell,182,Disputed,9124.32,Price_Surge,521.4,0
C024,Energy,2024-05-03,1022.27,Coal,544.86,700.86,22.57,Buy,100,Verified,7633.25,High_Demand,1384.32,1
C070,Manufacturing,2024-07-12,1961.38,Natural Gas,616.29,801.29,25.01,Buy,31,Verified,16883.3,Price_Surge,2312.34,1
C044,Manufacturing,2024-12-09,2571.25,Coal,1653.14,1473.14,33.57,Sell,195,Verified,14410.73,High_Demand,549.72,0
C050,Manufacturing,2024-12-25,703.85,Renewable,353.16,310.16,23.89,Sell,101,Verified,16496.12,Low_Demand,841.6,0
C039,Steel,2024-10-25,2096.22,Mixed Fuel,760.64,674.64,30.55,Buy,177,Verified,17625.7,Price_Surge,555.62,1
C089,Manufacturing,2024-09-16,1695.64,Renewable,1211.8,1318.8,26.32,Sell,50,Verified,17370.78,High_Demand,717.88,0
C014,Cement,2024-10-02,1741.99,Coal,532.28,723.28,29.52,Sell,103,Verified,19889.97,Low_Demand,2172.01,0
C099,Cement,2025-11-09,2272.2,Renewable,1212.4,1391.4,28.97,Sell,174,Verified,17077.61,Low_Demand,689.19,0
C041,Steel,2024-06-08,1605.72,Natural Gas,1204.09,1260.09,25.17,Sell,195,Disputed,17780.97,Price_Surge,2483.13,0
C075,Energy,2024-01-29,1127.3,Renewable,542.76,645.76,32.13,Buy,150,Disputed,10323.55,Price_Surge,1124.47,1
C006,Manufacturing,2024-07-25,2121.77,Mixed Fuel,1094.88,1087.88,24.51,Sell,104,Verified,14220.93,Price_Surge,2399.24,0
C017,Manufacturing,2025-02-07,2001.99,Mixed Fuel,1198.14,1293.14,30.47,Sell,49,Verified,5565.17,Low_Demand,571.64,0
C073,Energy,2024-06-07,909.12,Mixed Fuel,650.84,708.84,30.44,Sell,184,Verified,9935.53,Price_Surge,2542.14,0
C050,Cement,2024-01-02,2371.87,Natural Gas,1026.43,1169.43,32.28,Sell,94,Disputed,11559.3,High_Demand,909.19,0
C047,Manufacturing,2024-05-23,690.43,Renewable,371.34,428.34,33.74,Buy,65,Disputed,13021.49,Low_Demand,2022.97,1
C083,Manufacturing,2024-10-27,1263.42,Mixed Fuel,774.09,700.09,21.38,Buy,37,Disputed,17633.2,Low_Demand,2113.07,1
C034,Steel,2024-10-31,938.5,Mixed Fuel,724.12,546.12,25.09,Sell,67,Disputed,5175.91,High_Demand,1496.62,0
C060,Energy,2025-11-03,2414.05,Mixed Fuel,951.83,868.83,25.9,Buy,41,Verified,10690.96,Price_Surge,2198.39,1
C042,Cement,2024-09-13,1138.76,Mixed Fuel,670.99,527.99,24.1,Sell,150,Disputed,18118.69,Low_Demand,1340.47,0
C065,Manufacturing,2024-09-08,2217.66,Renewable,970.54,860.54,31.82,Sell,174,Verified,18315.08,High_Demand,1501.29,0
C041,Steel,2024-07-03,1226.09,Renewable,975.79,982.79,33.24,Sell,53,Verified,11396.9,Low_Demand,2658.71,0
C041,Steel,2024-06-20,2930.82,Renewable,2269.22,2332.22,20.41,Buy,35,Disputed,6379.38,Low_Demand,978.98,1
C090,Manufacturing,2025-07-24,2213.77,Renewable,1750.43,1758.43,31.43,Sell,184,Verified,18755.82,Price_Surge,1168.54,0
C012,Energy,2024-05-26,614.78,Mixed Fuel,329.4,388.4,25.04,Buy,58,Verified,15187.42,Low_Demand,1402.38,1
C075,Manufacturing,2025-07-08,1850.16,Coal,855.19,758.19,23.73,Buy,43,Disputed,18069.17,Price_Surge,963.7,1
C056,Energy,2024-06-22,510.56,Mixed Fuel,345.89,235.89,33.89,Buy,92,Disputed,19331.37,Low_Demand,2514.48,1
C006,Cement,2025-11-29,2490.96,Renewable,1043.13,970.1300000000001,23.47,Buy,147,Disputed,19749.19,High_Demand,2619.63,1
C080,Energy,2025-08-08,1623.93,Mixed Fuel,1045.0,1057.0,29.05,Sell,176,Disputed,10367.48,Low_Demand,2028.8,0
C035,Cement,2024-10-26,699.26,Renewable,488.0,545.0,33.31,Sell,65,Verified,12889.59,Low_Demand,1747.59,0
C047,Manufacturing,2024-02-12,1932.83,Mixed Fuel,1117.0,983.0,31.1,Sell,166,Verified,8642.52,Price_Surge,2182.49,0
C016,Steel,2024-10-18,1791.62,Mixed Fuel,809.37,957.37,31.07,Buy,103,Verified,15919.81,Low_Demand,1299.64,1
C085,Energy,2025-02-17,1639.48,Natural Gas,579.67,647.67,29.02,Buy,46,Disputed,6625.95,Price_Surge,1494.08,1
C003,Cement,2024-12-02,1493.43,Renewable,841.95,774.95,20.08,Sell,87,Verified,9666.27,Price_Surge,1434.98,0
C055,Steel,2025-07-29,956.13,Natural Gas,446.33,414.33,24.49,Buy,123,Disputed,19299.52,High_Demand,2375.85,1
C097,Manufacturing,2025-12-02,1032.47,Coal,736.52,880.52,25.1,Sell,106,Verified,17813.39,Price_Surge,2509.02,0
C066,Steel,2024-02-09,1352.17,Mixed Fuel,759.67,572.67,25.42,Sell,136,Verified,9436.17,Low_Demand,1194.51,0
C054,Energy,2024-01-03,1726.38,Renewable,761.87,735.87,32.38,Buy,73,Verified,17190.81,Low_Demand,1819.2,1
C083,Energy,2024-11-25,917.32,Natural Gas,419.14,567.14,22.34,Buy,156,Disputed,16445.84,High_Demand,1778.39,1
C012,Manufacturing,2025-04-13,774.58,Coal,295.63,267.63,21.35,Buy,187,Disputed,6339.24,Price_Surge,1366.58,1
C001,Cement,2024-08-20,1457.2,Coal,1133.51,1142.51,28.43,Buy,23,Verified,5970.64,High_Demand,2792.3,1
C080,Manufacturing,2025-11-23,1219.35,Natural Gas,473.37,303.37,33.52,Buy,174,Verified,9964.6,Price_Surge,2191.8,1
C089,Manufacturing,2025-12-28,1234.28,Natural Gas,965.73,807.73,22.45,Sell,114,Disputed,10034.43,Price_Surge,604.19,0
C090,Energy,2025-03-26,2735.59,Renewable,1440.02,1609.02,25.99,Sell,43,Disputed,16972.91,Low_Demand,1745.82,0
C030,Cement,2025-09-02,2344.37,Natural Gas,1875.03,1867.03,29.35,Sell,72,Verified,9954.28,Price_Surge,2833.5,0
C044,Manufacturing,2024-06-01,917.1,Renewable,644.16,803.16,33.06,Buy,196,Verified,19872.01,Price_Surge,2907.31,1
C014,Cement,2024-08-16,667.47,Natural Gas,218.73,99.72999999999999,28.77,Buy,127,Disputed,17383.86,High_Demand,971.39,1
C092,Energy,2024-02-11,2267.93,Natural Gas,874.68,754.68,34.19,Buy,99,Verified,7761.93,Low_Demand,2347.39,1
C071,Steel,2025-10-12,2718.09,Natural Gas,1120.19,1243.19,20.17,Sell,81,Disputed,12680.09,Price_Surge,2624.49,0
C023,Cement,2025-03-01,1384.41,Mixed Fuel,871.22,915.22,23.26,Buy,129,Verified,18215.01,Low_Demand,2648.34,1
C066,Steel,2025-08-22,2943.26,Coal,1057.18,1068.18,26.88,Buy,117,Verified,18104.33,High_Demand,1920.51,1
C012,Energy,2024-10-16,1508.82,Natural Gas,958.08,1079.08,22.75,Sell,63,Disputed,6872.84,Price_Surge,2232.04,0
C034,Steel,2025-04-02,614.9,Renewable,394.15,518.15,32.48,Buy,23,Verified,16368.29,Low_Demand,2704.3,1
C039,Steel,2024-09-23,2964.49,Natural Gas,920.42,1074.42,23.13,Sell,99,Verified,14516.41,Low_Demand,2288.95,0
C086,Cement,2024-05-19,736.23,Mixed Fuel,385.73,402.73,23.7,Buy,189,Disputed,17671.18,High_Demand,1692.87,1
C073,Steel,2024-02-29,622.4,Coal,482.55,398.55,26.78,Sell,21,Disputed,5291.17,Low_Demand,1407.26,0
C029,Cement,2024-12-12,2118.19,Coal,801.39,768.39,27.81,Buy,95,Verified,14730.0,Low_Demand,1647.26,1
C072,Cement,2025-08-11,1356.35,Mixed Fuel,622.75,539.75,33.06,Buy,110,Verified,11283.44,Low_Demand,1872.96,1
C033,Steel,2024-07-24,1221.2,Mixed Fuel,758.82,746.82,31.14,Sell,107,Disputed,16395.35,Price_Surge,1865.57,0
C026,Manufacturing,2025-06-10,2891.32,Renewable,1304.92,1493.92,28.18,Buy,147,Verified,19221.93,Low_Demand,2021.29,1
C091,Energy,2025-08-14,530.7,Mixed Fuel,407.35,472.35,23.09,Buy,49,Verified,7050.39,High_Demand,998.35,1
C021,Energy,2025-01-26,1657.09,Natural Gas,971.73,824.73,33.41,Sell,97,Verified,19692.26,Price_Surge,2160.92,0
C084,Manufacturing,2024-06-21,1985.26,Mixed Fuel,1559.93,1373.93,21.31,Sell,31,Disputed,16823.24,Low_Demand,2979.21,0
C015,Steel,2024-05-15,1399.3,Mixed Fuel,697.48,798.48,33.67,Buy,159,Disputed,14146.07,Price_Surge,801.91,1
C035,Cement,2024-03-11,2890.15,Natural Gas,1352.77,1515.77,28.3,Buy,53,Disputed,14806.31,Low_Demand,1742.15,1
C059,Steel,2024-01-17,2335.76,Mixed Fuel,768.08,894.08,32.28,Sell,93,Verified,6967.5,Low_Demand,1490.7,0
C043,Cement,2024-02-17,2564.92,Natural Gas,1154.07,1179.07,29.25,Buy,51,Disputed,11714.55,Price_Surge,2976.73,1
C041,Cement,2024-08-13,584.85,Renewable,462.6,433.6,31.94,Buy,53,Verified,7244.32,Low_Demand,1409.34,1
C021,Cement,2025-09-25,851.49,Mixed Fuel,617.85,795.85,29.8,Buy,149,Disputed,7007.64,Low_Demand,1783.41,1
C021,Manufacturing,2024-11-22,2059.91,Natural Gas,795.17,925.17,26.95,Buy,87,Disputed,19667.33,Price_Surge,1969.98,1
C005,Manufacturing,2025-11-29,2184.95,Coal,1083.31,1072.31,25.8,Buy,176,Disputed,14653.28,Low_Demand,1001.17,1
C037,Energy,2025-11-21,1129.27,Natural Gas,481.74,296.74,24.79,Sell,144,Verified,10391.95,Price_Surge,2594.49,0
C045,Steel,2025-05-10,2697.37,Mixed Fuel,1446.68,1623.68,31.24,Buy,165,Verified,6522.57,Low_Demand,1196.05,1
C054,Energy,2024-08-14,1956.53,Renewable,1082.3,1061.3,30.1,Buy,158,Disputed,14030.23,Low_Demand,2148.72,1
C066,Steel,2024-02-16,1945.21,Renewable,1117.91,998.9100000000001,28.91,Sell,137,Disputed,18706.04,Low_Demand,673.12,0
C089,Cement,2025-10-24,1932.65,Mixed Fuel,739.8,542.8,25.71,Sell,198,Disputed,8920.82,Low_Demand,1406.14,0
C030,Energy,2024-08-25,1881.32,Natural Gas,915.86,881.86,28.32,Sell,140,Disputed,6986.71,High_Demand,2044.21,0
C042,Cement,2024-06-27,2231.74,Natural Gas,812.19,927.19,20.01,Sell,67,Verified,7244.13,Price_Surge,543.26,0
C021,Steel,2024-10-15,827.27,Coal,571.04,507.03999999999996,34.27,Sell,138,Verified,13472.29,Price_Surge,2299.66,0
C020,Energy,2025-09-01,2786.26,Renewable,1149.05,996.05,21.53,Buy,168,Disputed,16040.36,Price_Surge,2004.66,1
C072,Manufacturing,2024-07-22,2910.52,Mixed Fuel,1476.82,1518.82,24.44,Sell,132,Disputed,11593.68,Price_Surge,1288.21,0
C089,Manufacturing,2025-05-31,2261.42,Coal,1736.4,1616.4,29.83,Buy,193,Verified,14993.61,Price_Surge,1961.8,1
C020,Cement,2025-10-09,2678.18,Mixed Fuel,2113.58,1941.58,23.16,Sell,166,Verified,8312.15,High_Demand,614.12,0
C060,Energy,2024-08-10,1524.71,Renewable,585.23,460.23,24.93,Sell,114,Verified,14735.43,Low_Demand,1715.88,0
C085,Steel,2024-08-24,1896.45,Natural Gas,1139.92,983.9200000000001,34.92,Sell,45,Disputed,13257.23,Low_Demand,2829.58,0
C001,Steel,2024-08-26,826.49,Natural Gas,608.1,420.1,24.37,Buy,23,Disputed,15902.18,High_Demand,957.38,1
C006,Energy,2025-12-20,2419.51,Coal,1249.28,1145.28,32.88,Sell,76,Verified,6619.87,Price_Surge,2604.37,0
C096,Cement,2024-04-20,1696.58,Coal,843.89,887.89,23.2,Sell,111,Verified,8877.22,High_Demand,870.03,0
C069,Cement,2025-02-23,818.46,Natural Gas,286.45,486.45,27.74,Buy,188,Disputed,8655.72,Price_Surge,699.88,1
C024,Cement,2024-07-02,2377.49,Renewable,924.83,766.83,20.36,Buy,129,Verified,18566.0,Low_Demand,1199.72,1
C088,Manufacturing,2025-04-02,2236.61,Coal,1682.23,1566.23,23.17,Sell,197,Verified,11656.3,Price_Surge,2920.99,0
C084,Manufacturing,2024-12-07,2739.06,Renewable,1217.52,1252.52,22.14,Buy,149,Verified,13089.53,High_Demand,2464.56,1
C020,Manufacturing,2025-05-25,1156.08,Natural Gas,584.94,548.94,22.03,Sell,104,Disputed,6211.88,High_Demand,2656.3,0
C075,Steel,2025-09-02,882.39,Mixed Fuel,343.93,291.93,33.97,Buy,191,Verified,18633.98,High_Demand,715.27,1
C004,Manufacturing,2024-11-02,1084.8,Natural Gas,469.99,512.99,29.13,Buy,171,Disputed,12191.85,High_Demand,2963.11,1
C038,Energy,2024-04-04,2474.7,Natural Gas,1668.02,1846.02,28.98,Sell,49,Disputed,18899.04,High_Demand,577.87,0
C092,Manufacturing,2025-04-04,831.59,Renewable,552.12,699.12,26.26,Sell,92,Verified,12415.84,Price_Surge,1127.88,0
C010,Cement,2024-07-21,2256.92,Mixed Fuel,1662.45,1822.45,28.35,Sell,110,Disputed,15030.48,Price_Surge,599.37,0
C073,Cement,2024-05-04,1275.89,Coal,770.82,570.82,33.69,Buy,74,Disputed,18987.39,High_Demand,2886.3,1
C039,Manufacturing,2024-10-10,1971.08,Renewable,1479.97,1541.97,33.37,Buy,196,Verified,17959.16,Price_Surge,1439.75,1
C026,Cement,2025-07-20,2020.6,Natural Gas,1484.98,1361.98,21.38,Sell,163,Disputed,16754.85,Low_Demand,603.93,0
C087,Manufacturing,2024-10-16,2113.21,Coal,880.23,1067.23,28.07,Buy,68,Verified,9043.81,Price_Surge,2061.62,1
C073,Cement,2025-07-14,1524.6,Mixed Fuel,713.0,723.0,25.69,Sell,59,Verified,16058.91,High_Demand,1956.97,0
C060,Steel,2024-02-29,2290.38,Coal,798.82,799.82,24.65,Buy,55,Disputed,18165.33,Low_Demand,1510.23,1
C024,Steel,2024-01-21,2318.3,Renewable,1175.33,1234.33,20.7,Sell,130,Disputed,18804.15,Low_Demand,2597.44,0
C096,Steel,2024-10-10,1229.03,Coal,845.51,1007.51,26.58,Buy,158,Verified,7786.99,High_Demand,1805.07,1
C073,Cement,2025-05-22,2301.94,Mixed Fuel,1604.6,1728.6,28.77,Buy,39,Disputed,17405.28,Price_Surge,943.62,1
C090,Cement,2025-06-04,1535.82,Renewable,1224.96,1146.96,22.27,Buy,50,Verified,18645.09,Price_Surge,1369.32,1
C028,Cement,2024-07-23,2653.19,Renewable,1640.59,1598.59,22.73,Buy,77,Verified,15151.41,High_Demand,1870.82,1
C074,Manufacturing,2024-01-13,565.07,Renewable,374.66,493.66,20.2,Sell,158,Disputed,7796.45,High_Demand,768.48,0
C077,Cement,2024-09-10,994.32,Mixed Fuel,752.71,813.71,29.0,Buy,21,Verified,14080.95,Price_Surge,1341.08,1
C019,Steel,2025-10-22,1853.86,Coal,932.04,779.04,26.53,Buy,70,Verified,19740.0,Low_Demand,2026.19,1
C096,Cement,2025-02-03,529.74,Renewable,189.47,294.47,24.59,Sell,191,Verified,9394.26,Low_Demand,1172.65,0
C072,Manufacturing,2025-06-04,980.82,Mixed Fuel,697.25,707.25,24.97,Buy,120,Disputed,16296.3,High_Demand,851.5,1
C089,Cement,2024-10-06,2866.31,Renewable,1731.21,1592.21,21.32,Sell,36,Verified,15368.24,Price_Surge,2973.59,0
C031,Cement,2024-08-25,1738.27,Coal,1076.94,948.94,31.78,Sell,135,Disputed,17075.0,High_Demand,2589.17,0
C060,Steel,2024-02-17,1822.6,Renewable,659.58,695.58,25.47,Buy,177,Verified,12012.91,High_Demand,2406.06,1
C026,Manufacturing,2024-04-16,1664.96,Coal,667.94,479.94000000000005,28.93,Buy,123,Verified,7940.51,Low_Demand,2631.38,1
C001,Manufacturing,2025-05-20,1961.64,Renewable,1134.74,1160.74,27.29,Buy,145,Disputed,16557.55,High_Demand,1802.01,1
C067,Energy,2025-02-09,513.03,Coal,223.79,358.78999999999996,33.76,Buy,92,Disputed,15931.46,Low_Demand,886.47,1
C079,Manufacturing,2024-07-03,2053.39,Coal,761.2,954.2,20.19,Buy,62,Disputed,14880.04,Low_Demand,786.44,1
C036,Steel,2024-03-19,1947.86,Renewable,1370.69,1436.69,32.54,Sell,70,Verified,15212.18,Low_Demand,2653.8,0
C040,Manufacturing,2025-09-07,1563.87,Mixed Fuel,865.15,821.15,34.82,Buy,148,Disputed,19393.7,High_Demand,1347.13,1
C094,Steel,2025-06-21,1791.68,Natural Gas,1407.31,1452.31,29.56,Sell,90,Verified,7571.89,High_Demand,702.02,0
C074,Cement,2025-10-03,2322.38,Coal,1631.06,1550.06,31.97,Sell,40,Verified,15237.85,Price_Surge,2514.06,0
C085,Energy,2024-12-26,1536.79,Coal,1224.31,1205.31,34.28,Sell,118,Verified,15041.87,Price_Surge,2340.29,0
C085,Steel,2024-02-29,2173.32,Natural Gas,665.76,555.76,25.49,Buy,40,Disputed,18043.3,Price_Surge,2333.74,1
C040,Energy,2024-09-20,2272.3,Mixed Fuel,1005.75,1080.75,30.29,Buy,107,Disputed,15162.12,High_Demand,1393.57,1
C031,Manufacturing,2024-09-13,559.86,Coal,195.37,20.370000000000005,30.34,Buy,49,Verified,10800.51,Price_Surge,2225.9,1
C025,Manufacturing,2025-08-01,2782.75,Renewable,1023.58,1041.58,29.12,Buy,157,Disputed,10264.46,Price_Surge,1869.71,1
C098,Cement,2024-08-24,1013.05,Coal,697.32,838.32,33.73,Sell,117,Disputed,16707.12,High_Demand,1926.7,0
C080,Steel,2024-01-14,729.62,Coal,400.62,200.62,26.57,Sell,66,Verified,16800.58,High_Demand,1689.99,0
C045,Energy,2025-03-13,2493.5,Mixed Fuel,1856.56,2034.56,22.1,Sell,156,Disputed,13197.66,Price_Surge,1936.77,0
C053,Steel,2025-06-18,2523.22,Natural Gas,1406.43,1438.43,31.73,Sell,87,Disputed,14316.51,High_Demand,2499.73,0
C037,Energy,2024-11-29,1436.36,Natural Gas,577.92,689.92,27.67,Sell,80,Disputed,10940.44,Price_Surge,540.66,0
C032,Manufacturing,2024-07-07,2471.91,Renewable,1894.72,1949.72,23.84,Buy,180,Disputed,7394.11,High_Demand,1746.67,1
C034,Manufacturing,2024-09-01,1099.02,Renewable,407.25,287.25,22.8,Buy,150,Verified,16425.93,Price_Surge,646.39,1
C069,Steel,2024-10-26,774.29,Renewable,573.5,671.5,26.97,Buy,87,Verified,14449.16,High_Demand,2117.91,1
C071,Energy,2024-02-14,1531.13,Natural Gas,489.86,460.86,31.81,Buy,165,Disputed,7907.18,High_Demand,1894.64,1
C079,Steel,2024-10-04,2237.9,Natural Gas,1744.06,1606.06,34.25,Sell,163,Verified,14440.62,Low_Demand,935.36,0
C018,Steel,2024-08-10,895.23,Coal,456.08,374.08,23.7,Sell,43,Disputed,14399.05,Low_Demand,1567.27,0
C094,Cement,2025-07-12,2875.85,Natural Gas,1516.57,1505.57,29.29,Buy,166,Disputed,15241.17,Low_Demand,1985.36,1
C032,Manufacturing,2025-05-23,2710.93,Mixed Fuel,1709.16,1650.16,27.07,Buy,139,Verified,5929.9,High_Demand,590.73,1
C023,Energy,2025-12-08,1160.99,Coal,514.31,533.31,33.83,Sell,49,Disputed,18867.2,High_Demand,2952.9,0
C068,Cement,2025-05-14,1237.11,Natural Gas,734.7,933.7,27.14,Sell,125,Disputed,17451.89,Price_Surge,1541.5,0
C026,Manufacturing,2025-09-05,1135.39,Coal,492.75,541.75,30.51,Buy,97,Verified,17351.23,High_Demand,2482.08,1
C074,Manufacturing,2025-12-07,1290.55,Natural Gas,685.45,679.45,33.86,Sell,165,Verified,15377.02,High_Demand,1846.48,0
C027,Cement,2024-01-01,2851.41,Mixed Fuel,1450.95,1369.95,30.95,Sell,30,Disputed,9303.5,Low_Demand,2655.93,0
C012,Energy,2025-10-02,2668.07,Renewable,1685.96,1772.96,33.86,Sell,191,Disputed,5860.46,Low_Demand,2633.89,0
C034,Manufacturing,2024-07-17,1760.16,Natural Gas,605.8,623.8,34.13,Sell,89,Verified,17656.25,Low_Demand,2741.07,0
C033,Steel,2025-11-27,1520.3,Renewable,1059.45,1059.45,30.42,Buy,138,Verified,7532.7,Low_Demand,2412.28,1
C025,Energy,2025-10-20,1499.87,Natural Gas,970.56,1152.56,27.63,Sell,83,Verified,15057.85,Price_Surge,2603.42,0
C059,Energy,2025-11-09,1299.4,Natural Gas,727.02,703.02,20.98,Sell,25,Disputed,6094.6,High_Demand,2564.03,0
C098,Energy,2024-12-19,2060.75,Mixed Fuel,672.14,758.14,22.67,Sell,22,Disputed,18169.33,High_Demand,2567.48,0
C024,Energy,2024-12-16,1709.42,Coal,959.53,983.53,28.38,Buy,88,Disputed,18907.46,Price_Surge,2179.67,1
C040,Steel,2024-12-18,1350.93,Coal,408.04,348.04,27.14,Buy,176,Verified,11049.02,Low_Demand,1410.33,1
C043,Cement,2025-11-25,2414.64,Coal,1568.28,1751.28,31.38,Sell,165,Disputed,10962.04,Low_Demand,1119.38,0
C080,Energy,2025-08-23,1572.14,Coal,741.6,632.6,28.49,Sell,94,Disputed,10555.83,Price_Surge,2284.54,0
C093,Manufacturing,2024-04-03,1918.93,Coal,911.06,716.06,23.73,Sell,34,Disputed,12867.63,Low_Demand,1029.72,0
C046,Manufacturing,2024-11-18,530.56,Natural Gas,393.69,344.69,24.91,Sell,32,Verified,5348.0,High_Demand,1729.1,0
C075,Cement,2024-08-27,1671.69,Natural Gas,541.81,492.80999999999995,20.42,Buy,158,Verified,14362.01,High_Demand,1597.65,1
C024,Energy,2024-09-03,2878.68,Mixed Fuel,1810.3,1611.3,30.09,Buy,87,Disputed,12743.83,High_Demand,1513.81,1
C093,Energy,2024-08-20,1795.88,Renewable,740.69,803.69,21.21,Buy,177,Verified,13522.5,Price_Surge,1050.85,1
C003,Cement,2025-08-13,2847.8,Coal,2007.86,1879.86,30.23,Buy,56,Disputed,6597.57,Low_Demand,2914.17,1
C023,Steel,2025-09-04,1069.82,Natural Gas,672.8,771.8,30.38,Sell,148,Disputed,15721.04,Low_Demand,1051.36,0
C084,Manufacturing,2025-08-25,2490.27,Mixed Fuel,1775.99,1864.99,33.99,Sell,191,Disputed,6848.46,Price_Surge,2602.13,0
C056,Steel,2024-01-02,1976.21,Natural Gas,859.99,976.99,30.88,Sell,139,Verified,10285.07,High_Demand,2379.85,0
C053,Manufacturing,2025-09-22,2557.35,Mixed Fuel,1106.51,1298.51,34.7,Buy,21,Verified,16357.75,Low_Demand,1190.26,1
C063,Steel,2025-04-11,2060.43,Coal,1626.44,1572.44,24.6,Sell,180,Disputed,10106.9,High_Demand,2291.87,0
C079,Energy,2025-09-11,1966.86,Coal,1000.64,1122.6399999999999,32.53,Sell,115,Disputed,18937.08,Low_Demand,924.25,0
C043,Steel,2024-04-12,1695.01,Coal,1241.85,1059.85,26.22,Buy,26,Disputed,11332.43,High_Demand,1839.65,1
C088,Steel,2025-08-13,1169.4,Mixed Fuel,465.85,369.85,23.83,Buy,51,Verified,9434.78,High_Demand,2659.13,1
C037,Manufacturing,2024-09-15,2349.9,Mixed Fuel,866.44,1017.44,33.73,Sell,142,Verified,17251.63,Price_Surge,529.21,0
C003,Energy,2025-07-15,2532.33,Coal,1601.99,1766.99,26.87,Buy,123,Disputed,8695.81,Price_Surge,2366.81,1
C027,Steel,2025-06-17,1561.65,Natural Gas,1105.38,934.3800000000001,30.06,Sell,82,Verified,16899.52,Price_Surge,2940.38,0
C032,Manufacturing,2024-10-05,554.04,Natural Gas,205.98,329.98,28.69,Sell,184,Verified,5236.22,Low_Demand,2003.81,0
C081,Steel,2024-04-05,2886.03,Mixed Fuel,2279.78,2419.78,22.42,Buy,160,Verified,16285.09,Low_Demand,821.38,1
C039,Steel,2025-01-01,2916.48,Mixed Fuel,1889.55,1705.55,26.33,Buy,181,Disputed,10596.45,Low_Demand,1389.13,1
C056,Energy,2025-02-13,2210.01,Renewable,834.59,787.59,23.02,Sell,64,Verified,11296.29,Low_Demand,748.69,0
C077,Steel,2025-12-11,2308.05,Coal,1244.92,1102.92,27.35,Sell,88,Verified,12791.32,Price_Surge,1321.22,0
C032,Cement,2024-02-09,1688.39,Mixed Fuel,919.09,739.09,29.26,Sell,99,Disputed,15578.29,High_Demand,2263.35,0
C091,Steel,2024-03-10,1574.54,Natural Gas,631.03,809.03,22.48,Buy,158,Verified,17625.91,Low_Demand,2191.63,1
C074,Steel,2024-03-28,1897.05,Mixed Fuel,905.27,1058.27,24.53,Buy,176,Verified,18929.97,Low_Demand,1811.95,1
C097,Steel,2024-02-20,1939.82,Renewable,878.43,1033.4299999999998,21.74,Sell,114,Disputed,8184.62,Price_Surge,1350.24,0
C055,Manufacturing,2024-05-11,668.75,Mixed Fuel,280.28,384.28,28.37,Buy,147,Verified,7608.99,Price_Surge,1400.33,1
C026,Cement,2025-04-04,808.24,Mixed Fuel,288.37,195.37,34.48,Buy,96,Verified,9570.02,High_Demand,1684.17,1
C067,Cement,2024-03-12,2380.56,Coal,1679.17,1873.17,21.94,Buy,68,Disputed,5443.92,High_Demand,937.15,1
C034,Energy,2025-07-05,2611.14,Coal,1193.21,1170.21,29.17,Buy,43,Disputed,18773.89,Low_Demand,1932.41,1
C001,Manufacturing,2025-12-17,1639.26,Coal,667.28,533.28,22.66,Sell,28,Disputed,7257.13,High_Demand,1794.04,0
C049,Manufacturing,2024-02-26,2549.1,Mixed Fuel,1907.94,2027.94,34.64,Sell,65,Verified,16019.15,Low_Demand,2987.41,0
C012,Energy,2024-12-15,509.73,Renewable,208.4,374.4,32.13,Buy,197,Disputed,15069.33,Price_Surge,831.23,1
C018,Manufacturing,2024-12-15,2866.65,Coal,1037.56,1185.56,29.02,Buy,88,Verified,13677.23,Low_Demand,1470.82,1
C056,Manufacturing,2025-08-05,1873.42,Coal,859.97,841.97,20.64,Sell,148,Disputed,6952.11,Low_Demand,561.32,0
C038,Steel,2025-03-30,2357.71,Renewable,1420.01,1462.01,24.42,Buy,133,Disputed,15260.02,Price_Surge,1085.5,1
C046,Manufacturing,2025-10-17,2428.63,Natural Gas,911.72,1030.72,26.5,Buy,43,Verified,9429.03,Price_Surge,755.1,1
C098,Steel,2025-07-06,723.93,Mixed Fuel,391.3,248.3,23.77,Sell,117,Verified,16244.22,Low_Demand,1844.15,0
C022,Energy,2024-03-14,564.47,Coal,303.74,190.74,26.99,Sell,168,Verified,13615.99,Price_Surge,682.73,0
C027,Manufacturing,2025-12-10,2350.1,Coal,762.83,748.83,29.76,Sell,59,Disputed,13154.08,Price_Surge,2711.2,0
C022,Cement,2025-02-09,710.59,Natural Gas,502.27,516.27,21.14,Sell,75,Verified,16959.07,Low_Demand,1006.84,0
C041,Steel,2025-10-28,1819.89,Renewable,556.97,680.97,22.16,Sell,197,Disputed,7452.02,High_Demand,2403.03,0
C009,Cement,2024-10-28,2778.32,Renewable,1806.99,1945.99,31.85,Buy,121,Verified,10958.57,Price_Surge,990.43,1
C021,Steel,2025-07-17,704.66,Natural Gas,292.05,486.05,22.8,Sell,100,Verified,14063.22,Low_Demand,2324.64,0
C059,Cement,2025-01-15,1479.01,Renewable,835.41,649.41,21.02,Buy,29,Disputed,6361.57,Price_Surge,2556.27,1
C055,Manufacturing,2024-11-29,2127.12,Coal,1125.05,963.05,28.21,Buy,129,Verified,15687.76,Price_Surge,1094.38,1
C084,Manufacturing,2024-07-16,627.91,Natural Gas,501.35,389.35,21.72,Sell,162,Verified,19821.7,High_Demand,1342.57,0
C047,Steel,2024-07-25,903.1,Mixed Fuel,569.18,758.18,33.67,Sell,98,Verified,8413.47,High_Demand,594.85,0
C078,Cement,2024-05-12,2348.61,Coal,1721.2,1732.2,25.16,Sell,186,Verified,18698.43,Price_Surge,2494.7,0
C063,Steel,2025-08-24,1708.85,Mixed Fuel,642.22,702.22,22.74,Sell,141,Disputed,11495.94,Low_Demand,1300.53,0
C024,Energy,2024-08-20,1170.57,Mixed Fuel,524.13,339.13,26.01,Sell,39,Verified,12218.35,Low_Demand,2418.54,0
C083,Steel,2024-09-26,1496.24,Natural Gas,644.8,692.8,33.62,Buy,200,Verified,6318.34,Low_Demand,2555.25,1
C002,Cement,2024-08-21,2827.06,Renewable,1044.45,1051.45,21.63,Buy,188,Disputed,5686.94,Low_Demand,2612.59,1
C031,Manufacturing,2024-07-17,1020.69,Coal,492.45,613.45,34.09,Buy,183,Verified,18538.94,Low_Demand,2382.61,1
C001,Steel,2024-10-08,2619.4,Renewable,1053.45,1246.45,32.93,Sell,101,Verified,8814.02,Low_Demand,776.87,0
C096,Cement,2025-05-11,1434.92,Mixed Fuel,693.82,882.82,33.42,Sell,120,Verified,17246.77,Price_Surge,2373.05,0
C030,Cement,2024-07-03,1231.99,Renewable,497.16,574.1600000000001,31.53,Buy,129,Disputed,13725.9,Price_Surge,517.44,1
C003,Steel,2024-06-25,992.71,Natural Gas,780.45,849.45,30.75,Sell,164,Verified,7363.72,Price_Surge,1510.13,0
C071,Cement,2024-05-01,2558.38,Renewable,1520.07,1556.07,33.85,Sell,109,Verified,15905.82,High_Demand,1565.02,0
C022,Cement,2024-06-18,1722.48,Renewable,1093.11,1149.11,20.12,Sell,194,Verified,16166.24,High_Demand,2981.37,0
C010,Steel,2024-10-14,673.51,Coal,205.73,111.72999999999999,31.83,Buy,90,Verified,15568.33,High_Demand,2950.54,1
C011,Steel,2025-12-14,1354.91,Renewable,528.56,561.56,23.27,Buy,180,Verified,15146.91,High_Demand,1387.14,1
C014,Manufacturing,2024-02-11,1843.67,Renewable,1315.15,1388.15,22.77,Sell,37,Disputed,18578.26,Low_Demand,1700.92,0
C004,Cement,2024-05-30,2016.4,Mixed Fuel,877.3,966.3,31.25,Sell,151,Disputed,11910.28,Low_Demand,2380.65,0
C029,Cement,2024-05-30,1120.57,Natural Gas,460.88,387.88,29.76,Buy,90,Verified,7757.99,Low_Demand,2836.15,1
C056,Energy,2024-11-19,2519.17,Natural Gas,781.33,615.33,29.07,Buy,157,Verified,12005.54,High_Demand,934.21,1
C034,Manufacturing,2024-06-20,1359.51,Natural Gas,1028.6,944.5999999999999,28.33,Sell,138,Disputed,12555.12,High_Demand,2633.08,0
C100,Cement,2024-06-27,1084.61,Mixed Fuel,708.62,537.62,34.76,Buy,58,Verified,19790.4,Low_Demand,925.53,1
C037,Steel,2025-12-03,2540.46,Mixed Fuel,2025.31,2056.31,22.3,Buy,127,Disputed,10608.19,Price_Surge,1244.6,1
C099,Manufacturing,2024-01-19,683.58,Renewable,471.35,278.35,27.0,Buy,196,Verified,15820.31,Price_Surge,1897.22,1
C059,Steel,2025-04-04,2468.96,Coal,1117.56,991.56,33.33,Sell,47,Disputed,17474.95,High_Demand,2056.62,0
C023,Manufacturing,2024-09-24,1454.64,Mixed Fuel,445.35,501.35,31.76,Sell,111,Verified,16180.52,Price_Surge,2334.79,0
C029,Steel,2025-10-28,2357.87,Renewable,1657.75,1482.75,24.34,Buy,32,Disputed,16995.09,Low_Demand,2327.44,1
C004,Steel,2025-05-22,2582.15,Mixed Fuel,1494.12,1511.12,33.82,Sell,71,Disputed,13682.39,Low_Demand,950.76,0
C026,Manufacturing,2024-11-23,2815.38,Coal,2098.83,2290.83,32.36,Buy,113,Verified,8365.88,Low_Demand,2003.57,1
C075,Manufacturing,2024-07-15,2356.26,Coal,961.84,761.84,32.22,Buy,197,Verified,6406.76,Price_Surge,1849.58,1
C078,Steel,2024-08-08,1658.12,Renewable,887.2,751.2,31.84,Buy,107,Disputed,9973.88,High_Demand,958.47,1
C019,Manufacturing,2024-01-30,1036.32,Mixed Fuel,774.56,972.56,27.59,Buy,22,Verified,9029.02,Low_Demand,2199.59,1
C076,Steel,2024-08-19,676.61,Mixed Fuel,368.61,506.61,32.05,Buy,168,Verified,9876.9,Price_Surge,2331.49,1
C089,Manufacturing,2025-03-24,1022.21,Mixed Fuel,543.12,409.12,20.97,Sell,165,Disputed,10708.63,Price_Surge,1114.38,0
C100,Steel,2025-11-09,1938.29,Natural Gas,671.49,582.49,29.45,Sell,124,Disputed,9061.9,Price_Surge,1315.06,0
C026,Energy,2024-10-10,1347.16,Renewable,1015.01,1180.01,28.01,Sell,196,Verified,15541.88,High_Demand,1679.88,0
C058,Cement,2025-11-05,597.85,Natural Gas,293.2,263.2,30.37,Sell,52,Verified,16815.8,Price_Surge,1411.19,0
C070,Cement,2025-12-13,658.47,Coal,489.95,676.95,25.26,Buy,199,Verified,9006.68,High_Demand,1231.39,1
C070,Cement,2024-05-13,1340.71,Coal,893.53,942.53,32.6,Buy,36,Disputed,7601.8,Price_Surge,770.2,1
C083,Cement,2025-02-19,2293.44,Coal,980.55,1093.55,26.27,Buy,24,Verified,7902.79,High_Demand,2515.87,1
C082,Manufacturing,2024-08-03,1851.33,Mixed Fuel,1166.45,1206.45,33.98,Sell,92,Verified,17834.08,High_Demand,1288.2,0
C059,Manufacturing,2024-12-01,1418.3,Renewable,1108.39,1303.39,28.59,Sell,62,Verified,17876.04,Low_Demand,2365.26,0
C008,Manufacturing,2024-10-29,1483.45,Renewable,896.4,722.4,24.21,Buy,141,Disputed,10875.3,Price_Surge,2671.15,1
C073,Energy,2025-05-01,2448.02,Coal,809.33,876.33,29.5,Sell,175,Disputed,14056.22,Low_Demand,2702.41,0
C044,Steel,2025-02-15,1006.98,Natural Gas,505.26,428.26,29.73,Sell,87,Disputed,15511.86,Price_Surge,2057.94,0
C083,Cement,2025-05-10,2091.99,Natural Gas,690.5,564.5,23.69,Buy,144,Disputed,12792.65,Low_Demand,1811.35,1
C025,Energy,2025-03-14,1976.69,Renewable,1110.73,1203.73,31.77,Buy,85,Verified,14675.47,Price_Surge,1897.11,1
C033,Manufacturing,2025-11-04,2849.37,Natural Gas,1961.76,2016.76,29.77,Sell,34,Disputed,5430.29,Low_Demand,1829.32,0
C038,Manufacturing,2025-08-20,1800.97,Natural Gas,1311.14,1358.14,30.04,Buy,105,Verified,5136.86,Price_Surge,1455.02,1
C057,Cement,2024-07-15,1935.59,Natural Gas,1503.85,1659.85,24.43,Buy,174,Verified,11180.58,Price_Surge,1676.27,1
C086,Manufacturing,2025-06-14,1695.6,Coal,1116.41,1090.41,20.45,Sell,68,Verified,6881.39,High_Demand,648.54,0
C059,Manufacturing,2024-01-18,509.09,Renewable,233.03,81.03,21.75,Buy,54,Verified,7474.79,High_Demand,1838.13,1
C079,Energy,2024-06-18,2753.04,Natural Gas,903.15,786.15,24.43,Sell,26,Verified,16520.49,Price_Surge,2554.95,0
C008,Cement,2025-10-30,2526.22,Natural Gas,1385.21,1356.21,22.96,Buy,61,Verified,13821.83,High_Demand,571.67,1
C036,Cement,2024-10-07,1472.78,Renewable,866.52,990.52,24.18,Sell,139,Verified,10590.63,Price_Surge,1555.91,0
C040,Manufacturing,2024-05-30,2801.54,Coal,1535.27,1552.27,30.7,Buy,20,Disputed,14057.2,Price_Surge,906.93,1
C077,Steel,2024-12-21,1080.58,Mixed Fuel,506.24,405.24,26.28,Sell,153,Disputed,17589.34,High_Demand,1081.27,0
C070,Energy,2025-04-19,2431.8,Natural Gas,1383.25,1428.25,31.04,Sell,197,Verified,17576.47,Price_Surge,2107.18,0
C069,Cement,2025-03-27,1038.73,Natural Gas,791.5,645.5,27.77,Sell,155,Verified,8082.48,Low_Demand,943.66,0
C040,Cement,2025-10-30,516.86,Renewable,291.41,261.41,21.42,Sell,178,Verified,13375.73,Low_Demand,992.59,0
C092,Energy,2024-12-04,2897.48,Natural Gas,1829.91,1939.91,20.2,Buy,111,Verified,7523.12,High_Demand,2242.39,1
C051,Cement,2024-09-02,1012.98,Renewable,315.48,252.48000000000002,34.68,Buy,141,Disputed,19154.0,Price_Surge,2136.93,1
C083,Steel,2024-06-15,687.87,Coal,351.5,261.5,28.67,Sell,135,Disputed,9067.73,Price_Surge,514.14,0
C025,Manufacturing,2025-01-31,2902.31,Renewable,1414.71,1603.71,28.8,Sell,97,Disputed,16103.19,Low_Demand,988.19,0
C031,Steel,2024-04-22,1638.89,Coal,642.44,566.44,20.75,Sell,119,Verified,12098.03,Price_Surge,1445.54,0
C089,Cement,2024-03-11,2957.97,Coal,1775.32,1733.32,25.0,Sell,58,Verified,8040.42,Low_Demand,712.13,0
C021,Cement,2025-05-01,2537.02,Mixed Fuel,1384.48,1346.48,26.33,Buy,30,Disputed,18642.63,Price_Surge,1002.81,1
C036,Energy,2025-04-23,2320.3,Mixed Fuel,960.66,1052.6599999999999,34.85,Buy,31,Disputed,16870.03,High_Demand,2105.19,1
C041,Cement,2024-02-14,603.54,Mixed Fuel,410.93,379.93,28.12,Buy,193,Verified,13739.19,High_Demand,2869.05,1
C089,Steel,2025-02-18,707.56,Renewable,327.62,350.62,22.34,Buy,78,Verified,13834.32,Price_Surge,2124.34,1
C066,Energy,2025-04-13,637.1,Coal,314.47,400.47,24.55,Buy,145,Disputed,14266.36,Price_Surge,1628.95,1
C053,Steel,2024-02-28,2229.26,Renewable,760.84,602.84,28.7,Sell,152,Disputed,17059.64,Price_Surge,802.83,0
C005,Energy,2024-05-04,1551.06,Renewable,929.92,1103.92,32.72,Sell,154,Disputed,17619.12,High_Demand,720.56,0
C005,Cement,2024-06-26,1744.03,Coal,912.21,1001.21,26.23,Buy,176,Disputed,19804.79,High_Demand,2250.41,1
C004,Manufacturing,2024-04-24,2903.84,Renewable,1509.31,1459.31,22.27,Buy,88,Verified,10168.5,High_Demand,933.81,1
C085,Manufacturing,2025-05-26,1181.44,Mixed Fuel,801.74,878.74,31.36,Buy,101,Verified,19334.75,Price_Surge,2339.54,1
C068,Manufacturing,2024-04-19,1439.87,Natural Gas,633.84,539.84,23.14,Sell,119,Disputed,14278.28,High_Demand,2709.32,0
C008,Steel,2024-04-11,1549.51,Coal,709.59,515.59,25.64,Buy,48,Disputed,15253.09,Price_Surge,1967.4,1
C086,Steel,2025-06-18,2956.2,Renewable,977.73,1100.73,32.33,Buy,54,Disputed,8393.72,Price_Surge,2935.32,1
C050,Energy,2025-01-10,1737.97,Mixed Fuel,1156.38,1075.38,21.69,Sell,193,Verified,18865.97,Price_Surge,584.63,0
C059,Manufacturing,2025-12-28,768.08,Natural Gas,515.83,376.83000000000004,28.74,Buy,117,Disputed,6136.53,Price_Surge,1726.42,1
C066,Energy,2024-03-27,2252.18,Renewable,1629.66,1827.66,21.0,Buy,180,Verified,16105.12,Low_Demand,2252.98,1
C025,Energy,2024-10-22,2845.09,Renewable,1276.02,1281.02,26.28,Buy,62,Disputed,16347.09,High_Demand,2749.06,1
C051,Cement,2025-02-06,1691.26,Mixed Fuel,972.5,1079.5,21.63,Sell,197,Verified,5502.79,Price_Surge,2103.93,0
C070,Manufacturing,2024-09-10,986.58,Natural Gas,302.87,256.87,23.71,Sell,190,Verified,6457.76,High_Demand,913.63,0
C050,Manufacturing,2025-02-13,1265.92,Renewable,803.98,850.98,34.0,Sell,143,Disputed,18889.5,High_Demand,2554.61,0
C092,Steel,2024-01-04,2869.63,Renewable,1625.08,1688.08,21.81,Buy,61,Disputed,15118.48,High_Demand,2434.08,1
C044,Manufacturing,2024-11-09,829.64,Mixed Fuel,251.92,81.91999999999999,22.42,Buy,23,Disputed,17997.75,Price_Surge,567.56,1
C054,Cement,2025-04-05,2636.39,Natural Gas,1422.58,1470.58,22.61,Buy,28,Verified,18643.45,Price_Surge,2611.16,1
C052,Manufacturing,2024-06-18,2909.08,Mixed Fuel,2325.64,2246.64,23.37,Buy,168,Disputed,18973.05,Low_Demand,798.07,1
C023,Steel,2025-02-14,2894.89,Renewable,1204.1,1139.1,23.73,Buy,197,Disputed,15326.7,Low_Demand,682.88,1
C005,Steel,2024-11-01,1833.69,Mixed Fuel,969.72,836.72,25.35,Sell,175,Verified,9400.52,High_Demand,1903.8,0
C056,Steel,2024-08-13,1460.84,Mixed Fuel,782.14,760.14,25.87,Buy,150,Disputed,10485.51,High_Demand,1314.95,1
C004,Steel,2025-06-26,1426.75,Mixed Fuel,432.0,629.0,26.11,Buy,90,Disputed,11234.37,Low_Demand,2911.62,1
C045,Energy,2024-03-17,2885.39,Coal,1067.61,916.6099999999999,24.49,Buy,27,Verified,18683.15,Price_Surge,1926.36,1
C078,Cement,2025-10-29,2762.79,Mixed Fuel,1473.23,1273.23,33.74,Buy,67,Disputed,12965.13,Price_Surge,2634.27,1
C053,Steel,2024-08-06,1955.59,Natural Gas,995.14,939.14,34.86,Sell,151,Verified,14333.95,Price_Surge,1643.64,0
C001,Energy,2025-02-02,2127.96,Mixed Fuel,1033.0,1062.0,29.26,Buy,96,Disputed,14975.28,High_Demand,780.24,1
C059,Steel,2024-02-24,1151.92,Coal,361.55,544.55,26.1,Sell,193,Verified,18172.87,High_Demand,2455.81,0
C064,Energy,2024-12-26,2549.56,Renewable,1042.6,945.5999999999999,24.3,Buy,71,Disputed,13376.41,Low_Demand,533.09,1
C060,Manufacturing,2025-01-19,2261.03,Coal,1406.92,1590.92,30.42,Sell,55,Verified,6349.97,Low_Demand,1129.45,0
C013,Manufacturing,2024-02-14,1956.73,Renewable,1475.87,1489.87,29.28,Sell,148,Verified,16518.98,Low_Demand,914.09,0
C072,Steel,2024-01-25,2990.34,Renewable,2098.84,2142.84,30.93,Buy,130,Verified,17267.89,Low_Demand,1554.95,1
C038,Cement,2024-09-18,905.6,Renewable,679.21,589.21,20.94,Buy,105,Disputed,17729.98,Price_Surge,1469.85,1
C065,Cement,2024-11-19,2776.63,Mixed Fuel,1550.24,1451.24,27.83,Buy,112,Disputed,9949.79,High_Demand,1550.48,1
C030,Manufacturing,2025-11-12,2183.76,Mixed Fuel,1709.16,1666.16,29.13,Buy,102,Verified,17708.35,Low_Demand,2413.35,1
C031,Steel,2024-05-10,650.4,Mixed Fuel,340.74,516.74,21.79,Sell,48,Verified,11904.62,High_Demand,1811.51,0
C007,Steel,2024-12-25,2000.4,Renewable,940.31,946.31,21.07,Sell,141,Verified,14515.65,Low_Demand,1419.2,0
C024,Manufacturing,2024-01-03,2054.99,Coal,965.24,1050.24,31.72,Buy,173,Disputed,15353.08,Price_Surge,2271.6,1
C034,Manufacturing,2025-01-17,1740.89,Coal,536.03,616.03,31.43,Sell,142,Disputed,8954.08,Price_Surge,728.57,0
C095,Cement,2024-09-17,654.11,Mixed Fuel,487.48,412.48,25.88,Buy,125,Verified,7595.3,Price_Surge,2304.08,1
C037,Steel,2025-12-19,520.3,Coal,281.97,254.97000000000003,25.97,Buy,200,Verified,12348.0,Low_Demand,1135.3,1
C069,Cement,2024-06-09,2804.36,Renewable,1179.52,1087.52,32.96,Buy,64,Verified,14104.77,Low_Demand,1042.54,1
C020,Manufacturing,2025-03-13,1396.26,Renewable,420.5,369.5,21.56,Sell,130,Verified,15404.85,Low_Demand,2396.27,0
C082,Steel,2025-05-26,1471.42,Natural Gas,617.38,670.38,25.93,Sell,193,Disputed,17257.07,Price_Surge,2219.29,0
C056,Energy,2025-01-27,1448.08,Coal,1116.16,1181.16,25.53,Sell,88,Disputed,15285.04,Low_Demand,1754.49,0
C047,Manufacturing,2025-11-22,2482.01,Coal,1363.68,1427.68,34.06,Buy,173,Verified,13399.79,High_Demand,2725.97,1
C029,Cement,2025-06-22,2279.14,Renewable,1435.55,1276.55,21.48,Buy,199,Disputed,5762.08,High_Demand,2425.65,1
C016,Cement,2024-07-15,1185.38,Natural Gas,602.52,774.52,29.42,Sell,200,Disputed,6376.27,High_Demand,1810.3,0
C004,Energy,2025-09-21,604.93,Natural Gas,460.73,324.73,22.31,Buy,68,Verified,9664.79,Low_Demand,2711.45,1
C060,Steel,2025-07-09,1348.44,Renewable,420.8,618.8,32.7,Sell,69,Disputed,17952.11,High_Demand,2190.81,0
C086,Steel,2024-12-14,1974.38,Renewable,1330.66,1283.66,29.59,Sell,94,Verified,10225.43,High_Demand,793.83,0
C099,Cement,2025-03-21,2076.68,Natural Gas,1493.81,1471.81,29.87,Sell,172,Disputed,12536.42,Price_Surge,2231.22,0
C022,Steel,2025-12-22,2275.13,Mixed Fuel,1495.28,1388.28,24.31,Sell,102,Disputed,18381.89,Low_Demand,1183.07,0
C033,Energy,2024-05-15,1819.84,Renewable,970.82,808.82,22.85,Buy,95,Verified,9541.18,Low_Demand,2177.04,1
C012,Manufacturing,2025-05-10,1733.81,Coal,1152.66,1213.66,24.58,Buy,137,Verified,14616.11,Price_Surge,2187.39,1
C046,Cement,2025-11-19,703.62,Coal,562.53,754.53,25.82,Buy,96,Verified,5100.2,Low_Demand,2606.64,1
C092,Steel,2024-02-05,1005.94,Natural Gas,407.74,230.74,22.43,Buy,161,Verified,17261.31,High_Demand,1446.97,1
C087,Cement,2024-11-30,2439.57,Renewable,754.52,650.52,34.94,Buy,146,Verified,19789.64,High_Demand,1804.19,1
C052,Manufacturing,2025-09-15,1531.46,Mixed Fuel,488.18,347.18,31.62,Sell,67,Verified,17625.62,High_Demand,2190.98,0
C044,Steel,2024-03-29,2196.24,Mixed Fuel,881.87,908.87,33.33,Sell,182,Verified,15992.91,Price_Surge,749.31,0
C031,Energy,2024-12-26,638.18,Renewable,257.93,282.93,21.06,Buy,133,Verified,9954.39,Price_Surge,1856.11,1
C060,Energy,2024-09-17,2986.97,Renewable,1092.94,1210.94,34.19,Buy,79,Disputed,15168.23,Low_Demand,2846.57,1
C020,Energy,2024-01-13,826.83,Coal,489.23,407.23,34.75,Buy,83,Disputed,5396.17,Price_Surge,1033.64,1
C041,Cement,2025-09-21,1480.56,Coal,963.08,857.08,20.04,Sell,175,Verified,14885.08,Low_Demand,1571.49,0
C077,Manufacturing,2024-03-25,815.54,Renewable,405.62,450.62,28.63,Sell,27,Verified,11781.53,Low_Demand,2791.85,0
C013,Energy,2024-03-23,707.12,Renewable,253.75,214.75,22.59,Buy,132,Verified,11313.62,High_Demand,851.39,1
C094,Manufacturing,2024-11-01,1067.16,Mixed Fuel,403.12,253.12,34.11,Sell,197,Verified,16697.44,High_Demand,1987.01,0
C100,Steel,2024-07-19,1078.64,Natural Gas,574.05,464.04999999999995,22.09,Buy,192,Disputed,18877.42,Low_Demand,1452.66,1
C011,Steel,2024-12-03,1729.6,Renewable,910.51,729.51,20.86,Sell,128,Disputed,10757.69,Price_Surge,1845.6,0
C060,Energy,2024-02-05,1407.85,Renewable,521.48,623.48,32.95,Sell,165,Disputed,18472.59,Price_Surge,757.38,0
C081,Energy,2025-06-17,2237.02,Mixed Fuel,1512.74,1676.74,33.97,Buy,181,Disputed,18702.0,Low_Demand,2058.5,1
C074,Cement,2024-06-02,1321.98,Renewable,597.17,509.16999999999996,25.8,Buy,154,Disputed,13446.04,High_Demand,1229.64,1
C089,Energy,2024-02-05,1377.79,Natural Gas,904.14,805.14,28.41,Sell,164,Disputed,10006.77,High_Demand,2092.58,0
C044,Manufacturing,2024-07-17,2189.49,Renewable,1193.98,1210.98,28.68,Sell,194,Disputed,8983.64,High_Demand,1380.22,0
C003,Energy,2024-04-29,2884.93,Coal,1582.3,1588.3,23.97,Buy,75,Disputed,14914.38,High_Demand,2973.63,1
C022,Energy,2025-06-22,2662.99,Natural Gas,1666.24,1596.24,24.53,Buy,63,Verified,18679.97,Price_Surge,1066.66,1
C051,Cement,2024-02-07,2993.76,Renewable,1109.72,1242.72,34.46,Sell,62,Disputed,8741.5,Price_Surge,2364.83,0
C090,Steel,2024-02-01,2954.68,Mixed Fuel,1772.3,1651.3,24.64,Sell,148,Verified,8336.03,Low_Demand,561.94,0
C091,Manufacturing,2024-03-19,2272.63,Coal,1209.96,1351.96,26.26,Buy,153,Disputed,14578.7,Low_Demand,2942.34,1
C047,Energy,2024-08-26,2104.84,Mixed Fuel,1295.01,1477.01,21.08,Buy,98,Disputed,6968.63,Price_Surge,2057.11,1
C071,Manufacturing,2024-02-18,1607.79,Renewable,622.51,589.51,27.09,Sell,194,Verified,15391.23,Price_Surge,2109.4,0
C019,Energy,2024-03-20,1573.03,Mixed Fuel,1018.88,892.88,34.63,Buy,183,Verified,11821.22,Price_Surge,1660.17,1
C054,Cement,2024-04-13,2329.12,Coal,1165.69,993.69,32.42,Sell,123,Disputed,8907.23,Price_Surge,2085.14,0
C054,Energy,2024-06-17,1084.52,Renewable,814.47,727.47,33.96,Buy,82,Verified,11477.87,Low_Demand,1562.9,1
C021,Manufacturing,2025-08-05,2612.33,Mixed Fuel,1105.25,1002.25,28.05,Sell,29,Disputed,17706.39,Price_Surge,753.68,0
C018,Manufacturing,2024-05-21,2927.44,Renewable,972.96,828.96,28.39,Buy,187,Verified,18587.72,Low_Demand,1889.6,1
C072,Cement,2024-05-12,846.75,Coal,431.36,565.36,27.04,Buy,106,Verified,7938.83,Price_Surge,2843.54,1
C011,Manufacturing,2024-02-15,1810.28,Coal,1437.45,1279.45,31.06,Buy,161,Disputed,8261.19,Low_Demand,2157.39,1
C073,Manufacturing,2024-03-06,2812.57,Natural Gas,942.89,847.89,31.21,Buy,48,Verified,16329.86,Price_Surge,2739.77,1
C089,Manufacturing,2024-06-02,2275.72,Coal,1074.6,1007.5999999999999,21.83,Sell,54,Disputed,18700.69,High_Demand,1620.99,0
C081,Steel,2025-10-12,2545.82,Mixed Fuel,1456.06,1581.06,25.51,Buy,130,Verified,11515.65,High_Demand,1228.36,1
C073,Steel,2025-02-26,2054.07,Coal,846.58,977.58,23.47,Sell,183,Verified,18937.48,High_Demand,2312.34,0
C059,Manufacturing,2024-04-16,2744.19,Natural Gas,1828.53,1718.53,22.5,Sell,35,Verified,5222.13,Price_Surge,1855.22,0
C019,Energy,2025-07-24,923.4,Coal,403.39,311.39,29.36,Sell,41,Verified,15723.15,Price_Surge,560.47,0
C075,Manufacturing,2024-02-08,2993.96,Mixed Fuel,1846.28,1653.28,30.07,Buy,60,Disputed,10214.89,Price_Surge,2358.54,1
C093,Steel,2025-08-10,2082.37,Natural Gas,677.37,738.37,25.36,Buy,122,Disputed,10817.51,Low_Demand,1913.99,1
C086,Energy,2025-11-17,1510.93,Renewable,806.82,830.82,20.22,Buy,50,Disputed,12046.67,Low_Demand,1924.44,1
C007,Energy,2024-07-28,2003.84,Coal,1141.27,1323.27,30.89,Sell,143,Disputed,10882.81,Low_Demand,1106.3,0
C095,Steel,2024-09-06,1349.86,Renewable,490.72,571.72,32.4,Buy,164,Disputed,7985.74,Price_Surge,627.41,1
C054,Steel,2025-01-07,1645.67,Natural Gas,1140.46,1264.46,32.78,Buy,164,Verified,10009.11,Low_Demand,1993.87,1
C022,Steel,2024-05-15,1650.2,Coal,1101.71,1002.71,29.51,Buy,35,Verified,18433.0,Low_Demand,892.66,1
C038,Energy,2025-05-21,2724.56,Coal,1718.71,1709.71,33.39,Sell,176,Disputed,18510.01,Price_Surge,1476.93,0
C021,Steel,2025-04-21,2740.7,Coal,2167.56,2355.56,25.28,Sell,149,Disputed,8439.53,Low_Demand,2774.1,0
C017,Cement,2025-01-14,2907.3,Mixed Fuel,2176.87,2099.87,22.47,Buy,158,Verified,16628.6,Low_Demand,2673.59,1
C045,Steel,2024-11-29,2669.18,Mixed Fuel,1686.24,1599.24,23.5,Buy,96,Disputed,9599.92,Low_Demand,785.33,1
C046,Manufacturing,2025-10-11,627.88,Coal,240.75,382.75,32.93,Sell,124,Verified,9394.18,High_Demand,1520.12,0
C004,Cement,2025-05-30,692.03,Coal,470.96,341.96,23.04,Sell,49,Verified,12781.13,Low_Demand,813.91,0
C052,Steel,2024-03-14,2229.54,Natural Gas,1002.56,971.56,27.36,Sell,44,Verified,11742.04,High_Demand,766.83,0
C099,Cement,2024-05-21,2915.94,Mixed Fuel,2187.99,2351.99,26.7,Sell,163,Disputed,18955.22,Low_Demand,2844.55,0
C093,Steel,2024-12-02,1611.64,Coal,1131.75,982.75,30.13,Buy,163,Disputed,7830.37,Low_Demand,2999.27,1
C009,Cement,2025-09-28,2125.73,Coal,733.74,889.74,31.5,Sell,184,Disputed,12531.39,High_Demand,1091.79,0
C071,Cement,2024-03-19,1909.84,Coal,1526.58,1612.58,20.32,Sell,44,Verified,18542.95,Price_Surge,1299.8,0
C014,Energy,2025-09-29,663.03,Renewable,343.19,490.19,30.68,Buy,83,Disputed,6533.16,High_Demand,2715.01,1
C034,Energy,2024-02-21,1237.03,Coal,810.81,917.81,28.89,Buy,178,Disputed,10599.73,Low_Demand,1545.16,1
C014,Manufacturing,2025-09-06,636.99,Natural Gas,489.05,372.05,21.53,Buy,67,Disputed,15483.14,High_Demand,974.46,1
C086,Manufacturing,2025-10-09,2069.62,Coal,1176.09,1171.09,27.05,Buy,192,Disputed,6155.79,Low_Demand,901.23,1
C084,Energy,2024-05-02,1573.87,Renewable,826.26,648.26,29.6,Sell,92,Verified,10649.34,High_Demand,2278.0,0
C099,Steel,2024-02-26,845.44,Renewable,574.94,511.94000000000005,30.16,Sell,126,Verified,15387.06,Price_Surge,1625.73,0
C026,Energy,2025-04-21,2985.69,Renewable,1774.1,1814.1,29.49,Sell,146,Disputed,14847.19,Price_Surge,2242.91,0
C054,Cement,2025-12-01,2204.1,Natural Gas,698.68,579.68,31.11,Sell,86,Verified,14408.6,Price_Surge,718.76,0
C018,Steel,2025-02-18,589.87,Renewable,282.81,319.81,23.65,Buy,68,Verified,15095.23,High_Demand,791.67,1
C027,Manufacturing,2025-09-16,2954.03,Renewable,1825.23,1900.23,33.52,Buy,154,Disputed,6963.93,Low_Demand,589.16,1
C074,Manufacturing,2024-04-23,2625.95,Natural Gas,1051.71,1247.71,21.48,Sell,195,Verified,13615.75,Low_Demand,2227.7,0
C050,Energy,2025-06-16,1276.8,Mixed Fuel,432.04,622.04,25.95,Sell,120,Verified,14025.94,Price_Surge,1271.49,0
C068,Steel,2024-09-05,572.76,Mixed Fuel,249.9,434.9,30.53,Sell,105,Disputed,7250.65,High_Demand,1615.34,0
C043,Steel,2025-05-06,2493.11,Natural Gas,1113.46,962.46,28.13,Sell,146,Disputed,8695.16,Price_Surge,2318.01,0
C021,Energy,2025-01-19,611.59,Natural Gas,457.98,402.98,24.32,Buy,148,Verified,9129.31,High_Demand,886.46,1
C076,Steel,2024-10-20,1247.58,Coal,649.38,499.38,30.59,Buy,21,Disputed,15601.17,Price_Surge,887.77,1
C039,Energy,2024-12-24,1191.43,Mixed Fuel,891.85,979.85,33.58,Sell,187,Verified,14884.04,High_Demand,2791.78,0
C023,Steel,2025-05-15,2893.16,Renewable,2199.17,2334.17,23.23,Sell,64,Verified,14271.78,High_Demand,2049.33,0
C022,Manufacturing,2024-01-31,2701.5,Natural Gas,1682.2,1810.2,27.16,Buy,172,Disputed,19435.92,Low_Demand,2875.92,1
C053,Steel,2024-08-09,1986.6,Natural Gas,711.06,736.06,34.72,Sell,54,Verified,9869.56,Price_Surge,2620.11,0
C085,Energy,2024-06-06,2583.17,Coal,1672.43,1672.43,32.97,Sell,133,Disputed,10013.01,Price_Surge,1048.04,0
C083,Cement,2025-02-16,1010.97,Natural Gas,511.08,651.0799999999999,20.46,Sell,114,Disputed,5816.1,Price_Surge,2265.94,0
C079,Cement,2024-02-23,895.46,Renewable,554.48,502.48,31.17,Sell,44,Verified,7941.29,Low_Demand,2486.63,0
C081,Cement,2025-02-09,2945.4,Mixed Fuel,2049.07,2056.07,26.74,Buy,116,Disputed,7107.84,High_Demand,665.5,1
C092,Cement,2024-03-15,1648.31,Natural Gas,605.69,447.69000000000005,20.51,Buy,27,Disputed,18820.87,Low_Demand,2044.24,1
C027,Energy,2025-03-20,1343.38,Mixed Fuel,904.51,854.51,32.07,Sell,129,Verified,11722.64,Price_Surge,2609.11,0
C080,Steel,2024-12-16,1755.49,Coal,732.95,809.95,26.2,Buy,160,Disputed,12915.69,High_Demand,2275.4,1
C017,Steel,2024-04-16,1221.33,Natural Gas,714.66,689.66,20.89,Sell,129,Verified,6843.53,High_Demand,1071.63,0
C022,Manufacturing,2024-04-06,1373.51,Renewable,694.24,774.24,26.98,Sell,120,Verified,17700.32,Low_Demand,2336.85,0
C091,Manufacturing,2024-12-24,1555.63,Mixed Fuel,980.65,1165.65,20.63,Sell,80,Verified,17289.28,Price_Surge,1824.57,0
C008,Cement,2025-11-02,2859.62,Renewable,1775.21,1689.21,34.44,Buy,31,Verified,11934.22,Price_Surge,1275.02,1
C100,Cement,2024-10-06,676.42,Mixed Fuel,313.98,476.98,20.74,Sell,174,Verified,11408.69,Price_Surge,2189.54,0
C011,Energy,2024-11-27,1633.14,Renewable,734.83,833.83,20.3,Buy,67,Disputed,5483.2,Price_Surge,1158.68,1
C074,Manufacturing,2024-03-24,742.22,Coal,416.72,514.72,25.52,Sell,111,Verified,12149.93,Price_Surge,1180.36,0
C054,Steel,2025-06-02,1259.33,Renewable,829.55,804.55,22.43,Buy,108,Verified,6194.02,Price_Surge,2782.35,1
C064,Steel,2024-11-15,1223.14,Renewable,834.57,826.57,23.7,Sell,49,Disputed,5663.82,Price_Surge,2763.37,0
C037,Manufacturing,2024-02-03,1892.29,Mixed Fuel,1178.78,1117.78,30.14,Buy,109,Disputed,9276.37,High_Demand,2736.21,1
C015,Cement,2024-01-12,1629.24,Renewable,1205.54,1228.54,34.69,Buy,59,Disputed,5714.48,Price_Surge,2812.27,1
C091,Steel,2024-02-25,2965.74,Natural Gas,2199.16,2384.16,24.66,Sell,78,Verified,5528.13,High_Demand,1962.24,0
C076,Cement,2025-11-11,2295.72,Coal,1782.63,1618.63,30.26,Sell,177,Disputed,12773.35,Price_Surge,2121.32,0
C093,Cement,2025-06-18,546.43,Natural Gas,243.73,352.73,20.67,Sell,132,Verified,18036.13,Price_Surge,2496.83,0
C081,Steel,2024-05-01,692.75,Coal,362.85,199.85000000000002,34.06,Buy,148,Disputed,13229.98,High_Demand,2528.46,1
C014,Steel,2024-06-23,2835.09,Mixed Fuel,1936.01,2084.01,20.96,Sell,172,Verified,19822.48,High_Demand,1934.27,0
C037,Cement,2024-04-30,1280.79,Coal,588.92,616.92,31.56,Sell,117,Disputed,6446.37,High_Demand,2086.11,0
C036,Manufacturing,2025-04-06,1469.41,Mixed Fuel,635.01,551.01,29.36,Sell,32,Disputed,19089.72,Low_Demand,1477.66,0
C086,Cement,2024-01-01,2114.09,Natural Gas,988.02,964.02,31.14,Buy,41,Verified,10865.67,Price_Surge,893.75,1
C087,Steel,2024-06-02,2039.01,Coal,882.02,891.02,21.42,Sell,64,Disputed,12582.63,Low_Demand,2749.93,0
C024,Manufacturing,2025-09-29,741.53,Mixed Fuel,538.93,492.92999999999995,32.47,Buy,186,Verified,10060.62,Low_Demand,1299.72,1
C092,Manufacturing,2025-03-14,2837.96,Mixed Fuel,2177.85,2076.85,28.12,Sell,106,Disputed,12855.95,Price_Surge,1377.0,0
C080,Steel,2025-12-22,1927.77,Renewable,1186.9,1315.9,24.94,Buy,199,Disputed,17184.09,Price_Surge,1485.51,1
C025,Steel,2024-06-02,2759.13,Natural Gas,1559.46,1390.46,32.03,Sell,118,Disputed,19809.63,Price_Surge,1804.56,0
C048,Steel,2024-04-26,2630.37,Natural Gas,2094.64,2082.64,33.49,Sell,133,Verified,14954.63,Price_Surge,2283.44,0
C042,Cement,2025-08-14,2667.73,Renewable,1330.55,1478.55,33.1,Buy,136,Disputed,15953.71,Price_Surge,1368.04,1
C039,Manufacturing,2024-04-16,1782.96,Mixed Fuel,1212.5,1350.5,23.55,Sell,109,Disputed,12192.05,Price_Surge,790.15,0
C031,Cement,2025-07-11,1281.82,Coal,547.18,721.18,21.69,Sell,28,Disputed,13744.24,Low_Demand,2427.33,0
C052,Energy,2025-03-26,2100.04,Coal,1606.79,1647.79,27.01,Sell,91,Verified,10470.9,High_Demand,2586.85,0
C041,Cement,2024-07-11,2770.55,Natural Gas,1301.25,1170.25,22.87,Sell,71,Verified,6629.68,High_Demand,1070.67,0
C059,Manufacturing,2024-04-08,1792.17,Coal,631.33,542.33,22.71,Sell,124,Verified,19689.61,Price_Surge,1549.84,0
C081,Cement,2025-01-27,629.82,Natural Gas,320.51,477.51,21.89,Buy,127,Disputed,10880.17,High_Demand,980.56,1
C054,Cement,2024-02-05,2729.23,Natural Gas,1727.61,1642.61,33.22,Buy,175,Disputed,8238.25,Low_Demand,1995.25,1
C021,Cement,2024-08-31,1409.49,Renewable,554.77,354.77,34.66,Sell,90,Verified,9104.91,Low_Demand,1029.17,0
C035,Energy,2024-09-26,871.28,Mixed Fuel,523.99,420.99,26.99,Sell,166,Disputed,8493.96,Price_Surge,837.99,0
C028,Cement,2024-10-29,965.63,Mixed Fuel,366.61,170.61,26.84,Sell,24,Verified,6272.5,Price_Surge,2886.18,0
C090,Manufacturing,2025-02-28,1917.52,Mixed Fuel,1274.49,1402.49,26.08,Sell,141,Disputed,19694.17,Low_Demand,2370.92,0
C012,Manufacturing,2025-10-07,705.9,Renewable,530.46,708.46,33.41,Buy,94,Disputed,5969.44,High_Demand,1882.01,1
C029,Energy,2024-05-16,2787.32,Natural Gas,1524.85,1362.85,31.97,Buy,45,Disputed,7504.76,High_Demand,587.36,1
C086,Energy,2025-05-02,2739.89,Mixed Fuel,2094.14,1949.1399999999999,27.59,Buy,147,Verified,14827.98,Price_Surge,1215.57,1
C022,Cement,2025-04-11,812.51,Coal,547.02,360.02,30.5,Buy,34,Verified,10774.55,High_Demand,851.94,1
C026,Steel,2024-07-02,651.21,Coal,492.31,459.31,27.94,Buy,160,Disputed,12382.9,High_Demand,1991.7,1
C007,Cement,2024-11-21,1343.75,Coal,828.58,1024.58,33.97,Buy,85,Verified,15747.8,High_Demand,2292.68,1
C032,Energy,2025-04-03,2340.71,Renewable,1430.43,1606.43,20.47,Buy,190,Disputed,14962.64,Low_Demand,1671.16,1
C048,Manufacturing,2024-09-06,745.26,Renewable,510.24,672.24,25.05,Sell,75,Disputed,16145.23,Price_Surge,2202.64,0
C031,Cement,2025-03-01,2712.02,Natural Gas,1095.55,1151.55,25.55,Buy,103,Disputed,16227.68,Price_Surge,1678.73,1
C018,Manufacturing,2024-01-04,2660.35,Renewable,1202.04,1333.04,25.06,Sell,187,Verified,11313.8,Low_Demand,2600.09,0
C009,Energy,2024-07-31,1432.55,Renewable,1082.74,924.74,20.97,Sell,93,Verified,18064.97,Price_Surge,1612.85,0
C020,Cement,2024-01-11,532.44,Coal,233.34,172.34,29.83,Sell,74,Verified,16219.74,Low_Demand,2465.73,0
C028,Manufacturing,2024-01-08,655.84,Renewable,369.99,524.99,32.28,Buy,126,Verified,5347.22,High_Demand,1549.85,1
C011,Manufacturing,2024-10-19,675.37,Natural Gas,392.17,228.17000000000002,24.65,Buy,170,Verified,13222.2,Low_Demand,1485.01,1
C095,Steel,2024-05-04,1651.48,Mixed Fuel,895.1,896.1,22.01,Sell,78,Disputed,17463.78,High_Demand,2703.21,0
C078,Manufacturing,2024-12-20,2163.95,Renewable,1192.32,1193.32,25.18,Buy,169,Verified,17783.18,High_Demand,927.01,1
C030,Energy,2025-01-10,1208.85,Coal,435.88,511.88,20.78,Sell,192,Verified,12417.76,Low_Demand,2526.04,0
C053,Manufacturing,2024-01-05,909.66,Renewable,552.25,542.25,28.74,Buy,180,Verified,7330.23,High_Demand,1627.89,1
C006,Steel,2024-04-15,1690.86,Mixed Fuel,864.34,959.34,22.78,Buy,166,Disputed,14192.02,High_Demand,2371.31,1
C031,Manufacturing,2025-08-20,633.01,Mixed Fuel,293.67,322.67,29.06,Buy,144,Disputed,5444.94,Low_Demand,1407.26,1
C091,Cement,2024-05-02,2086.41,Mixed Fuel,1480.87,1630.87,20.17,Buy,66,Verified,10143.18,Low_Demand,2215.96,1
C008,Manufacturing,2025-09-18,574.28,Renewable,295.91,390.91,22.25,Sell,87,Disputed,6838.65,Low_Demand,1077.96,0
C048,Cement,2025-01-21,690.81,Mixed Fuel,394.98,560.98,23.66,Sell,180,Disputed,11830.86,High_Demand,2736.22,0
C010,Steel,2025-03-30,802.3,Mixed Fuel,560.75,670.75,27.72,Sell,185,Verified,8156.92,Low_Demand,1649.16,0
C004,Energy,2025-05-25,2588.25,Renewable,1841.09,1816.09,34.82,Buy,54,Disputed,14309.84,Low_Demand,709.45,1
C028,Manufacturing,2024-02-17,2760.85,Mixed Fuel,1926.81,1956.81,31.54,Buy,126,Disputed,7530.66,High_Demand,2978.02,1
C074,Energy,2025-04-15,1119.64,Mixed Fuel,569.61,653.61,30.48,Sell,50,Verified,7456.4,Price_Surge,1782.46,0
C019,Energy,2025-01-02,1584.13,Natural Gas,550.84,439.84000000000003,24.73,Sell,184,Verified,15813.12,High_Demand,851.5,0
C028,Cement,2025-02-27,1977.08,Natural Gas,1070.1,1214.1,30.95,Sell,38,Disputed,6055.91,Price_Surge,2974.41,0
C062,Cement,2025-08-06,2408.77,Renewable,1649.6,1702.6,33.06,Sell,68,Verified,7440.93,Price_Surge,2493.39,0
C090,Energy,2025-01-04,1063.18,Natural Gas,434.55,633.55,30.5,Sell,50,Verified,17267.73,High_Demand,815.12,0
C071,Steel,2025-04-26,1698.13,Natural Gas,1011.1,1164.1,25.5,Sell,160,Disputed,12042.76,Price_Surge,2769.3,0
C088,Manufacturing,2024-07-14,1306.04,Coal,429.63,437.63,31.8,Buy,78,Verified,7597.45,Low_Demand,2549.91,1
C089,Steel,2024-08-07,1308.84,Coal,675.82,785.82,24.01,Buy,114,Disputed,7268.35,Price_Surge,826.81,1
C047,Manufacturing,2024-08-16,607.17,Coal,353.99,516.99,33.85,Buy,106,Verified,16143.87,Low_Demand,1234.19,1
C048,Cement,2025-03-27,507.83,Mixed Fuel,289.69,187.69,33.31,Sell,36,Verified,5878.65,Low_Demand,2711.53,0
C089,Steel,2025-12-29,919.68,Natural Gas,440.45,253.45,34.36,Sell,56,Disputed,6060.1,Low_Demand,1152.05,0
C001,Energy,2025-02-14,2548.45,Mixed Fuel,1436.47,1421.47,21.01,Sell,139,Verified,19259.17,High_Demand,1993.64,0
C092,Energy,2024-07-14,2012.59,Natural Gas,758.48,671.48,26.75,Sell,105,Verified,9595.94,Low_Demand,2516.8,0
C070,Manufacturing,2025-12-19,2682.69,Natural Gas,1051.33,981.3299999999999,33.49,Sell,24,Verified,6156.91,High_Demand,644.93,0
C003,Energy,2024-01-28,1964.82,Coal,1254.65,1430.65,25.54,Sell,147,Verified,8849.33,Price_Surge,2952.9,0
C028,Manufacturing,2024-08-07,912.6,Mixed Fuel,645.48,660.48,30.6,Sell,71,Disputed,17667.04,High_Demand,2621.86,0
C081,Cement,2025-08-22,1963.77,Natural Gas,1034.82,1110.82,23.71,Sell,103,Verified,7810.29,Low_Demand,1945.01,0
C058,Manufacturing,2025-12-25,2073.08,Mixed Fuel,974.52,919.52,34.85,Buy,78,Verified,9733.19,Low_Demand,2851.6,1
C033,Steel,2024-06-24,1901.07,Renewable,753.82,587.82,32.85,Sell,66,Verified,18913.59,High_Demand,1383.21,0
C087,Steel,2024-07-29,719.37,Mixed Fuel,403.91,430.91,32.72,Buy,192,Verified,19044.69,Price_Surge,613.96,1
C009,Steel,2025-07-27,2906.78,Natural Gas,1904.77,1709.77,22.56,Buy,148,Verified,10100.75,Low_Demand,2377.7,1
C041,Manufacturing,2025-11-21,2322.31,Mixed Fuel,830.09,969.09,33.24,Buy,125,Verified,16977.18,High_Demand,1562.19,1
C052,Steel,2025-05-20,2840.83,Renewable,1061.26,1150.26,20.43,Buy,109,Verified,18910.77,Price_Surge,2493.43,1
C072,Energy,2024-11-21,2913.41,Mixed Fuel,1293.22,1353.22,32.42,Buy,179,Disputed,13950.6,Low_Demand,986.06,1
C098,Steel,2025-09-29,2940.87,Mixed Fuel,1128.36,1301.36,28.84,Buy,73,Disputed,7171.59,High_Demand,1419.48,1
C055,Steel,2025-08-24,1713.61,Mixed Fuel,1290.37,1360.37,32.61,Buy,51,Verified,19156.71,Price_Surge,1108.6,1
C066,Energy,2024-08-21,1301.05,Renewable,988.47,1096.47,28.12,Sell,162,Disputed,12150.59,Low_Demand,1382.55,0
C079,Cement,2024-03-04,2554.47,Natural Gas,1257.69,1170.69,23.47,Buy,189,Verified,6459.55,High_Demand,2794.99,1
C075,Steel,2025-10-27,2132.46,Coal,1417.32,1374.32,25.36,Buy,96,Verified,9870.28,Price_Surge,868.77,1
C027,Manufacturing,2025-06-20,1073.56,Natural Gas,471.42,479.42,27.7,Sell,158,Disputed,13095.09,Low_Demand,2473.95,0
C017,Steel,2025-02-09,2521.43,Coal,829.45,659.45,26.94,Buy,183,Disputed,6641.69,Price_Surge,1927.81,1
C086,Cement,2025-07-31,1827.38,Renewable,1269.69,1397.69,34.38,Buy,22,Verified,7650.77,Price_Surge,2309.55,1
C075,Steel,2024-11-29,2432.37,Coal,1825.96,1697.96,27.63,Sell,28,Verified,13063.59,Price_Surge,1504.38,0
C075,Cement,2024-10-14,2232.52,Coal,897.25,728.25,21.21,Buy,118,Verified,13109.11,High_Demand,1714.68,1
C064,Energy,2025-11-11,1582.46,Renewable,840.87,846.87,28.77,Buy,133,Disputed,9083.53,Price_Surge,1200.12,1
C055,Manufacturing,2024-04-21,2407.67,Mixed Fuel,1416.75,1416.75,22.12,Sell,154,Verified,8095.83,Low_Demand,884.77,0
C048,Manufacturing,2024-01-27,691.6,Coal,331.57,139.57,24.33,Sell,29,Disputed,12018.67,High_Demand,903.52,0
C034,Steel,2024-01-06,2354.63,Coal,1314.53,1440.53,29.16,Buy,85,Verified,10215.26,Price_Surge,1393.4,1
C073,Cement,2024-08-31,1218.02,Coal,803.03,783.03,33.96,Sell,127,Disputed,17820.04,Price_Surge,924.26,0
C017,Cement,2024-08-07,1399.01,Renewable,442.12,503.12,30.5,Sell,92,Verified,18061.38,High_Demand,2610.98,0
C068,Energy,2024-12-22,1347.32,Coal,1055.95,967.95,21.64,Sell,181,Disputed,16152.7,Low_Demand,1958.87,0
C051,Energy,2024-05-01,1882.58,Mixed Fuel,641.08,767.08,26.52,Buy,54,Disputed,19964.56,Price_Surge,1930.37,1
C008,Steel,2025-11-02,2705.77,Coal,1363.2,1443.2,26.62,Buy,80,Disputed,11159.25,Price_Surge,2810.1,1
C049,Manufacturing,2024-02-01,1498.09,Coal,839.81,977.81,33.16,Buy,91,Verified,6670.84,Price_Surge,2078.56,1
C047,Manufacturing,2025-10-18,668.26,Coal,213.74,149.74,23.53,Buy,26,Disputed,7323.94,Low_Demand,612.63,1
C056,Steel,2025-07-24,2943.19,Natural Gas,1187.3,1278.3,29.67,Buy,94,Disputed,7068.88,Low_Demand,1625.44,1
C065,Manufacturing,2024-11-25,1065.08,Mixed Fuel,525.1,412.1,23.85,Buy,196,Disputed,19094.16,Low_Demand,614.79,1
C048,Energy,2025-03-17,748.42,Renewable,240.64,68.63999999999999,22.31,Buy,69,Verified,7436.37,Price_Surge,2734.85,1
C054,Cement,2024-09-10,2296.47,Mixed Fuel,1540.13,1671.13,30.67,Buy,146,Verified,6168.11,Low_Demand,1531.31,1
C082,Steel,2024-01-05,2114.57,Renewable,919.89,795.89,27.25,Sell,67,Verified,7012.92,Price_Surge,2683.78,0
C034,Manufacturing,2025-03-12,828.27,Mixed Fuel,394.11,217.11,25.72,Sell,134,Verified,18552.04,High_Demand,664.32,0
C006,Cement,2025-05-25,594.88,Natural Gas,423.76,435.76,28.86,Buy,48,Verified,9661.12,Price_Surge,2661.62,1
C061,Steel,2025-09-18,914.75,Natural Gas,369.91,425.91,24.49,Sell,31,Verified,15747.92,Low_Demand,1316.71,0
C011,Cement,2025-01-16,1823.92,Natural Gas,938.11,1095.1100000000001,20.33,Buy,123,Disputed,8059.2,Price_Surge,926.6,1
C010,Steel,2025-04-12,1320.58,Coal,1026.19,1159.19,34.74,Buy,167,Disputed,17248.77,Low_Demand,1599.87,1
C026,Manufacturing,2025-02-23,822.91,Natural Gas,443.87,423.87,30.3,Buy,107,Disputed,12662.74,Low_Demand,2801.36,1
C054,Manufacturing,2025-09-04,2951.91,Renewable,2321.21,2345.21,33.35,Buy,37,Disputed,11538.28,Low_Demand,1785.38,1
C074,Manufacturing,2024-01-05,2452.32,Renewable,1911.63,1777.63,21.01,Sell,82,Disputed,9649.64,Price_Surge,1618.4,0
C087,Manufacturing,2024-06-08,745.97,Mixed Fuel,536.47,473.47,24.79,Buy,116,Disputed,17538.87,Price_Surge,1325.56,1
C039,Energy,2024-08-17,858.35,Renewable,576.71,500.71000000000004,34.74,Buy,172,Verified,5396.44,High_Demand,2216.5,1
C081,Steel,2025-12-26,1281.94,Mixed Fuel,780.67,603.67,30.15,Buy,106,Disputed,9646.93,High_Demand,911.13,1
C018,Cement,2025-12-27,2300.0,Renewable,1629.8,1510.8,33.35,Sell,112,Verified,15044.49,High_Demand,1930.01,0
C015,Cement,2024-06-07,1807.09,Mixed Fuel,564.58,426.58000000000004,23.06,Buy,102,Verified,17706.57,Low_Demand,644.06,1
C013,Manufacturing,2024-03-25,1866.06,Coal,1292.5,1235.5,21.86,Buy,126,Disputed,13348.93,Price_Surge,1915.21,1
C050,Cement,2025-06-10,2104.45,Renewable,710.19,746.19,30.83,Sell,100,Disputed,17013.65,Price_Surge,2299.33,0
C012,Cement,2024-11-22,1873.7,Mixed Fuel,766.06,915.06,25.63,Buy,51,Disputed,13097.02,Low_Demand,1764.22,1
C077,Steel,2024-11-20,2962.82,Renewable,1283.63,1469.63,34.68,Buy,79,Disputed,11793.53,High_Demand,2274.63,1
C072,Manufacturing,2025-01-29,2295.9,Mixed Fuel,1419.85,1348.85,28.22,Sell,145,Disputed,13351.6,Price_Surge,2513.36,0
C029,Cement,2024-12-20,2809.3,Coal,1801.13,1616.13,33.6,Sell,21,Disputed,9987.79,High_Demand,752.98,0
C016,Steel,2025-03-19,2676.4,Coal,1419.13,1503.13,34.34,Buy,97,Verified,18962.38,High_Demand,1075.53,1
C015,Energy,2024-10-16,1075.13,Natural Gas,669.94,648.94,31.02,Sell,86,Verified,9752.94,Low_Demand,1009.43,0
C024,Manufacturing,2025-05-06,1786.1,Natural Gas,1224.04,1301.04,33.38,Sell,172,Verified,12322.92,High_Demand,2800.82,0
C028,Energy,2025-09-18,2086.03,Natural Gas,983.12,1048.12,28.03,Buy,38,Disputed,14709.39,High_Demand,1599.15,1
C026,Cement,2025-05-13,2735.71,Coal,1311.16,1234.16,34.93,Buy,121,Verified,9792.18,Low_Demand,1134.66,1
C090,Manufacturing,2024-01-11,2164.91,Natural Gas,1396.17,1258.17,33.93,Sell,139,Verified,8376.35,Low_Demand,1606.84,0
C071,Steel,2025-07-10,1708.01,Mixed Fuel,518.07,364.07000000000005,32.15,Sell,20,Disputed,10704.82,High_Demand,2265.03,0
C091,Cement,2025-01-13,2235.88,Mixed Fuel,995.8,1139.8,31.01,Buy,148,Disputed,19891.74,High_Demand,2435.9,1
C013,Energy,2024-10-12,1293.74,Natural Gas,950.92,818.92,24.23,Sell,184,Disputed,11712.75,High_Demand,668.32,0
C051,Manufacturing,2025-11-01,586.02,Mixed Fuel,362.55,519.55,23.97,Buy,51,Verified,6445.47,Low_Demand,1754.35,1
C054,Manufacturing,2025-11-16,2409.89,Renewable,1904.22,1810.22,26.44,Buy,67,Disputed,13771.71,Price_Surge,965.67,1
C076,Manufacturing,2025-06-16,2429.83,Natural Gas,916.55,1045.55,24.95,Sell,150,Verified,11370.42,High_Demand,1032.33,0
C011,Steel,2025-01-11,2590.13,Mixed Fuel,1172.26,992.26,30.76,Sell,196,Disputed,11393.13,Price_Surge,2808.25,0
C065,Manufacturing,2024-02-03,2393.47,Natural Gas,912.66,1106.6599999999999,24.46,Buy,131,Verified,6495.23,High_Demand,1182.68,1
C077,Manufacturing,2024-04-03,572.42,Coal,454.1,313.1,22.25,Buy,196,Verified,13129.16,Low_Demand,1474.08,1
C063,Cement,2025-04-22,956.87,Mixed Fuel,447.91,557.9100000000001,20.4,Sell,60,Disputed,10006.14,Price_Surge,644.74,0
C090,Manufacturing,2024-09-08,2843.96,Natural Gas,1474.62,1392.62,20.81,Sell,185,Disputed,10812.89,Price_Surge,2944.03,0
C027,Cement,2024-05-25,2888.89,Mixed Fuel,1870.34,2035.34,32.52,Buy,86,Disputed,9386.09,Low_Demand,1786.31,1
C059,Energy,2025-02-03,785.43,Coal,402.89,344.89,32.13,Buy,131,Verified,9776.1,Price_Surge,2918.43,1
C052,Cement,2024-08-27,1660.89,Natural Gas,549.39,580.39,31.92,Buy,94,Disputed,15636.32,High_Demand,1931.51,1
C055,Cement,2024-07-17,1963.31,Natural Gas,1068.44,1143.44,34.32,Sell,34,Disputed,18085.52,High_Demand,1053.66,0
C005,Manufacturing,2024-04-30,1551.96,Coal,1239.59,1427.59,24.37,Buy,193,Verified,14088.31,Price_Surge,1324.32,1
C024,Manufacturing,2024-01-13,715.61,Natural Gas,495.41,625.4100000000001,29.08,Sell,112,Disputed,13574.97,High_Demand,2795.25,0
C098,Cement,2025-06-22,2486.55,Coal,760.41,607.41,27.96,Sell,145,Disputed,15407.01,Price_Surge,1479.62,0
C086,Cement,2024-05-20,2055.36,Renewable,748.94,877.94,21.9,Sell,132,Disputed,14612.58,Price_Surge,2622.19,0
C032,Energy,2024-06-07,1386.83,Mixed Fuel,849.34,1017.34,23.12,Sell,83,Disputed,11080.58,Price_Surge,882.71,0
C086,Steel,2024-10-11,1103.52,Mixed Fuel,588.95,400.95000000000005,26.96,Buy,110,Disputed,11155.7,Low_Demand,912.64,1
C024,Manufacturing,2024-11-08,2496.58,Natural Gas,1084.77,1104.77,22.58,Sell,56,Disputed,5048.9,Low_Demand,971.99,0
C010,Cement,2025-12-28,1843.1,Renewable,1058.69,1235.69,27.09,Buy,126,Verified,5782.27,Low_Demand,2926.37,1
C059,Steel,2024-11-01,2522.0,Coal,831.45,969.45,31.47,Buy,127,Disputed,12650.9,High_Demand,1810.84,1
C075,Steel,2025-10-15,2831.13,Renewable,1705.26,1508.26,25.78,Sell,109,Disputed,14210.65,High_Demand,1063.34,0
C008,Manufacturing,2024-11-12,2584.41,Mixed Fuel,1761.25,1638.25,32.79,Buy,60,Verified,7022.59,Low_Demand,2567.53,1
C046,Manufacturing,2025-12-22,666.6,Mixed Fuel,521.4,536.4,22.08,Sell,185,Verified,15146.63,Price_Surge,2795.96,0
C006,Manufacturing,2025-08-08,1337.31,Coal,637.64,446.64,29.67,Buy,21,Verified,14576.56,High_Demand,2547.04,1
C099,Steel,2024-02-19,2098.85,Coal,1582.7,1431.7,23.02,Buy,51,Disputed,8602.44,Low_Demand,1150.02,1
C095,Energy,2025-11-22,2677.05,Coal,1769.07,1793.07,23.96,Sell,142,Disputed,12291.5,Low_Demand,1489.97,0
C021,Cement,2024-05-16,1992.56,Coal,764.83,732.83,29.31,Sell,120,Disputed,6393.34,Price_Surge,1104.68,0
C011,Cement,2024-01-31,1691.03,Coal,1073.0,1267.0,20.31,Sell,39,Disputed,15950.62,High_Demand,783.59,0
C081,Cement,2024-03-11,2832.1,Natural Gas,1471.96,1409.96,31.0,Sell,94,Verified,11773.99,Price_Surge,1222.62,0
C026,Cement,2025-05-25,1393.32,Natural Gas,1098.39,1109.39,32.92,Sell,27,Verified,9040.96,Low_Demand,1491.53,0
C097,Steel,2025-06-16,505.26,Natural Gas,295.59,295.59,23.12,Sell,137,Disputed,15591.25,Low_Demand,965.72,0
C079,Steel,2024-08-01,2613.42,Renewable,1518.45,1457.45,27.85,Sell,130,Verified,11642.63,Price_Surge,1935.97,0
C092,Manufacturing,2025-06-27,2895.18,Coal,1570.42,1500.42,22.89,Sell,94,Disputed,14761.71,Low_Demand,2117.69,0
C055,Steel,2025-01-15,2923.74,Natural Gas,1787.52,1834.52,25.58,Buy,140,Disputed,12990.46,Price_Surge,2136.55,1
C015,Cement,2024-08-17,2358.67,Natural Gas,1519.09,1650.09,23.83,Buy,71,Disputed,6621.63,Price_Surge,1397.16,1
C005,Cement,2025-03-17,2450.76,Coal,1214.86,1298.86,33.76,Buy,168,Disputed,5420.81,Price_Surge,1383.83,1
C009,Manufacturing,2024-04-06,1624.88,Mixed Fuel,833.65,782.65,34.53,Sell,165,Disputed,10594.23,Low_Demand,964.09,0
C038,Steel,2025-05-19,2547.26,Coal,973.63,1037.63,33.41,Buy,108,Disputed,18387.04,Price_Surge,2097.65,1
C091,Cement,2024-04-12,1575.82,Renewable,512.02,331.02,20.68,Buy,112,Verified,13120.93,High_Demand,2725.26,1
C008,Manufacturing,2025-09-17,602.27,Coal,182.7,255.7,26.22,Sell,149,Disputed,9765.6,Price_Surge,769.66,0
C084,Steel,2024-07-21,828.36,Renewable,484.59,313.59,25.36,Buy,55,Verified,13500.39,Price_Surge,2885.18,1
C026,Cement,2025-05-04,2573.48,Renewable,888.66,992.66,20.48,Buy,22,Verified,8270.07,High_Demand,2176.96,1
C027,Manufacturing,2024-02-16,1678.7,Mixed Fuel,684.56,811.56,28.22,Sell,170,Disputed,7419.0,High_Demand,1436.82,0
C042,Cement,2024-11-25,1841.32,Mixed Fuel,1215.21,1402.21,29.99,Buy,106,Verified,16013.24,Price_Surge,2534.15,1
C061,Energy,2025-05-21,2652.66,Coal,1979.98,2177.98,25.98,Buy,29,Disputed,8286.93,Low_Demand,1695.84,1
C067,Energy,2025-12-06,1993.85,Coal,1007.58,1052.58,25.82,Buy,77,Disputed,15000.1,Low_Demand,1311.51,1
C098,Energy,2024-03-10,862.11,Mixed Fuel,639.19,573.19,27.72,Sell,133,Disputed,9355.12,High_Demand,675.03,0
C015,Manufacturing,2024-11-07,2540.64,Mixed Fuel,1314.78,1461.78,33.43,Buy,166,Verified,19588.98,High_Demand,2477.54,1
C076,Manufacturing,2024-05-07,2767.61,Mixed Fuel,1374.05,1433.05,20.16,Sell,28,Verified,16697.66,Price_Surge,1163.6,0
C039,Manufacturing,2025-04-09,2648.78,Renewable,1592.3,1590.3,30.22,Sell,158,Verified,8593.73,Low_Demand,2499.56,0
C016,Manufacturing,2024-12-23,1432.05,Mixed Fuel,896.52,1028.52,29.78,Sell,37,Verified,5654.17,Price_Surge,2357.15,0
C051,Cement,2025-01-27,699.93,Natural Gas,543.97,680.97,30.55,Sell,194,Disputed,10172.63,Low_Demand,1372.11,0
C026,Steel,2024-12-08,629.25,Natural Gas,498.24,484.24,32.57,Sell,172,Verified,16714.72,Low_Demand,2130.91,0
C016,Manufacturing,2024-08-26,825.28,Natural Gas,508.65,463.65,27.5,Sell,163,Verified,16188.45,Low_Demand,2029.17,0
C020,Manufacturing,2024-07-28,1886.33,Coal,973.11,818.11,21.12,Sell,183,Verified,5167.02,High_Demand,556.42,0
C001,Energy,2025-06-20,2816.26,Renewable,1535.35,1419.35,27.7,Buy,193,Verified,14140.33,Price_Surge,2402.62,1
C091,Steel,2024-02-18,1659.29,Mixed Fuel,607.03,492.03,24.1,Sell,145,Disputed,17896.36,Price_Surge,2373.18,0
C082,Manufacturing,2024-09-27,1833.98,Natural Gas,1319.22,1179.22,21.18,Buy,170,Verified,15096.23,Price_Surge,1191.58,1
C001,Cement,2024-11-02,1451.91,Coal,719.41,875.41,22.37,Buy,44,Verified,14066.8,Price_Surge,2318.34,1
C024,Manufacturing,2024-10-30,2032.48,Natural Gas,920.08,932.08,22.76,Sell,129,Disputed,18839.84,Low_Demand,1055.21,0
C036,Steel,2024-12-11,1486.56,Coal,696.44,854.44,26.11,Sell,100,Verified,13957.08,Price_Surge,1974.68,0
C037,Energy,2025-10-03,1925.04,Renewable,1321.35,1338.35,23.01,Buy,168,Disputed,10098.57,High_Demand,699.12,1
C018,Energy,2024-06-17,2167.23,Coal,1530.29,1705.29,30.56,Sell,96,Disputed,7056.31,Low_Demand,2876.08,0
C098,Manufacturing,2024-08-25,1913.17,Coal,751.71,797.71,20.95,Buy,193,Disputed,9473.6,Price_Surge,1548.94,1
C043,Manufacturing,2025-07-30,2571.96,Coal,968.28,1061.28,24.35,Buy,164,Disputed,13285.9,Low_Demand,2918.58,1
C097,Manufacturing,2025-12-11,914.93,Coal,581.95,624.95,21.26,Sell,170,Verified,6049.59,Low_Demand,2056.1,0
C011,Steel,2024-10-22,2903.92,Renewable,1071.4,1256.4,25.35,Sell,41,Verified,12335.41,High_Demand,2171.76,0
C073,Manufacturing,2025-10-08,2284.33,Natural Gas,873.0,1043.0,28.01,Buy,147,Verified,5695.66,Price_Surge,2742.84,1
C041,Energy,2025-09-28,1350.4,Coal,903.0,978.0,32.17,Sell,26,Disputed,9688.56,Price_Surge,633.33,0
C056,Manufacturing,2024-08-10,1668.44,Renewable,994.43,1013.43,21.11,Buy,178,Verified,6782.15,Price_Surge,2128.56,1
C012,Manufacturing,2025-11-23,2863.44,Renewable,1315.64,1203.64,22.83,Buy,121,Verified,8075.98,Price_Surge,2813.76,1
C098,Steel,2025-06-11,1535.93,Mixed Fuel,934.85,872.85,20.01,Sell,89,Verified,5358.78,Low_Demand,1061.52,0
C035,Steel,2024-02-20,2765.71,Renewable,1341.86,1292.86,27.29,Buy,124,Verified,13122.16,High_Demand,2197.83,1
C078,Steel,2025-02-10,2013.81,Natural Gas,610.47,572.47,27.44,Sell,101,Disputed,11828.01,Low_Demand,2046.86,0
C004,Cement,2024-11-14,2181.28,Natural Gas,1017.7,1000.7,25.38,Buy,39,Disputed,17506.51,High_Demand,850.94,1
C090,Energy,2025-01-19,1959.54,Coal,1110.38,1067.38,25.61,Buy,134,Disputed,9292.14,High_Demand,2462.11,1
C082,Manufacturing,2025-09-07,1614.86,Renewable,677.89,858.89,34.83,Sell,174,Verified,15565.97,Low_Demand,751.4,0
C017,Cement,2025-07-13,2077.54,Coal,1298.69,1280.69,33.0,Sell,182,Disputed,11092.72,High_Demand,1014.1,0
C071,Energy,2024-05-28,1267.86,Mixed Fuel,512.76,442.76,30.17,Buy,176,Disputed,19837.74,High_Demand,1803.17,1
C058,Cement,2025-01-27,568.03,Mixed Fuel,273.42,162.42000000000002,21.68,Buy,87,Disputed,17526.16,Price_Surge,834.67,1
C020,Cement,2025-01-24,1041.22,Mixed Fuel,702.06,880.06,26.02,Buy,119,Disputed,18991.13,High_Demand,1091.1,1
C091,Manufacturing,2025-06-30,1198.8,Mixed Fuel,939.56,894.56,21.4,Buy,177,Disputed,15846.42,Low_Demand,661.82,1
C039,Steel,2025-12-01,927.84,Renewable,722.05,912.05,24.17,Buy,97,Verified,13135.26,Low_Demand,2605.5,1
C069,Steel,2024-09-16,2548.74,Coal,1982.5,2011.5,29.53,Sell,96,Disputed,14516.96,High_Demand,2833.94,0
C041,Manufacturing,2024-07-03,1204.07,Mixed Fuel,905.33,963.33,20.52,Sell,33,Verified,16977.66,High_Demand,2078.03,0
C049,Manufacturing,2025-09-30,1817.98,Renewable,1418.77,1297.77,32.3,Sell,58,Disputed,19547.09,Low_Demand,1276.5,0
C013,Cement,2024-03-14,1734.69,Renewable,1197.32,1390.32,22.73,Buy,190,Disputed,7747.65,High_Demand,1872.88,1
C063,Energy,2025-01-01,2341.2,Coal,772.6,843.6,27.08,Buy,132,Disputed,8533.29,High_Demand,2125.82,1
C038,Cement,2025-05-24,2819.05,Renewable,1638.49,1619.49,34.74,Buy,42,Disputed,16086.19,Price_Surge,1596.06,1
C055,Cement,2025-03-04,2687.29,Natural Gas,1575.58,1677.58,26.35,Buy,163,Verified,15924.05,High_Demand,1453.6,1
C093,Steel,2025-12-31,1289.23,Coal,915.08,802.08,33.28,Buy,77,Disputed,10430.05,High_Demand,2970.37,1
C087,Energy,2024-12-20,582.5,Coal,443.99,496.99,21.64,Sell,146,Verified,5688.05,Low_Demand,1609.91,0
C091,Manufacturing,2024-06-17,1475.68,Coal,556.94,504.94000000000005,32.34,Buy,101,Verified,10449.91,Low_Demand,1041.01,1
C077,Energy,2025-11-15,1257.55,Renewable,398.49,225.49,24.41,Sell,182,Disputed,10030.38,Low_Demand,1482.31,0
C022,Energy,2024-06-26,1070.34,Coal,347.92,148.92000000000002,25.73,Buy,97,Verified,19705.74,High_Demand,2928.58,1
C027,Energy,2024-07-13,1826.46,Mixed Fuel,1434.23,1267.23,31.45,Buy,172,Disputed,6160.61,Price_Surge,2825.45,1
C032,Manufacturing,2025-09-05,2732.18,Natural Gas,2122.67,2319.67,24.65,Buy,144,Disputed,17516.02,High_Demand,1301.84,1
C039,Energy,2025-10-07,1232.7,Renewable,711.6,743.6,22.05,Sell,133,Verified,16356.38,Price_Surge,2838.41,0
C073,Manufacturing,2025-05-03,812.82,Natural Gas,526.07,573.07,23.95,Buy,166,Verified,17625.66,High_Demand,819.97,1
C018,Energy,2025-07-12,2234.17,Coal,1436.46,1403.46,34.6,Buy,103,Disputed,8489.43,Price_Surge,2414.12,1
C083,Energy,2025-01-25,1509.1,Renewable,631.62,520.62,31.09,Buy,76,Verified,17603.87,Price_Surge,2463.62,1
C094,Manufacturing,2024-03-29,1890.68,Natural Gas,1255.3,1414.3,26.03,Sell,89,Disputed,13912.25,Low_Demand,1105.65,0
C021,Manufacturing,2024-11-09,1712.72,Renewable,730.21,758.21,33.06,Buy,111,Disputed,12401.7,Low_Demand,1117.33,1
C044,Energy,2024-07-19,1613.23,Natural Gas,741.38,855.38,27.93,Buy,193,Verified,8116.59,High_Demand,2003.13,1
C067,Cement,2024-03-19,1565.49,Renewable,1047.85,885.8499999999999,29.47,Buy,61,Disputed,16312.93,High_Demand,549.17,1
C033,Steel,2025-12-24,1198.32,Coal,516.69,538.69,33.11,Sell,48,Disputed,13706.53,Low_Demand,2027.09,0
C005,Energy,2024-07-22,1147.9,Renewable,440.86,301.86,32.57,Sell,126,Verified,10523.85,High_Demand,613.32,0
C063,Manufacturing,2025-05-05,1414.36,Coal,817.11,785.11,20.61,Sell,52,Verified,12110.14,Price_Surge,2080.62,0
C058,Manufacturing,2024-09-19,530.91,Coal,353.24,237.24,24.43,Buy,162,Disputed,11248.92,Low_Demand,2079.02,1
C076,Manufacturing,2025-08-08,2004.68,Renewable,1171.06,1025.06,34.34,Sell,145,Verified,16955.87,Low_Demand,1061.77,0
C012,Energy,2025-06-22,1072.59,Renewable,430.36,304.36,27.73,Sell,188,Verified,13547.89,Price_Surge,1002.22,0
C086,Steel,2025-05-27,2731.29,Coal,2084.35,2156.35,34.31,Sell,114,Disputed,9420.91,Price_Surge,1469.4,0
C078,Steel,2025-02-05,1893.83,Mixed Fuel,1370.1,1329.1,25.33,Buy,115,Disputed,14927.84,Price_Surge,2145.15,1
C026,Manufacturing,2024-05-25,1658.43,Coal,691.56,827.56,22.42,Buy,192,Disputed,17614.13,High_Demand,2834.34,1
C086,Energy,2024-06-26,1664.19,Renewable,1236.15,1342.15,30.86,Buy,170,Disputed,8421.31,Low_Demand,1667.83,1
C077,Cement,2024-09-22,1507.35,Coal,1010.28,1193.28,29.07,Sell,149,Disputed,15810.06,High_Demand,1262.09,0
C086,Manufacturing,2025-02-07,916.96,Renewable,384.14,187.14,21.37,Buy,102,Verified,11999.05,Low_Demand,1450.8,1
C073,Cement,2025-04-26,2875.81,Coal,1747.13,1887.13,32.78,Buy,95,Verified,13469.87,Low_Demand,1775.23,1
C086,Manufacturing,2025-08-11,607.67,Renewable,238.2,129.2,20.8,Buy,180,Verified,5456.53,High_Demand,1261.01,1
C048,Steel,2025-09-01,893.2,Natural Gas,548.1,618.1,30.93,Sell,166,Verified,9564.33,Price_Surge,1050.92,0
C078,Energy,2024-03-26,2470.77,Mixed Fuel,1889.76,2071.76,20.04,Buy,175,Verified,5935.56,High_Demand,1154.62,1
C026,Steel,2025-04-07,2997.48,Natural Gas,1110.45,1259.45,27.33,Buy,167,Disputed,13864.22,Low_Demand,2514.71,1
C011,Energy,2024-02-01,2609.58,Coal,1583.25,1675.25,25.3,Buy,54,Verified,5635.5,Price_Surge,2005.39,1
C052,Manufacturing,2024-07-20,2222.78,Natural Gas,1336.43,1414.43,22.94,Sell,131,Disputed,15989.36,Low_Demand,2315.46,0
C050,Cement,2024-01-02,2777.93,Natural Gas,2013.63,2087.63,21.56,Buy,153,Verified,5724.16,Low_Demand,1864.04,1
C079,Steel,2025-10-26,613.32,Mixed Fuel,262.46,110.45999999999998,25.96,Buy,36,Verified,15505.2,Low_Demand,2983.43,1
C070,Energy,2024-07-30,1492.63,Natural Gas,863.37,737.37,25.41,Buy,61,Verified,16630.71,High_Demand,2311.97,1
C078,Steel,2024-08-11,1846.35,Coal,1200.88,1180.88,24.31,Buy,157,Disputed,14620.93,Price_Surge,571.12,1
C085,Manufacturing,2025-06-29,1996.1,Natural Gas,1222.73,1257.73,23.32,Sell,70,Disputed,7175.5,Price_Surge,1810.89,0
C091,Cement,2024-05-24,1068.25,Renewable,518.14,491.14,29.47,Buy,93,Verified,7439.17,High_Demand,2271.17,1
C053,Cement,2025-06-07,2220.65,Renewable,1650.4,1512.4,31.07,Sell,21,Disputed,5391.28,High_Demand,783.65,0
C056,Cement,2025-06-17,1016.37,Natural Gas,667.65,853.65,30.53,Buy,156,Disputed,16797.78,Low_Demand,1585.09,1
C040,Energy,2025-09-13,1488.8,Coal,1185.62,1291.62,26.65,Buy,164,Disputed,6858.81,Low_Demand,2819.41,1
C006,Manufacturing,2024-09-27,1834.42,Mixed Fuel,836.39,999.39,30.4,Sell,158,Verified,9948.92,Price_Surge,1403.4,0
C013,Cement,2024-01-13,1747.26,Coal,633.56,759.56,26.06,Buy,94,Disputed,13271.79,Low_Demand,2733.41,1
C009,Energy,2024-10-05,2418.69,Coal,931.23,984.23,32.27,Sell,57,Disputed,15983.34,Low_Demand,2297.78,0
C099,Manufacturing,2025-06-01,1775.57,Renewable,1227.21,1354.21,28.23,Buy,176,Verified,12821.68,High_Demand,658.24,1
C030,Energy,2024-03-21,1586.7,Natural Gas,910.62,1081.62,32.16,Buy,180,Verified,14949.43,Price_Surge,626.46,1
C031,Steel,2025-06-02,1630.86,Natural Gas,869.48,846.48,25.72,Sell,75,Verified,12918.36,Price_Surge,1673.77,0
C045,Steel,2025-12-17,668.89,Renewable,423.83,330.83,29.04,Sell,35,Verified,9598.13,Price_Surge,2593.53,0
C008,Cement,2025-06-10,2078.86,Renewable,680.86,646.86,22.85,Sell,71,Verified,16228.96,Price_Surge,2846.01,0
C096,Cement,2024-07-12,1976.05,Mixed Fuel,1470.9,1660.9,24.45,Buy,26,Verified,7384.67,High_Demand,591.89,1
C038,Cement,2025-12-08,1977.41,Natural Gas,647.38,610.38,33.53,Sell,79,Verified,5676.49,Price_Surge,1435.87,0
C050,Manufacturing,2024-06-10,2047.81,Mixed Fuel,1030.0,893.0,20.67,Sell,38,Disputed,12147.4,Low_Demand,537.59,0
C041,Energy,2025-07-13,1476.04,Renewable,975.69,1024.69,29.17,Sell,61,Disputed,12536.22,Price_Surge,732.84,0
C072,Energy,2024-11-03,2337.91,Natural Gas,1237.14,1375.14,28.98,Buy,97,Verified,16554.47,High_Demand,1040.14,1
C065,Cement,2025-05-17,1744.32,Renewable,1118.83,932.8299999999999,23.8,Buy,141,Disputed,11621.9,High_Demand,2137.6,1
C025,Manufacturing,2024-10-04,2759.42,Natural Gas,1243.51,1094.51,33.87,Buy,136,Disputed,9339.71,Low_Demand,1136.74,1
C026,Cement,2025-12-22,970.08,Mixed Fuel,328.63,195.63,23.67,Buy,70,Verified,11391.04,High_Demand,731.37,1
C046,Steel,2025-03-23,785.05,Natural Gas,578.18,533.18,24.75,Sell,43,Disputed,16148.41,Price_Surge,2805.84,0
C020,Cement,2025-06-03,2456.48,Coal,1453.63,1631.63,25.37,Buy,124,Disputed,7602.78,Low_Demand,1485.69,1
C065,Energy,2025-10-19,1892.43,Renewable,1159.06,1353.06,29.24,Sell,193,Verified,9639.2,High_Demand,639.66,0
C045,Cement,2024-03-04,1867.9,Renewable,1186.62,1217.62,26.26,Buy,138,Disputed,14210.77,High_Demand,1575.35,1
C086,Steel,2024-02-22,1222.78,Renewable,499.91,305.91,25.25,Sell,50,Disputed,17064.56,Price_Surge,1398.52,0
C099,Steel,2024-11-25,2166.14,Renewable,1159.28,1126.28,30.6,Buy,46,Verified,10363.61,High_Demand,888.42,1
C073,Steel,2025-12-21,1704.24,Natural Gas,1034.04,933.04,24.46,Buy,100,Verified,18833.03,High_Demand,1659.6,1
C026,Cement,2024-04-16,2354.48,Coal,1859.23,1820.23,28.18,Sell,92,Verified,6487.22,High_Demand,1078.52,0
C077,Steel,2025-01-12,2655.37,Renewable,1410.01,1608.01,27.21,Buy,123,Disputed,5921.94,Low_Demand,827.46,1
C076,Cement,2025-03-07,2497.62,Natural Gas,1298.79,1422.79,27.15,Buy,138,Verified,10134.17,High_Demand,2357.65,1
C087,Manufacturing,2024-07-01,1447.43,Natural Gas,1149.32,1207.32,28.67,Buy,47,Disputed,7784.88,High_Demand,1483.82,1
C082,Energy,2025-08-05,1641.33,Natural Gas,542.55,674.55,24.72,Sell,104,Disputed,18703.05,Low_Demand,1753.33,0
C025,Cement,2024-09-14,918.58,Natural Gas,595.02,489.02,25.87,Sell,82,Disputed,9277.07,Price_Surge,687.85,0
C078,Cement,2025-09-12,1607.52,Natural Gas,985.83,1169.83,26.38,Buy,169,Disputed,8326.81,High_Demand,626.37,1
C018,Manufacturing,2025-04-13,528.71,Natural Gas,241.06,82.06,34.88,Sell,37,Disputed,10107.67,High_Demand,2158.77,0
C027,Steel,2024-10-11,511.51,Renewable,194.29,326.28999999999996,33.81,Buy,50,Verified,17030.79,High_Demand,1519.69,1
C029,Energy,2025-04-09,2210.32,Mixed Fuel,688.07,607.07,21.26,Buy,157,Disputed,10979.02,Low_Demand,2819.24,1
C016,Energy,2025-11-25,2978.25,Natural Gas,2111.6,2193.6,20.45,Buy,194,Disputed,14479.73,Low_Demand,1408.07,1
C065,Steel,2024-06-01,2093.95,Coal,1309.61,1286.61,24.92,Buy,37,Disputed,8352.32,Low_Demand,1482.09,1
C027,Energy,2025-04-15,2908.82,Mixed Fuel,877.32,1020.32,33.35,Sell,148,Verified,7924.17,Price_Surge,2554.6,0
C083,Manufacturing,2024-10-24,2540.28,Natural Gas,1721.51,1555.51,30.91,Sell,31,Verified,8510.46,Price_Surge,1418.52,0
C003,Manufacturing,2024-02-05,1118.02,Mixed Fuel,859.17,693.17,29.54,Sell,59,Disputed,8675.1,Price_Surge,1697.36,0
C035,Energy,2025-01-24,1656.71,Renewable,1042.14,1168.14,33.34,Sell,148,Disputed,15726.67,Low_Demand,2548.63,0
C037,Cement,2024-10-14,1934.73,Coal,1112.63,1055.63,20.81,Sell,38,Verified,6156.67,High_Demand,2730.82,0
C071,Energy,2025-09-12,2959.46,Coal,2027.19,1933.19,27.12,Sell,132,Disputed,8584.45,High_Demand,2003.78,0
C024,Cement,2024-12-15,1379.78,Natural Gas,680.81,695.81,31.2,Buy,27,Disputed,13453.23,Price_Surge,2500.95,1
C078,Manufacturing,2025-04-09,1642.61,Natural Gas,1308.83,1159.83,21.35,Buy,67,Disputed,18944.05,Low_Demand,2880.86,1
C095,Energy,2024-09-10,2102.93,Natural Gas,747.3,718.3,30.77,Buy,76,Verified,18146.66,Low_Demand,2512.93,1
C064,Cement,2025-06-29,1329.74,Renewable,468.14,369.14,24.3,Buy,154,Disputed,16814.55,High_Demand,1028.59,1
C058,Steel,2025-07-19,1550.35,Coal,765.85,611.85,23.95,Sell,167,Verified,5292.39,High_Demand,1229.0,0
C036,Cement,2025-01-08,810.1,Natural Gas,514.07,580.07,23.92,Sell,163,Disputed,19291.25,Price_Surge,2373.17,0
C054,Manufacturing,2025-12-01,828.85,Natural Gas,428.25,434.25,34.43,Buy,111,Verified,10560.96,Low_Demand,540.58,1
C027,Energy,2025-04-30,2239.8,Coal,781.15,641.15,30.36,Buy,150,Verified,9025.89,Low_Demand,1342.65,1
C082,Cement,2025-01-14,893.18,Renewable,508.64,668.64,20.24,Buy,45,Disputed,7033.2,High_Demand,1474.51,1
C038,Cement,2025-01-30,628.09,Renewable,456.88,362.88,22.22,Sell,184,Disputed,5238.87,Low_Demand,2907.5,0
C069,Energy,2024-08-30,1505.72,Mixed Fuel,738.31,894.31,32.6,Sell,157,Verified,17196.64,Low_Demand,1959.82,0
C047,Energy,2025-07-14,1766.24,Natural Gas,796.36,761.36,21.56,Buy,195,Disputed,6583.47,Low_Demand,2680.29,1
C099,Energy,2025-05-02,2012.68,Renewable,1544.76,1359.76,30.88,Sell,80,Verified,19137.77,High_Demand,2012.68,0
C079,Energy,2025-08-12,674.65,Coal,395.85,403.85,24.27,Buy,161,Disputed,15687.99,Price_Surge,885.77,1
C011,Steel,2025-06-19,2703.73,Mixed Fuel,1280.69,1386.69,27.09,Buy,67,Disputed,12084.18,Low_Demand,2567.0,1
C057,Cement,2024-09-16,2733.42,Renewable,1237.83,1383.83,28.3,Sell,172,Verified,5037.28,Price_Surge,1829.25,0
C013,Manufacturing,2025-07-13,2794.88,Natural Gas,2033.35,1932.35,33.41,Buy,50,Verified,16937.1,Price_Surge,1972.95,1
C023,Steel,2025-11-03,2991.02,Natural Gas,1485.07,1452.07,26.02,Buy,37,Disputed,5128.06,Price_Surge,2901.61,1
C023,Energy,2025-07-23,2633.6,Mixed Fuel,1508.84,1600.84,25.15,Buy,53,Disputed,19472.78,Price_Surge,1109.29,1
C071,Cement,2024-07-29,1134.93,Coal,524.98,670.98,34.8,Sell,90,Disputed,12249.55,Low_Demand,541.95,0
C088,Manufacturing,2024-11-10,1238.04,Coal,973.24,927.24,20.49,Buy,40,Verified,17847.64,High_Demand,2436.87,1
C032,Energy,2024-12-27,2335.47,Mixed Fuel,1547.82,1498.82,23.82,Buy,155,Disputed,9722.02,Price_Surge,2432.89,1
C057,Energy,2024-03-17,1710.5,Renewable,1315.6,1423.6,31.41,Sell,39,Disputed,5187.34,Price_Surge,1601.16,0
C082,Cement,2025-12-24,1395.86,Renewable,609.56,712.56,22.73,Buy,24,Verified,9679.15,Low_Demand,816.54,1
C069,Cement,2024-03-14,965.53,Natural Gas,308.69,177.69,28.75,Buy,100,Verified,15350.74,Low_Demand,2019.32,1
C075,Cement,2024-11-26,1317.19,Coal,863.62,855.62,32.87,Sell,121,Disputed,10176.13,High_Demand,1444.77,0
C096,Energy,2024-07-18,1117.87,Renewable,337.99,413.99,20.21,Sell,70,Disputed,15282.41,Price_Surge,2908.9,0
C073,Cement,2025-12-27,1232.29,Natural Gas,959.31,1119.31,24.35,Sell,79,Verified,11655.03,High_Demand,1695.05,0
C096,Energy,2025-11-05,1047.12,Coal,811.09,991.09,21.84,Sell,47,Disputed,13783.41,Price_Surge,2199.17,0
C092,Manufacturing,2024-06-07,1869.56,Natural Gas,1260.44,1142.44,31.04,Sell,46,Verified,19543.65,High_Demand,1957.85,0
C071,Steel,2025-02-25,1470.03,Natural Gas,645.39,835.39,27.41,Sell,125,Verified,11666.23,High_Demand,2400.27,0
C008,Steel,2025-12-17,2272.97,Mixed Fuel,852.21,1039.21,34.43,Sell,121,Verified,15209.35,High_Demand,2474.48,0
C003,Energy,2025-10-09,1221.35,Natural Gas,887.88,922.88,34.24,Buy,66,Disputed,12542.8,Price_Surge,2597.97,1
C003,Manufacturing,2024-03-21,1916.53,Mixed Fuel,1398.89,1261.89,27.66,Sell,55,Disputed,18734.64,Price_Surge,2083.5,0
C093,Energy,2024-09-12,2237.5,Natural Gas,1144.58,1088.58,21.86,Sell,90,Verified,17791.29,High_Demand,1603.12,0
C075,Steel,2025-11-30,915.2,Mixed Fuel,605.81,770.81,23.11,Sell,125,Disputed,7712.81,Low_Demand,2486.3,0
C067,Energy,2025-06-25,1506.72,Coal,925.92,906.92,21.73,Sell,155,Disputed,19653.74,Price_Surge,2204.47,0
C010,Energy,2024-05-10,1830.74,Mixed Fuel,1068.83,1005.8299999999999,20.06,Sell,189,Verified,7673.36,Low_Demand,1118.52,0
C051,Steel,2025-05-03,1429.99,Mixed Fuel,609.61,435.61,31.19,Sell,43,Disputed,13867.73,Price_Surge,2893.9,0
C094,Energy,2025-08-17,505.41,Renewable,346.71,520.71,20.83,Sell,23,Disputed,19542.98,Price_Surge,2437.48,0
C069,Energy,2024-12-12,2658.39,Renewable,1767.93,1691.93,30.25,Sell,175,Disputed,17108.34,High_Demand,2128.03,0
C020,Energy,2025-12-11,2934.07,Coal,2225.89,2266.89,23.55,Sell,196,Verified,13192.93,Price_Surge,2057.0,0
C002,Cement,2024-01-22,713.83,Renewable,449.53,412.53,25.37,Buy,138,Disputed,6753.07,High_Demand,2901.82,1
C056,Manufacturing,2025-03-27,1017.99,Renewable,396.64,517.64,30.41,Sell,87,Verified,12232.41,Low_Demand,2821.76,0
C094,Energy,2025-03-27,2739.1,Mixed Fuel,963.25,855.25,33.51,Sell,35,Verified,10280.67,Low_Demand,1099.03,0
C095,Steel,2024-05-19,1500.07,Coal,863.7,877.7,32.61,Buy,163,Verified,9748.52,High_Demand,1112.99,1
C046,Cement,2024-03-02,940.56,Mixed Fuel,565.74,558.74,28.1,Buy,187,Disputed,17969.46,Price_Surge,2810.69,1
C085,Cement,2024-06-08,2455.97,Natural Gas,1475.38,1648.38,23.31,Sell,170,Verified,17505.32,Price_Surge,1672.43,0
C040,Steel,2025-11-01,1346.85,Natural Gas,850.4,936.4,28.18,Sell,39,Disputed,17717.59,Price_Surge,2668.11,0
C027,Energy,2024-11-16,1821.32,Coal,604.6,647.6,21.47,Buy,50,Verified,11676.09,Low_Demand,1295.78,1
C073,Cement,2024-05-25,1451.44,Coal,996.89,976.89,20.32,Sell,196,Disputed,11070.51,Price_Surge,1774.92,0
C018,Steel,2025-03-17,2249.79,Coal,902.83,1092.83,23.42,Sell,197,Verified,14157.75,Price_Surge,1721.09,0
C080,Energy,2025-10-17,1080.67,Renewable,665.83,833.83,25.49,Sell,89,Disputed,17957.5,Price_Surge,1335.19,0
C091,Steel,2024-05-17,2257.12,Renewable,1204.56,1345.56,26.54,Buy,108,Verified,6852.92,Price_Surge,2371.37,1
C004,Steel,2025-07-08,2625.52,Mixed Fuel,1264.4,1443.4,31.73,Sell,154,Verified,15609.2,Price_Surge,1265.03,0
C093,Cement,2025-12-04,1161.45,Natural Gas,381.14,280.14,32.39,Buy,95,Verified,9032.52,Low_Demand,1435.25,1
C040,Manufacturing,2024-02-02,1194.38,Natural Gas,696.21,884.21,31.84,Buy,50,Disputed,19795.26,High_Demand,1917.53,1
C089,Steel,2024-08-13,821.91,Renewable,307.33,211.32999999999998,31.16,Sell,131,Disputed,14555.84,High_Demand,1915.25,0
C099,Manufacturing,2025-03-25,1816.75,Mixed Fuel,545.04,745.04,30.17,Sell,129,Disputed,19838.37,Price_Surge,1888.88,0
C086,Cement,2025-05-20,1812.2,Coal,1353.71,1413.71,21.3,Sell,87,Verified,8206.02,High_Demand,2980.01,0
C053,Manufacturing,2024-05-26,1282.08,Renewable,945.68,1080.6799999999998,32.89,Buy,94,Disputed,16423.7,Low_Demand,818.83,1
C031,Manufacturing,2025-01-22,2942.45,Coal,2293.6,2205.6,30.31,Buy,49,Disputed,6877.47,Low_Demand,896.01,1
C055,Cement,2025-01-25,1598.85,Coal,671.08,764.08,29.12,Buy,196,Disputed,19500.86,Low_Demand,1741.36,1
C024,Energy,2025-05-12,1120.69,Coal,384.88,217.88,29.38,Sell,36,Disputed,14373.25,Price_Surge,788.15,0
C029,Steel,2024-08-03,2013.58,Renewable,1279.03,1169.03,29.02,Sell,128,Verified,14579.59,High_Demand,1078.27,0
C060,Energy,2024-07-15,2726.22,Mixed Fuel,1920.52,1816.52,25.67,Sell,96,Disputed,6628.43,Low_Demand,630.43,0
C053,Manufacturing,2024-03-08,2046.79,Renewable,1348.97,1321.97,21.11,Buy,64,Verified,14936.87,Price_Surge,2625.83,1
C056,Cement,2024-04-03,2150.35,Coal,674.85,631.85,21.19,Buy,153,Disputed,14133.54,Low_Demand,1587.59,1
C048,Cement,2024-12-01,1219.22,Renewable,546.18,555.18,34.18,Sell,80,Disputed,10437.21,High_Demand,2196.2,0
C037,Energy,2025-06-16,1253.73,Renewable,855.66,696.66,32.07,Buy,80,Verified,6501.59,High_Demand,2974.52,1
C003,Steel,2025-06-30,1744.11,Coal,798.81,821.81,30.74,Buy,109,Verified,6746.91,High_Demand,1364.8,1
C001,Manufacturing,2024-09-15,2582.63,Mixed Fuel,849.19,663.19,29.58,Sell,61,Disputed,14959.19,Price_Surge,2681.76,0
C029,Cement,2025-10-05,2494.52,Coal,1588.01,1458.01,34.41,Buy,42,Verified,10478.84,Low_Demand,1782.37,1
C049,Energy,2024-03-26,1744.73,Renewable,1295.23,1153.23,21.01,Sell,170,Disputed,9794.63,Price_Surge,1163.73,0
C011,Energy,2024-02-13,1558.17,Coal,1236.35,1064.35,30.36,Sell,200,Verified,9118.58,High_Demand,1952.82,0
C029,Cement,2024-04-28,1083.46,Coal,832.61,925.61,27.37,Buy,70,Disputed,10176.69,Price_Surge,2495.13,1
C054,Energy,2025-04-22,1378.83,Renewable,434.09,589.0899999999999,28.75,Sell,127,Disputed,18020.1,Price_Surge,701.83,0
C048,Manufacturing,2024-10-08,2649.83,Renewable,1681.42,1655.42,33.92,Sell,186,Disputed,7115.55,Low_Demand,1164.45,0
C082,Cement,2025-10-25,1232.17,Mixed Fuel,719.5,850.5,32.23,Buy,110,Verified,5308.08,Low_Demand,1674.9,1
C025,Cement,2024-05-25,2440.86,Natural Gas,1223.44,1293.44,30.12,Buy,200,Verified,11874.36,High_Demand,908.21,1
C051,Cement,2024-01-19,1006.29,Mixed Fuel,692.37,594.37,24.93,Buy,141,Verified,11825.08,Price_Surge,1317.06,1
C029,Manufacturing,2025-07-12,1080.05,Mixed Fuel,829.31,934.31,22.59,Buy,43,Disputed,11382.05,High_Demand,1346.61,1
C072,Manufacturing,2025-02-13,696.22,Natural Gas,548.22,696.22,32.31,Buy,55,Verified,8869.77,Price_Surge,2683.94,1
C056,Manufacturing,2024-06-23,2092.13,Natural Gas,1044.7,892.7,29.16,Sell,115,Disputed,9848.16,Low_Demand,557.16,0
C037,Energy,2024-03-15,1121.71,Coal,536.25,378.25,21.12,Buy,152,Verified,10686.24,Price_Surge,2848.17,1
C049,Energy,2024-08-29,832.31,Renewable,302.37,364.37,31.13,Buy,44,Verified,7653.12,Price_Surge,2001.43,1
C033,Cement,2025-05-03,911.2,Renewable,349.93,216.93,31.89,Sell,84,Verified,13571.3,High_Demand,2770.97,0
C001,Manufacturing,2025-07-09,1051.17,Coal,764.81,576.81,24.55,Sell,89,Disputed,18809.68,Low_Demand,2515.52,0
C031,Cement,2024-11-24,1771.62,Renewable,961.95,1055.95,26.94,Sell,125,Verified,7252.59,Low_Demand,2343.17,0
C039,Manufacturing,2025-02-01,1284.84,Coal,868.45,696.45,26.23,Buy,89,Verified,8962.2,Low_Demand,2658.94,1
C083,Cement,2024-07-16,1448.14,Natural Gas,695.38,749.38,23.16,Buy,128,Verified,19939.36,High_Demand,1449.2,1
C068,Steel,2024-04-08,2331.8,Natural Gas,1265.79,1076.79,24.84,Buy,192,Disputed,6925.25,Low_Demand,787.76,1
C020,Steel,2025-11-05,2181.35,Renewable,1299.39,1352.39,22.14,Buy,75,Disputed,14125.75,High_Demand,1328.9,1
C082,Energy,2024-09-19,2279.48,Coal,1340.11,1264.11,31.75,Buy,122,Verified,13072.18,High_Demand,2641.33,1
C005,Manufacturing,2025-03-08,2381.2,Renewable,1429.22,1410.22,30.05,Sell,177,Verified,12346.86,High_Demand,715.18,0
C055,Steel,2025-11-24,1248.65,Mixed Fuel,638.73,817.73,31.32,Sell,78,Verified,7603.65,Low_Demand,1206.52,0
C015,Steel,2025-05-17,2339.6,Mixed Fuel,1377.33,1454.33,21.64,Sell,147,Verified,18410.22,High_Demand,1654.2,0
C083,Energy,2024-06-03,1692.22,Coal,735.55,662.55,28.01,Sell,172,Disputed,19124.69,Price_Surge,1777.82,0
C098,Cement,2024-03-07,2090.13,Natural Gas,674.62,668.62,30.51,Sell,115,Disputed,11523.48,Price_Surge,1477.43,0
C011,Manufacturing,2024-08-27,1762.88,Mixed Fuel,552.83,363.83000000000004,34.97,Buy,168,Disputed,16720.35,Price_Surge,1478.43,1
C056,Steel,2025-09-21,1638.03,Renewable,747.04,568.04,21.1,Buy,83,Disputed,18454.45,High_Demand,2377.49,1
C006,Cement,2025-01-09,1249.78,Coal,528.23,581.23,29.82,Sell,86,Verified,18840.51,High_Demand,2927.26,0
C082,Cement,2025-02-18,2351.97,Mixed Fuel,1382.64,1297.64,34.14,Buy,36,Disputed,7709.29,Price_Surge,783.89,1
C095,Energy,2024-12-13,750.92,Renewable,501.78,322.78,27.91,Buy,70,Disputed,10206.74,High_Demand,2350.96,1
C005,Cement,2024-12-12,2511.92,Mixed Fuel,1196.38,1358.38,21.28,Buy,52,Disputed,14833.44,Low_Demand,1432.78,1
C015,Energy,2025-08-07,575.04,Mixed Fuel,288.88,221.88,31.96,Buy,105,Verified,8132.73,High_Demand,678.15,1
C049,Energy,2025-11-04,1556.48,Mixed Fuel,527.31,522.31,31.95,Buy,193,Verified,16907.53,High_Demand,725.27,1
C095,Cement,2024-08-17,2097.81,Natural Gas,787.49,822.49,34.45,Buy,62,Disputed,7447.91,Low_Demand,2821.1,1
C009,Steel,2024-08-04,2356.19,Mixed Fuel,996.45,950.45,26.25,Sell,187,Disputed,10934.67,High_Demand,886.62,0
C044,Energy,2025-09-05,1232.06,Natural Gas,605.79,531.79,33.0,Sell,151,Verified,15684.67,Low_Demand,1048.32,0
C015,Manufacturing,2025-02-02,1752.31,Mixed Fuel,1285.58,1147.58,32.6,Sell,164,Disputed,8948.4,Low_Demand,557.73,0
C055,Manufacturing,2024-01-30,2058.96,Mixed Fuel,1444.77,1399.77,29.01,Sell,176,Disputed,19181.53,Price_Surge,1712.47,0
C067,Energy,2025-04-15,2648.13,Coal,1630.83,1708.83,30.97,Sell,149,Disputed,5058.86,High_Demand,906.22,0
C003,Manufacturing,2025-09-19,1297.6,Mixed Fuel,735.21,549.21,29.36,Buy,100,Verified,10398.8,Low_Demand,1101.02,1
C046,Energy,2025-08-15,641.25,Natural Gas,499.53,363.53,32.4,Sell,27,Disputed,12459.89,Price_Surge,1258.58,0
C072,Steel,2025-03-20,1007.56,Renewable,764.53,823.53,33.21,Buy,73,Disputed,14901.79,Price_Surge,985.9,1
C023,Steel,2025-02-09,2012.19,Natural Gas,811.56,750.56,22.7,Buy,96,Disputed,12221.93,Price_Surge,2348.6,1
C003,Manufacturing,2024-01-16,1907.52,Renewable,660.74,660.74,24.31,Sell,65,Disputed,5960.06,Low_Demand,2101.85,0
C082,Cement,2024-03-08,2392.95,Mixed Fuel,945.96,825.96,29.07,Sell,29,Verified,9243.02,Low_Demand,1532.47,0
C002,Energy,2024-11-11,2482.11,Natural Gas,1678.9,1636.9,34.21,Buy,53,Verified,18817.76,High_Demand,2291.83,1
C100,Steel,2024-06-23,1242.21,Coal,918.71,1088.71,30.04,Sell,153,Verified,19363.73,Price_Surge,1058.42,0
C026,Steel,2025-01-09,1681.17,Renewable,1170.48,1118.48,34.88,Sell,104,Verified,15917.82,Price_Surge,2782.33,0
C063,Cement,2025-05-01,1948.46,Natural Gas,1145.09,1252.09,27.62,Sell,159,Verified,16183.99,High_Demand,1744.35,0
C087,Steel,2025-08-13,855.09,Coal,270.65,161.64999999999998,32.34,Sell,31,Disputed,12358.44,High_Demand,2288.67,0
C011,Cement,2025-12-10,2622.53,Mixed Fuel,1042.17,985.1700000000001,22.32,Sell,116,Disputed,12306.07,High_Demand,612.06,0
C051,Manufacturing,2025-11-03,1091.93,Renewable,524.95,345.95000000000005,24.19,Buy,99,Disputed,6079.25,High_Demand,2223.6,1
C010,Energy,2024-04-21,1270.76,Coal,969.86,1145.8600000000001,29.94,Sell,193,Verified,15883.42,Price_Surge,2125.98,0
C001,Cement,2024-09-04,1707.52,Natural Gas,751.64,591.64,27.19,Buy,30,Verified,7358.34,Price_Surge,774.18,1
C071,Cement,2024-02-18,1625.16,Renewable,1286.66,1475.66,32.16,Buy,115,Verified,10360.03,High_Demand,2387.53,1
C006,Cement,2024-05-09,2047.49,Renewable,911.98,1098.98,28.28,Sell,38,Disputed,7091.22,High_Demand,1461.82,0
C037,Energy,2024-07-02,1677.14,Renewable,1235.79,1038.79,23.88,Sell,146,Verified,10313.51,Price_Surge,1522.38,0
C066,Cement,2024-09-12,1794.54,Natural Gas,1271.65,1421.65,33.96,Buy,136,Verified,6372.51,Price_Surge,2590.13,1
C005,Manufacturing,2024-10-11,2696.78,Renewable,1989.52,1928.52,21.63,Buy,120,Verified,6379.4,Price_Surge,987.08,1
C024,Manufacturing,2024-08-12,555.26,Renewable,188.78,105.78,27.66,Buy,66,Disputed,15970.67,High_Demand,1489.22,1
C071,Cement,2024-10-01,842.52,Coal,420.85,609.85,30.66,Buy,142,Verified,6139.18,High_Demand,2889.91,1
C060,Cement,2025-11-03,1440.1,Natural Gas,765.7,838.7,27.07,Buy,192,Disputed,7330.78,Low_Demand,2787.68,1
C016,Steel,2024-05-19,2013.13,Natural Gas,1352.62,1538.62,28.39,Sell,37,Verified,9185.19,High_Demand,2087.33,0
C036,Energy,2024-03-31,1096.37,Mixed Fuel,698.27,622.27,21.76,Sell,87,Verified,5751.15,Price_Surge,2170.37,0
C041,Steel,2024-12-29,1237.09,Mixed Fuel,459.01,454.01,20.95,Buy,25,Disputed,11496.47,Low_Demand,2720.49,1
C087,Manufacturing,2025-10-18,1070.82,Natural Gas,623.83,584.83,34.24,Buy,110,Verified,6977.12,Price_Surge,1402.41,1
C040,Cement,2024-07-10,2212.36,Coal,1763.02,1710.02,23.58,Buy,135,Verified,18331.46,Price_Surge,2069.04,1
C093,Steel,2024-09-20,825.85,Mixed Fuel,618.75,487.75,22.39,Buy,134,Disputed,15316.34,Price_Surge,755.19,1
C084,Cement,2025-12-18,2247.09,Renewable,1655.9,1699.9,27.0,Buy,75,Verified,13740.41,Low_Demand,2545.12,1
C025,Cement,2024-02-13,1789.48,Renewable,1023.1,846.1,33.08,Sell,117,Verified,9801.91,Low_Demand,1156.05,0
C041,Steel,2025-05-22,1277.15,Renewable,797.67,894.67,23.84,Buy,130,Verified,13809.82,Low_Demand,1754.61,1
C035,Energy,2025-10-20,1532.35,Mixed Fuel,621.14,619.14,30.06,Sell,126,Verified,7377.89,Low_Demand,2712.32,0
C077,Energy,2025-09-07,2790.92,Mixed Fuel,1559.74,1391.74,28.29,Buy,166,Disputed,12275.65,Low_Demand,2882.24,1
C089,Energy,2025-06-10,2033.23,Mixed Fuel,650.77,763.77,20.69,Sell,36,Verified,8918.55,High_Demand,2122.72,0
C062,Energy,2024-05-02,1948.05,Renewable,1401.49,1218.49,33.14,Buy,27,Disputed,10312.89,Low_Demand,782.98,1
C052,Manufacturing,2025-08-11,726.98,Natural Gas,527.15,439.15,34.93,Sell,167,Disputed,6667.49,High_Demand,2905.19,0
C052,Steel,2024-03-01,1357.25,Coal,916.05,1025.05,27.0,Sell,46,Verified,15321.73,Low_Demand,2899.11,0
C056,Energy,2024-06-05,1016.44,Coal,498.62,617.62,30.44,Buy,180,Verified,8152.07,Low_Demand,513.12,1
C089,Energy,2024-02-25,1068.53,Renewable,541.77,569.77,33.11,Buy,36,Verified,13334.61,Low_Demand,2760.35,1
C006,Energy,2025-04-19,1659.7,Renewable,1023.27,966.27,30.93,Sell,27,Verified,16100.81,Low_Demand,2822.26,0
C060,Cement,2024-11-18,1135.15,Mixed Fuel,878.42,800.42,29.82,Buy,128,Disputed,15389.13,High_Demand,2786.68,1
C048,Steel,2024-08-22,612.08,Renewable,293.97,162.97000000000003,20.25,Buy,126,Disputed,10973.16,Price_Surge,754.23,1
C001,Manufacturing,2024-01-10,1182.85,Mixed Fuel,774.47,611.47,31.6,Sell,102,Verified,6470.15,High_Demand,2294.26,0
C030,Steel,2025-02-21,1786.89,Coal,1030.47,906.47,28.71,Sell,148,Verified,9673.84,Low_Demand,1854.51,0
C088,Steel,2025-09-02,1961.99,Coal,795.23,769.23,20.78,Sell,160,Verified,8226.66,High_Demand,1361.62,0
C099,Steel,2024-06-16,2193.15,Mixed Fuel,991.23,864.23,21.76,Buy,191,Verified,13673.36,Price_Surge,1794.3,1
C024,Manufacturing,2025-10-19,548.38,Natural Gas,383.77,370.77,22.81,Sell,57,Verified,10702.78,Price_Surge,2889.56,0
C042,Manufacturing,2024-06-24,1789.73,Natural Gas,696.45,869.45,23.87,Sell,189,Verified,15853.69,Price_Surge,2862.86,0
C040,Manufacturing,2024-04-12,672.93,Mixed Fuel,476.85,297.85,22.04,Sell,136,Verified,11667.62,High_Demand,2572.41,0
C005,Manufacturing,2025-06-01,1094.94,Natural Gas,519.14,489.14,28.13,Buy,143,Disputed,16643.67,Low_Demand,2757.71,1
C092,Cement,2025-08-28,545.02,Coal,323.25,376.25,21.07,Sell,77,Verified,8514.99,High_Demand,684.93,0
C046,Energy,2024-01-28,1791.99,Coal,631.17,695.17,29.43,Buy,189,Disputed,8176.21,Price_Surge,2065.34,1
C014,Cement,2025-02-10,525.15,Mixed Fuel,310.43,433.43,28.25,Buy,81,Verified,19194.97,Low_Demand,1536.32,1
C027,Manufacturing,2024-01-31,1132.51,Coal,348.24,407.24,34.49,Buy,126,Disputed,13898.2,Price_Surge,1173.13,1
C048,Cement,2025-03-18,2494.53,Mixed Fuel,1811.75,1904.75,33.07,Sell,180,Disputed,15729.47,Low_Demand,1672.21,0
C025,Manufacturing,2025-01-02,2146.97,Natural Gas,1014.17,1031.17,21.27,Sell,149,Disputed,5952.4,High_Demand,653.76,0
C057,Manufacturing,2024-04-30,1688.84,Mixed Fuel,585.14,615.14,25.48,Buy,180,Disputed,5737.15,Low_Demand,955.08,1
C052,Manufacturing,2024-01-01,1028.56,Mixed Fuel,787.82,775.82,34.48,Buy,77,Disputed,5706.56,Price_Surge,910.36,1
C020,Cement,2024-07-05,2533.13,Natural Gas,1789.89,1940.89,32.46,Sell,189,Verified,7022.52,Price_Surge,1249.43,0
C094,Cement,2025-05-23,1699.23,Coal,1195.4,1226.4,20.53,Buy,75,Disputed,5666.6,High_Demand,2121.22,1
C050,Cement,2025-11-22,2022.91,Mixed Fuel,1019.42,851.42,34.76,Sell,60,Verified,15150.86,High_Demand,525.03,0
C039,Steel,2024-06-01,2400.79,Natural Gas,1224.01,1176.01,23.51,Sell,128,Verified,11800.48,High_Demand,2985.29,0
C100,Manufacturing,2025-03-12,1209.47,Mixed Fuel,620.77,620.77,20.89,Sell,187,Verified,8059.83,Low_Demand,1279.41,0
C050,Energy,2025-12-10,925.69,Renewable,430.47,239.47000000000003,23.71,Buy,89,Verified,13323.95,Low_Demand,1199.11,1
C031,Steel,2025-09-05,2012.9,Natural Gas,1114.25,1223.25,25.83,Sell,48,Disputed,10983.36,High_Demand,922.36,0
C016,Steel,2025-02-23,1240.57,Renewable,923.39,987.39,33.11,Sell,105,Disputed,13166.97,High_Demand,1868.71,0
C026,Manufacturing,2025-09-29,1296.89,Mixed Fuel,602.2,688.2,34.06,Sell,32,Verified,12520.67,Price_Surge,1361.54,0
C085,Steel,2025-10-10,2348.49,Coal,879.29,840.29,26.24,Buy,66,Verified,6591.83,Price_Surge,1153.2,1
C071,Manufacturing,2024-04-20,2923.74,Mixed Fuel,1945.05,1819.05,22.14,Sell,174,Verified,5451.41,Low_Demand,1465.52,0
C017,Energy,2025-07-22,1778.3,Renewable,916.3,897.3,33.64,Buy,194,Verified,16379.98,Low_Demand,1436.2,1
C074,Energy,2025-12-01,2941.56,Natural Gas,2240.75,2423.75,25.72,Buy,100,Verified,16024.26,High_Demand,2888.38,1
C035,Cement,2024-09-10,1027.16,Coal,807.9,813.9,20.59,Buy,117,Disputed,7614.85,Low_Demand,934.07,1
C036,Manufacturing,2025-01-12,1673.58,Coal,647.86,651.86,28.52,Sell,28,Verified,14647.09,High_Demand,651.25,0
C039,Energy,2025-02-19,2516.09,Coal,1958.22,1955.22,28.22,Sell,60,Verified,12390.38,High_Demand,1612.31,0
C035,Cement,2025-09-29,1231.07,Natural Gas,666.49,665.49,33.01,Buy,180,Disputed,17995.26,Price_Surge,2812.94,1
C099,Manufacturing,2025-03-20,2523.15,Renewable,1532.65,1428.65,35.0,Sell,59,Disputed,9574.32,High_Demand,1391.01,0
C097,Energy,2024-11-15,2886.3,Natural Gas,869.36,1025.3600000000001,34.59,Sell,48,Verified,13083.18,Low_Demand,1261.0,0
C095,Manufacturing,2024-06-18,843.1,Mixed Fuel,645.0,720.0,22.74,Buy,57,Verified,9101.47,High_Demand,1774.64,1
C097,Energy,2024-11-13,1496.72,Natural Gas,1037.23,945.23,21.25,Sell,79,Verified,17841.62,High_Demand,2780.26,0
C026,Energy,2024-09-21,1165.49,Natural Gas,362.14,519.14,24.69,Sell,136,Disputed,14280.13,High_Demand,1887.66,0
C021,Energy,2025-10-07,1948.61,Renewable,708.58,613.58,24.07,Sell,182,Disputed,12966.33,Low_Demand,1163.53,0
C059,Manufacturing,2024-02-23,2859.17,Mixed Fuel,2082.05,1966.0500000000002,20.1,Sell,192,Disputed,12736.07,Price_Surge,2351.22,0
C041,Steel,2025-02-04,1108.69,Natural Gas,411.18,504.18,25.41,Sell,101,Disputed,10377.0,Low_Demand,996.58,0
C046,Manufacturing,2024-05-12,886.45,Mixed Fuel,340.83,301.83,20.61,Sell,50,Verified,15826.41,Low_Demand,1325.82,0
C057,Manufacturing,2024-05-02,588.51,Renewable,345.09,500.09,34.66,Buy,36,Verified,7735.47,Low_Demand,2137.5,1
C080,Energy,2024-07-03,2170.21,Renewable,1254.38,1357.38,33.26,Buy,38,Disputed,6533.44,Low_Demand,1717.05,1
C058,Steel,2024-02-23,2097.25,Natural Gas,1134.64,1132.64,32.0,Sell,154,Verified,7560.37,Price_Surge,1206.26,0
C030,Manufacturing,2024-07-12,805.06,Mixed Fuel,456.67,422.67,30.09,Sell,75,Verified,19548.47,Price_Surge,891.63,0
C023,Steel,2024-04-28,837.56,Coal,625.68,780.68,27.33,Sell,23,Disputed,15398.17,Price_Surge,1655.07,0
C007,Cement,2024-03-27,1371.94,Mixed Fuel,988.91,1109.9099999999999,25.78,Buy,100,Disputed,8107.72,High_Demand,586.38,1
C093,Manufacturing,2024-10-16,1255.55,Renewable,535.01,371.01,34.03,Buy,184,Disputed,10838.7,Low_Demand,2741.67,1
C024,Cement,2025-11-17,2896.79,Renewable,2149.09,2338.09,30.86,Sell,164,Disputed,19407.49,High_Demand,852.88,0
C053,Cement,2025-10-22,1800.08,Renewable,1103.73,1231.73,23.97,Buy,193,Verified,9191.29,Price_Surge,1127.83,1
C068,Cement,2024-03-14,2342.93,Natural Gas,800.89,797.89,22.13,Sell,140,Disputed,8530.59,High_Demand,2950.99,0
C056,Manufacturing,2024-07-08,1664.13,Mixed Fuel,923.39,852.39,22.62,Buy,157,Disputed,17238.53,High_Demand,2471.53,1
C049,Energy,2024-04-27,602.43,Mixed Fuel,300.31,446.31,30.31,Buy,180,Verified,10721.59,Low_Demand,507.07,1
C059,Steel,2025-11-11,1039.53,Coal,803.99,933.99,25.58,Sell,107,Verified,6080.98,Price_Surge,1992.32,0
C098,Energy,2024-04-01,1840.56,Natural Gas,724.06,576.06,26.87,Buy,140,Verified,19676.42,Price_Surge,898.91,1
C037,Manufacturing,2025-09-11,2099.77,Natural Gas,1569.1,1557.1,33.14,Buy,60,Disputed,9482.37,Low_Demand,1785.66,1
C016,Energy,2025-07-14,1858.58,Mixed Fuel,1437.52,1320.52,28.15,Sell,27,Verified,17490.42,Price_Surge,515.18,0
C041,Energy,2024-10-18,2497.03,Coal,1533.29,1539.29,23.62,Buy,126,Disputed,5671.98,Low_Demand,696.29,1
C085,Cement,2024-08-25,1074.71,Renewable,555.56,475.55999999999995,29.44,Buy,30,Disputed,8862.25,Price_Surge,1845.98,1
C011,Energy,2024-08-29,706.97,Natural Gas,392.67,535.6700000000001,24.43,Sell,109,Verified,9188.08,Low_Demand,2239.67,0
C001,Steel,2025-04-21,1638.38,Renewable,659.84,489.84000000000003,20.09,Sell,29,Disputed,17951.6,High_Demand,1082.07,0
C068,Manufacturing,2025-01-26,2056.7,Mixed Fuel,1150.69,1323.69,31.68,Sell,157,Disputed,6955.18,Price_Surge,2746.29,0
C006,Manufacturing,2024-01-30,1294.34,Mixed Fuel,499.58,319.58,26.54,Sell,118,Disputed,8598.52,Price_Surge,508.02,0
C004,Cement,2024-09-15,1397.69,Coal,754.02,875.02,29.09,Buy,187,Disputed,19129.74,Low_Demand,1892.73,1
C025,Manufacturing,2025-07-14,1765.1,Renewable,587.19,692.19,21.28,Sell,59,Verified,12575.39,Low_Demand,1525.78,0
C020,Cement,2024-09-18,2653.86,Mixed Fuel,1304.57,1484.57,27.63,Buy,144,Verified,5892.01,Low_Demand,1763.15,1
C020,Manufacturing,2024-12-31,1126.18,Renewable,797.33,866.33,24.34,Buy,97,Disputed,14465.17,High_Demand,1034.25,1
C056,Cement,2024-12-06,2937.69,Mixed Fuel,1880.97,2014.97,24.29,Buy,135,Verified,5404.64,Low_Demand,2325.11,1
C014,Energy,2025-11-02,1115.93,Natural Gas,876.13,1033.13,29.69,Sell,180,Disputed,6215.74,High_Demand,954.14,0
C011,Cement,2024-06-21,2455.55,Natural Gas,1931.76,1738.76,31.08,Buy,41,Disputed,6085.71,High_Demand,2550.56,1
C094,Steel,2024-05-19,1715.04,Renewable,735.36,553.36,23.6,Buy,85,Verified,15317.92,High_Demand,899.91,1
C073,Cement,2024-07-24,1468.56,Renewable,487.76,398.76,22.95,Buy,195,Verified,12624.11,Price_Surge,804.33,1
C018,Cement,2024-02-29,790.28,Mixed Fuel,322.7,334.7,24.6,Buy,139,Disputed,13786.69,Price_Surge,2051.78,1
C050,Manufacturing,2024-12-14,2153.85,Renewable,1189.26,1281.26,23.65,Buy,148,Disputed,16038.7,High_Demand,1285.1,1
C048,Energy,2025-01-29,2016.43,Coal,1465.17,1456.17,30.05,Buy,30,Disputed,8852.93,Price_Surge,2475.99,1
C060,Energy,2025-12-23,2141.62,Renewable,1506.33,1391.33,28.49,Sell,162,Disputed,19545.57,Low_Demand,805.57,0
C008,Cement,2025-08-16,2113.9,Renewable,827.92,952.92,29.58,Sell,98,Disputed,16626.73,Price_Surge,2811.38,0
C049,Steel,2024-02-26,2860.86,Natural Gas,2010.75,2017.75,33.01,Sell,121,Verified,13432.29,Price_Surge,999.01,0
C018,Cement,2025-08-14,1312.7,Natural Gas,575.86,570.86,20.64,Sell,114,Verified,11857.47,High_Demand,1277.76,0
C006,Manufacturing,2025-03-01,1860.83,Coal,865.93,989.93,31.3,Buy,77,Disputed,18436.58,High_Demand,1787.97,1
C068,Energy,2024-02-14,1964.52,Natural Gas,736.18,759.18,30.15,Buy,128,Disputed,12368.56,Low_Demand,834.85,1
C046,Cement,2025-01-14,2798.98,Coal,1995.0,2012.0,33.66,Sell,165,Disputed,16097.9,Low_Demand,2971.49,0
C046,Steel,2025-04-29,877.16,Coal,282.98,477.98,29.67,Buy,45,Disputed,8611.93,High_Demand,639.73,1
C006,Manufacturing,2024-09-10,2199.14,Natural Gas,1368.68,1522.68,29.74,Buy,168,Verified,12185.43,High_Demand,2525.89,1
C064,Cement,2025-09-20,1692.47,Coal,530.37,582.37,27.65,Buy,115,Disputed,15875.32,High_Demand,2290.09,1
C002,Manufacturing,2025-01-05,1368.43,Coal,988.13,1064.13,28.56,Buy,111,Verified,7174.84,High_Demand,2639.49,1
C057,Cement,2024-02-18,1643.49,Mixed Fuel,848.91,875.91,21.13,Buy,147,Disputed,18994.06,Low_Demand,2896.95,1
C044,Steel,2025-06-27,2689.21,Natural Gas,1957.77,1924.77,21.22,Sell,179,Disputed,9014.43,Price_Surge,1223.25,0
C083,Manufacturing,2024-12-23,619.74,Mixed Fuel,480.0,671.0,20.21,Sell,30,Verified,17906.95,High_Demand,2551.91,0
C010,Cement,2025-10-30,1534.07,Coal,890.99,1055.99,31.09,Sell,108,Verified,7060.54,Low_Demand,1274.8,0
C078,Cement,2024-06-25,2585.66,Renewable,1735.11,1894.11,34.77,Buy,146,Verified,19534.61,High_Demand,2008.39,1
C095,Steel,2025-07-18,1129.93,Mixed Fuel,585.76,628.76,27.27,Buy,36,Disputed,17682.49,High_Demand,1260.12,1
C086,Cement,2025-03-31,2145.99,Renewable,801.44,723.44,29.5,Sell,32,Verified,8200.97,Price_Surge,595.51,0
C033,Manufacturing,2024-01-01,1725.44,Renewable,1164.27,1181.27,22.42,Buy,165,Verified,7094.64,High_Demand,2045.22,1
C069,Manufacturing,2024-01-09,1989.92,Natural Gas,648.8,538.8,26.51,Buy,96,Disputed,15298.03,Price_Surge,1311.29,1
C014,Manufacturing,2025-07-23,1291.06,Natural Gas,876.64,1058.6399999999999,21.05,Buy,61,Verified,10682.86,Price_Surge,1764.94,1
C093,Manufacturing,2025-03-09,2921.04,Coal,1286.97,1133.97,20.21,Buy,123,Disputed,13995.44,High_Demand,2334.14,1
C082,Manufacturing,2024-03-19,851.63,Mixed Fuel,511.43,340.43,29.11,Sell,100,Disputed,14334.46,Low_Demand,1569.21,0
C041,Steel,2025-02-28,2043.13,Natural Gas,868.2,929.2,28.89,Sell,120,Disputed,7126.87,Low_Demand,2749.6,0
C082,Manufacturing,2024-10-16,1027.37,Natural Gas,543.98,679.98,23.31,Sell,160,Disputed,6296.6,Price_Surge,2764.65,0
C005,Steel,2025-01-02,1171.6,Mixed Fuel,483.72,411.72,28.5,Buy,81,Disputed,19020.91,Price_Surge,2594.63,1
C098,Cement,2024-08-19,1076.65,Renewable,835.78,968.78,20.41,Sell,145,Disputed,15952.15,Low_Demand,2674.26,0
C063,Steel,2024-04-05,735.84,Natural Gas,297.41,106.41000000000003,26.72,Buy,93,Disputed,7908.06,Price_Surge,2563.96,1
C036,Steel,2025-03-17,1283.18,Coal,1008.76,1026.76,27.19,Sell,116,Verified,9252.21,Price_Surge,507.31,0
C027,Energy,2024-06-01,2635.03,Natural Gas,1192.18,1270.18,26.67,Sell,94,Disputed,14006.84,Price_Surge,1379.69,0
C075,Manufacturing,2025-09-10,1267.71,Renewable,911.46,1104.46,20.67,Buy,147,Disputed,18936.9,Price_Surge,2600.92,1
C007,Energy,2025-12-31,1565.56,Natural Gas,812.11,1000.11,20.13,Buy,25,Disputed,12318.15,Low_Demand,2222.9,1
C042,Manufacturing,2024-02-11,2023.46,Natural Gas,884.49,994.49,23.76,Buy,163,Verified,9700.65,High_Demand,1295.26,1
C002,Energy,2024-05-13,2647.0,Mixed Fuel,1620.09,1584.09,31.06,Buy,88,Verified,15377.96,Price_Surge,1454.83,1
C094,Manufacturing,2025-09-01,1163.33,Coal,790.04,717.04,27.8,Sell,186,Verified,15980.71,High_Demand,2771.77,0
C094,Steel,2024-05-17,2334.19,Coal,1516.08,1351.08,24.12,Buy,123,Verified,18764.3,Low_Demand,2420.66,1
C071,Energy,2025-12-27,500.65,Renewable,320.94,123.94,28.01,Buy,22,Disputed,11338.54,Low_Demand,1555.05,1
C011,Cement,2025-10-24,2205.2,Coal,840.98,693.98,21.28,Sell,172,Verified,6077.63,Low_Demand,2008.81,0
C004,Cement,2025-11-08,1802.13,Renewable,1234.43,1326.43,27.7,Sell,136,Disputed,15639.25,Low_Demand,2504.67,0
C059,Cement,2024-09-27,1271.66,Coal,458.51,262.51,30.65,Buy,78,Disputed,10545.25,Price_Surge,2899.3,1
C027,Cement,2025-06-24,976.16,Renewable,559.8,492.79999999999995,31.68,Buy,53,Disputed,14743.99,Low_Demand,2207.29,1
C025,Steel,2025-07-28,856.26,Renewable,444.37,298.37,27.74,Buy,148,Verified,19854.25,Low_Demand,1366.89,1
C076,Manufacturing,2024-10-14,1674.56,Coal,605.32,434.32000000000005,24.66,Buy,44,Verified,5020.27,Price_Surge,889.73,1
C100,Energy,2024-10-03,1696.8,Renewable,1102.56,1024.56,23.9,Buy,175,Disputed,15637.54,High_Demand,591.53,1
C080,Steel,2024-09-14,2898.21,Coal,1998.81,1799.81,24.49,Sell,90,Verified,5683.1,Low_Demand,2253.2,0
C069,Energy,2025-04-29,2572.14,Renewable,1195.45,1001.45,33.38,Buy,88,Verified,9564.74,High_Demand,1056.81,1
C035,Cement,2025-01-16,2163.4,Mixed Fuel,1579.01,1510.01,34.33,Sell,43,Disputed,16032.22,Price_Surge,1774.8,0
C017,Steel,2024-05-01,609.73,Renewable,303.04,115.04000000000002,20.96,Buy,151,Verified,7215.92,High_Demand,2429.74,1
C037,Steel,2025-09-03,1472.03,Coal,848.18,708.18,34.56,Buy,192,Verified,5394.78,Price_Surge,761.01,1
C087,Cement,2024-10-22,2266.09,Natural Gas,1523.33,1605.33,27.46,Buy,90,Verified,16410.58,High_Demand,1984.42,1
C062,Steel,2025-01-28,1674.85,Renewable,828.98,982.98,25.84,Buy,127,Verified,13767.59,High_Demand,1139.41,1
C061,Cement,2025-12-31,1321.28,Renewable,609.3,799.3,34.55,Sell,91,Disputed,7686.45,Price_Surge,1393.14,0
C090,Steel,2024-12-17,1826.69,Coal,1135.9,1320.9,29.97,Sell,114,Disputed,10870.49,Low_Demand,1488.16,0
C063,Cement,2024-03-31,703.21,Natural Gas,411.06,229.06,31.42,Sell,58,Disputed,10978.14,High_Demand,1337.65,0
C057,Energy,2025-02-04,1125.4,Renewable,602.6,523.6,30.03,Sell,49,Disputed,14474.05,Low_Demand,1308.77,0
C057,Energy,2024-05-16,2187.04,Renewable,1586.55,1603.55,20.02,Buy,126,Disputed,16650.49,Price_Surge,2690.29,1
C088,Energy,2025-02-02,2771.74,Coal,2011.07,1820.07,29.09,Buy,127,Verified,11369.4,High_Demand,1870.77,1
C076,Manufacturing,2025-07-21,1219.96,Renewable,605.85,503.85,32.4,Sell,123,Verified,17211.22,Low_Demand,1230.34,0
C079,Steel,2025-02-21,2471.0,Mixed Fuel,1733.89,1833.89,24.11,Buy,42,Disputed,10819.22,Low_Demand,1690.05,1
C034,Manufacturing,2025-04-26,1734.23,Mixed Fuel,862.87,855.87,28.56,Buy,49,Disputed,10850.79,Price_Surge,1431.34,1
C022,Cement,2025-02-23,823.57,Mixed Fuel,357.07,356.07,30.52,Sell,162,Disputed,6147.51,Price_Surge,670.41,0
C025,Energy,2024-12-09,2153.52,Coal,1014.77,1006.77,25.57,Buy,137,Disputed,5162.57,High_Demand,891.3,1
C027,Manufacturing,2025-05-15,1448.78,Coal,695.49,835.49,28.11,Buy,191,Verified,8716.95,High_Demand,1621.67,1
C028,Manufacturing,2025-11-04,1243.5,Mixed Fuel,733.1,579.1,33.6,Sell,32,Disputed,14241.43,Low_Demand,1871.01,0
C033,Energy,2024-12-18,2764.65,Renewable,1813.92,1934.92,28.8,Buy,90,Disputed,11408.44,Price_Surge,702.32,1
C089,Manufacturing,2025-06-01,1881.44,Mixed Fuel,636.9,538.9,25.42,Buy,71,Disputed,5896.99,Price_Surge,2171.4,1
C093,Energy,2025-12-24,2114.36,Renewable,1319.59,1468.59,26.17,Buy,46,Verified,15365.54,Price_Surge,586.38,1
C056,Cement,2025-04-14,1442.85,Coal,1145.42,1217.42,26.96,Sell,36,Verified,11934.86,High_Demand,848.86,0
C095,Manufacturing,2024-03-19,748.0,Natural Gas,589.74,457.74,28.95,Sell,69,Disputed,12981.76,Low_Demand,1465.51,0
C028,Cement,2025-08-09,2841.64,Mixed Fuel,1899.37,2068.37,27.09,Sell,170,Disputed,8881.25,Low_Demand,1856.93,0
C051,Steel,2024-08-18,837.09,Mixed Fuel,623.88,676.88,27.7,Sell,113,Disputed,17542.23,Price_Surge,1406.25,0
C096,Energy,2024-07-26,2946.09,Natural Gas,1641.58,1739.58,34.37,Sell,73,Disputed,16498.86,Low_Demand,2749.76,0
C060,Energy,2024-05-04,1315.78,Coal,661.62,805.62,27.89,Sell,169,Verified,9038.36,Low_Demand,1049.04,0
C040,Steel,2024-12-25,1579.43,Renewable,755.92,833.92,20.67,Buy,21,Verified,16943.3,Low_Demand,1896.15,1
C033,Energy,2024-01-02,1654.81,Natural Gas,592.47,617.47,34.03,Buy,39,Disputed,10313.81,High_Demand,1719.4,1
C009,Steel,2024-10-05,620.62,Coal,189.95,270.95,26.93,Buy,172,Disputed,19462.12,Price_Surge,2291.9,1
C096,Manufacturing,2025-05-03,2738.19,Mixed Fuel,1910.75,1764.75,29.71,Sell,53,Verified,8988.26,Low_Demand,2599.46,0
C099,Steel,2024-09-18,1068.49,Natural Gas,511.49,440.49,28.38,Buy,105,Verified,8948.8,Price_Surge,2538.15,1
C089,Steel,2024-07-29,1333.93,Natural Gas,561.81,400.80999999999995,23.72,Buy,38,Verified,8229.7,Price_Surge,749.47,1
C014,Manufacturing,2024-04-04,2839.32,Natural Gas,2217.9,2114.9,25.85,Buy,160,Verified,10787.3,High_Demand,649.12,1
C098,Energy,2025-09-17,2963.74,Mixed Fuel,1977.15,1779.15,33.42,Sell,160,Verified,13227.59,Price_Surge,614.97,0
C034,Manufacturing,2024-11-09,2229.16,Coal,895.42,961.42,31.75,Sell,192,Disputed,14945.03,High_Demand,2267.16,0
C007,Manufacturing,2024-08-20,2391.93,Natural Gas,967.84,1080.8400000000001,22.91,Buy,66,Disputed,8873.34,Low_Demand,2005.69,1
C054,Manufacturing,2025-09-22,1808.89,Coal,822.24,717.24,20.31,Buy,72,Disputed,7865.14,High_Demand,2842.96,1
C056,Energy,2024-07-15,1945.56,Natural Gas,1531.1,1390.1,29.61,Buy,140,Disputed,5729.26,Low_Demand,2946.05,1
C100,Energy,2024-04-28,1286.17,Mixed Fuel,608.15,619.15,23.08,Sell,33,Verified,16255.95,Low_Demand,2549.51,0
C064,Manufacturing,2024-03-28,1406.74,Natural Gas,957.96,788.96,25.09,Sell,148,Verified,15454.55,Low_Demand,1993.89,0
C019,Manufacturing,2024-11-02,1247.27,Renewable,612.29,722.29,32.46,Sell,167,Disputed,5313.62,High_Demand,2092.08,0
C072,Cement,2025-03-04,587.84,Natural Gas,288.78,94.77999999999997,29.92,Buy,181,Disputed,9819.79,Low_Demand,1974.47,1
C038,Manufacturing,2025-02-27,1065.04,Mixed Fuel,320.46,425.46,28.35,Sell,155,Disputed,16081.46,Low_Demand,1617.44,0
C089,Steel,2024-03-02,679.53,Coal,265.75,105.75,21.26,Buy,76,Verified,17934.08,Low_Demand,964.98,1
C085,Energy,2024-06-24,2951.98,Coal,1870.38,1739.38,28.62,Sell,111,Disputed,19105.61,Price_Surge,1051.58,0
C081,Energy,2025-10-25,1399.06,Mixed Fuel,444.96,580.96,20.95,Buy,138,Disputed,14714.16,Price_Surge,809.41,1
C052,Manufacturing,2024-11-03,507.3,Mixed Fuel,200.74,64.74000000000001,28.01,Buy,55,Verified,8010.38,High_Demand,2230.25,1
C026,Cement,2025-12-12,2526.88,Natural Gas,1340.52,1423.52,25.57,Sell,183,Verified,13028.23,High_Demand,885.87,0
C001,Energy,2024-05-07,1103.99,Coal,432.4,587.4,29.99,Buy,25,Verified,7358.82,High_Demand,1819.94,1
C021,Cement,2024-08-29,970.3,Coal,502.87,415.87,25.15,Sell,157,Verified,18745.11,Price_Surge,2191.0,0
C014,Steel,2024-04-06,2583.18,Natural Gas,1552.75,1608.75,27.38,Sell,170,Verified,15229.69,Price_Surge,1525.92,0
C049,Cement,2025-09-25,2722.53,Coal,1542.58,1583.58,33.28,Buy,105,Disputed,8974.3,High_Demand,2004.83,1
C018,Steel,2025-08-22,1997.39,Natural Gas,774.81,850.81,31.76,Buy,165,Disputed,7088.92,Low_Demand,931.8,1
C016,Manufacturing,2024-09-16,2381.77,Coal,1737.08,1770.08,24.93,Sell,173,Disputed,8742.7,Price_Surge,663.02,0
C031,Steel,2024-12-04,715.81,Mixed Fuel,236.33,289.33000000000004,33.31,Sell,164,Disputed,7167.21,High_Demand,1795.91,0
C044,Steel,2025-11-24,2958.54,Natural Gas,1684.58,1495.58,24.87,Sell,75,Disputed,14799.05,High_Demand,2059.61,0
C095,Steel,2024-05-22,1843.59,Natural Gas,786.86,697.86,31.28,Buy,189,Disputed,17361.44,Low_Demand,1102.47,1
C020,Steel,2025-07-15,2229.03,Renewable,1440.72,1331.72,31.69,Sell,85,Verified,14960.09,Low_Demand,859.94,0
C098,Cement,2024-11-28,2334.79,Mixed Fuel,1594.13,1715.13,31.41,Sell,79,Disputed,5250.01,High_Demand,2193.76,0
C037,Energy,2025-05-27,1245.01,Renewable,723.81,861.81,25.85,Sell,138,Verified,9716.48,Low_Demand,2451.35,0
C096,Energy,2024-06-30,1873.26,Renewable,989.67,1026.67,25.2,Buy,98,Disputed,10676.12,Low_Demand,1105.73,1
C100,Cement,2025-01-28,1611.68,Renewable,695.84,576.84,28.64,Buy,144,Disputed,12238.73,High_Demand,2446.1,1
C012,Cement,2024-03-20,564.59,Coal,408.51,227.51,34.52,Sell,125,Verified,7167.71,Low_Demand,2088.86,0
C071,Energy,2025-10-12,2160.34,Coal,1337.26,1249.26,32.02,Buy,172,Verified,14253.61,Price_Surge,1490.16,1
C055,Steel,2025-09-23,2770.12,Renewable,1662.42,1642.42,31.43,Buy,129,Verified,6343.37,High_Demand,2477.04,1
C084,Manufacturing,2025-06-06,2586.6,Natural Gas,2036.21,1860.21,34.99,Sell,52,Disputed,6522.48,Low_Demand,1921.5,0
C090,Energy,2025-10-19,1652.61,Mixed Fuel,1196.29,1145.29,28.23,Sell,135,Verified,18457.52,Price_Surge,1660.27,0
C033,Steel,2025-10-07,2352.35,Mixed Fuel,1108.18,1076.18,33.29,Sell,178,Disputed,19075.42,Price_Surge,1890.32,0
C052,Manufacturing,2025-05-03,2687.33,Coal,1922.97,1982.97,22.65,Sell,171,Verified,8227.02,Low_Demand,2986.91,0
C065,Energy,2025-06-22,2149.99,Coal,1115.18,1288.18,29.79,Buy,126,Verified,8295.98,Price_Surge,879.29,1
C030,Steel,2024-04-23,880.54,Renewable,541.81,473.80999999999995,21.54,Sell,106,Verified,8567.74,High_Demand,2594.18,0
C074,Steel,2025-04-24,1873.02,Natural Gas,696.23,519.23,30.4,Buy,185,Verified,13470.76,Low_Demand,2139.06,1
C090,Steel,2024-06-21,2044.98,Natural Gas,1058.95,1011.95,31.12,Sell,171,Disputed,11956.37,Price_Surge,2775.46,0
C087,Steel,2024-12-20,2858.58,Natural Gas,2063.67,1919.67,34.01,Sell,166,Verified,8771.01,Price_Surge,1335.56,0
C062,Manufacturing,2025-07-30,632.52,Renewable,211.48,281.48,31.21,Sell,105,Verified,8372.36,Price_Surge,1215.21,0
C009,Cement,2024-01-28,894.8,Mixed Fuel,695.33,837.33,30.5,Buy,106,Disputed,11870.41,Low_Demand,676.88,1
C064,Energy,2025-10-12,1613.7,Mixed Fuel,660.96,662.96,32.59,Sell,176,Disputed,16015.11,High_Demand,1444.86,0
C074,Energy,2025-02-22,2308.24,Mixed Fuel,1411.57,1583.57,32.56,Sell,27,Disputed,10056.12,High_Demand,2825.88,0
C073,Steel,2024-02-02,1809.37,Natural Gas,769.5,600.5,25.45,Buy,108,Disputed,8416.81,Low_Demand,1726.28,1
C034,Cement,2025-04-25,1764.26,Renewable,673.95,664.95,34.81,Sell,164,Verified,19741.81,Low_Demand,913.67,0
C060,Energy,2025-12-28,1201.6,Coal,954.05,1104.05,25.73,Sell,200,Disputed,18763.86,Price_Surge,1479.59,0
C028,Energy,2025-06-09,2219.94,Mixed Fuel,914.34,1013.34,32.43,Sell,195,Disputed,11070.73,Low_Demand,699.65,0
C034,Manufacturing,2024-12-09,2700.62,Coal,2116.15,2255.15,34.64,Sell,130,Verified,14048.97,Price_Surge,516.03,0
C081,Energy,2025-02-05,2268.05,Renewable,1357.76,1305.76,20.94,Buy,47,Verified,13219.68,Price_Surge,1253.65,1
C038,Manufacturing,2024-03-28,1237.36,Renewable,823.26,662.26,26.95,Buy,39,Disputed,9549.04,High_Demand,1307.93,1
C062,Cement,2025-04-18,1078.57,Natural Gas,430.35,248.35000000000002,31.78,Sell,125,Verified,5441.18,High_Demand,1500.61,0
C008,Manufacturing,2025-10-20,1199.1,Coal,672.56,610.56,31.35,Buy,67,Verified,15016.69,Price_Surge,2863.15,1
C008,Energy,2024-07-19,1341.88,Coal,787.76,852.76,28.09,Buy,152,Verified,19401.74,Price_Surge,2090.23,1
C056,Energy,2024-01-17,1597.9,Coal,681.21,699.21,27.81,Buy,45,Disputed,6075.75,Price_Surge,2013.39,1
C082,Cement,2025-01-16,2705.58,Renewable,2032.87,2230.87,28.58,Buy,71,Disputed,5830.51,Price_Surge,1267.99,1
C052,Cement,2024-05-11,2694.15,Coal,1174.57,983.5699999999999,25.94,Sell,105,Disputed,15625.52,Low_Demand,1191.31,0
C062,Cement,2024-10-02,2183.4,Renewable,1173.39,1077.39,21.02,Sell,26,Verified,11612.07,Price_Surge,1975.51,0
C060,Cement,2025-04-21,2481.39,Coal,752.6,562.6,26.51,Buy,99,Verified,15464.88,Price_Surge,829.7,1
C044,Cement,2024-05-14,1203.77,Renewable,816.02,780.02,27.66,Buy,60,Disputed,5055.2,High_Demand,1680.85,1
C043,Cement,2024-07-02,1983.85,Mixed Fuel,1534.3,1659.3,32.49,Buy,26,Verified,10219.37,Low_Demand,2031.91,1
C031,Energy,2024-03-17,1793.19,Renewable,1335.55,1156.55,32.65,Buy,100,Disputed,15374.37,Price_Surge,1915.44,1
C009,Manufacturing,2025-02-04,2056.85,Mixed Fuel,1258.19,1120.19,23.57,Sell,135,Disputed,5993.38,Price_Surge,1852.31,0
C083,Energy,2025-05-08,2017.53,Natural Gas,806.94,950.94,28.75,Buy,123,Verified,11400.82,Price_Surge,1156.78,1
C082,Energy,2024-03-13,650.75,Renewable,469.87,635.87,31.94,Buy,131,Disputed,19541.29,High_Demand,809.3,1
C065,Cement,2024-06-26,1667.53,Renewable,1323.55,1517.55,30.28,Sell,112,Disputed,16901.05,Low_Demand,1049.06,0
C089,Steel,2025-09-25,2101.18,Mixed Fuel,1219.42,1080.42,20.06,Sell,133,Disputed,9109.7,Low_Demand,2473.71,0
C100,Manufacturing,2025-07-14,855.58,Mixed Fuel,259.27,287.27,26.77,Sell,88,Verified,18115.24,Price_Surge,2516.92,0
C057,Steel,2024-05-31,2984.29,Coal,1843.6,1824.6,26.24,Sell,143,Verified,16014.79,Price_Surge,1461.96,0
C053,Steel,2024-02-27,2608.49,Natural Gas,1440.54,1270.54,31.12,Sell,185,Disputed,8966.94,High_Demand,1730.44,0
C072,Steel,2025-06-18,607.95,Coal,458.76,525.76,33.94,Buy,181,Verified,10749.74,Price_Surge,2220.97,1
C075,Manufacturing,2024-06-27,589.68,Coal,357.54,541.54,30.09,Sell,153,Verified,12941.77,Low_Demand,2892.53,0
C058,Energy,2024-03-13,1275.72,Coal,1016.49,1012.49,29.55,Sell,110,Verified,16526.86,Price_Surge,1754.19,0
C055,Steel,2025-05-04,2711.13,Natural Gas,1336.57,1221.57,27.27,Buy,128,Disputed,15639.84,Low_Demand,1554.42,1
C034,Manufacturing,2024-02-09,1450.55,Renewable,708.95,905.95,31.39,Sell,21,Disputed,12072.52,High_Demand,2530.74,0
C045,Cement,2025-04-09,779.71,Natural Gas,562.28,387.28,33.51,Buy,164,Disputed,19423.62,Low_Demand,2827.99,1
C077,Manufacturing,2025-07-25,1887.51,Mixed Fuel,566.74,534.74,20.46,Buy,143,Verified,9266.88,Low_Demand,982.22,1
C063,Manufacturing,2025-11-28,1805.22,Renewable,1374.9,1314.9,23.43,Sell,125,Verified,18486.37,Price_Surge,1328.68,0
C020,Manufacturing,2024-05-20,1963.22,Mixed Fuel,1313.28,1135.28,33.26,Buy,75,Disputed,14244.24,Low_Demand,1762.41,1
C002,Steel,2025-11-06,1958.05,Renewable,981.36,1020.36,26.98,Sell,199,Verified,8819.78,Price_Surge,1077.29,0
C088,Manufacturing,2024-06-03,1613.64,Mixed Fuel,992.3,920.3,27.35,Sell,163,Disputed,15886.78,High_Demand,2511.73,0
C084,Steel,2025-07-31,2463.98,Natural Gas,1551.75,1451.75,28.23,Sell,138,Disputed,18554.81,Price_Surge,1990.43,0
C030,Cement,2025-10-18,728.1,Renewable,306.24,232.24,24.62,Buy,29,Disputed,13949.83,Low_Demand,1842.1,1
C085,Manufacturing,2024-09-18,2030.88,Renewable,733.8,628.8,28.94,Buy,51,Verified,17426.47,Low_Demand,2617.73,1
C046,Cement,2024-04-18,1178.21,Natural Gas,723.08,805.08,32.18,Buy,132,Verified,6501.44,Price_Surge,1962.24,1
C072,Manufacturing,2025-12-21,2304.29,Natural Gas,1053.58,1240.58,24.02,Sell,57,Disputed,15435.26,Low_Demand,1619.8,0
C048,Cement,2024-04-19,1519.03,Mixed Fuel,685.77,771.77,32.28,Buy,187,Disputed,14928.69,Price_Surge,968.77,1
C009,Steel,2024-08-14,1988.28,Coal,875.24,866.24,23.77,Sell,115,Verified,5713.15,High_Demand,1409.52,0
C062,Cement,2025-04-28,2772.27,Coal,1505.33,1388.33,24.52,Sell,180,Disputed,7505.45,Low_Demand,1624.61,0
C065,Steel,2024-10-11,2195.87,Mixed Fuel,1752.44,1559.44,20.66,Sell,90,Disputed,15411.48,Low_Demand,1082.47,0
C092,Energy,2025-11-30,1007.49,Natural Gas,649.94,682.94,24.17,Sell,32,Disputed,17014.87,Price_Surge,2856.23,0
C007,Cement,2025-04-15,2261.21,Renewable,1073.1,1114.1,27.7,Sell,89,Verified,7574.88,Low_Demand,1920.24,0
C031,Cement,2025-05-10,595.01,Natural Gas,189.45,286.45,20.52,Sell,60,Verified,7692.86,Price_Surge,2823.78,0
C037,Steel,2025-04-15,1649.98,Renewable,827.76,733.76,25.28,Sell,132,Disputed,16096.24,Price_Surge,2934.78,0
C009,Manufacturing,2024-06-07,1441.32,Natural Gas,708.78,567.78,23.44,Buy,51,Disputed,16180.42,Low_Demand,2010.24,1
C095,Energy,2024-01-02,1141.53,Natural Gas,653.36,641.36,32.51,Buy,115,Disputed,7811.5,Price_Surge,1850.8,1
C098,Manufacturing,2024-04-02,1465.02,Coal,495.26,339.26,20.68,Sell,71,Disputed,19345.9,Low_Demand,531.61,0
C026,Manufacturing,2025-04-25,2368.48,Mixed Fuel,1458.35,1598.35,32.58,Buy,118,Disputed,17023.14,High_Demand,1824.83,1
C070,Energy,2025-12-03,1688.32,Coal,672.22,596.22,29.39,Sell,135,Verified,8696.34,Low_Demand,1072.66,0
C041,Cement,2024-09-20,2957.93,Mixed Fuel,1968.01,2019.01,33.41,Sell,79,Verified,11247.15,Price_Surge,833.19,0
C009,Manufacturing,2024-11-03,2858.24,Coal,1161.67,1219.67,32.35,Sell,36,Disputed,8403.5,Low_Demand,2578.73,0
C037,Steel,2024-07-13,2748.41,Natural Gas,1813.44,1712.44,26.44,Buy,115,Disputed,18053.67,High_Demand,1384.22,1
C025,Steel,2024-11-01,2943.79,Natural Gas,1021.69,1206.69,33.58,Buy,60,Disputed,17851.75,High_Demand,762.97,1
C048,Cement,2025-06-07,2036.79,Coal,766.59,893.59,24.32,Sell,21,Disputed,12766.76,High_Demand,1226.68,0
C016,Energy,2024-09-07,2569.87,Renewable,1325.38,1227.38,27.83,Sell,66,Verified,14981.76,High_Demand,1942.93,0
C083,Steel,2025-03-23,1018.69,Renewable,346.14,363.14,29.36,Sell,110,Verified,16389.94,Low_Demand,2782.41,0
C015,Energy,2025-09-20,594.29,Coal,246.41,403.40999999999997,31.04,Buy,33,Verified,6869.15,High_Demand,1235.35,1
C017,Energy,2024-10-06,1380.8,Coal,568.87,573.87,22.16,Buy,122,Verified,15460.41,Price_Surge,746.29,1
C076,Energy,2025-05-22,2611.18,Natural Gas,1398.82,1250.82,21.13,Buy,126,Verified,8269.89,High_Demand,944.72,1
C080,Energy,2024-09-10,2741.33,Mixed Fuel,1862.94,1970.94,21.62,Sell,99,Verified,10924.01,Low_Demand,2388.96,0
C063,Cement,2025-09-20,2783.67,Natural Gas,2144.42,2260.42,34.95,Sell,185,Disputed,15715.53,Low_Demand,2210.1,0
C068,Manufacturing,2024-08-04,959.44,Mixed Fuel,609.36,499.36,25.06,Buy,68,Disputed,13388.16,Price_Surge,2013.09,1
C009,Energy,2024-01-23,1688.44,Natural Gas,817.66,757.66,32.08,Sell,83,Verified,12700.23,Price_Surge,2213.34,0
C009,Manufacturing,2025-07-20,1618.49,Renewable,1037.08,846.0799999999999,22.44,Buy,147,Disputed,19368.61,Low_Demand,1564.86,1
C001,Cement,2025-07-09,1040.84,Renewable,647.62,822.62,24.33,Buy,67,Disputed,10620.54,Low_Demand,1133.03,1
C040,Steel,2025-06-29,1487.02,Natural Gas,522.96,397.96000000000004,30.7,Buy,92,Disputed,13487.29,High_Demand,504.04,1
C050,Energy,2024-02-09,2033.99,Coal,1047.58,953.5799999999999,22.45,Sell,88,Verified,8072.18,High_Demand,1082.27,0
C098,Cement,2025-10-15,998.25,Coal,327.58,519.5799999999999,32.74,Buy,129,Verified,8405.96,High_Demand,677.41,1
C018,Energy,2024-02-15,2645.4,Renewable,844.04,967.04,34.82,Sell,120,Disputed,5934.34,High_Demand,1089.74,0
C058,Cement,2025-07-05,1543.84,Natural Gas,1199.58,1224.58,32.57,Buy,24,Disputed,15128.39,High_Demand,1203.14,1
C086,Cement,2024-09-09,1969.83,Coal,1032.51,937.51,30.4,Sell,195,Verified,12661.6,Price_Surge,2597.42,0
C065,Steel,2025-07-30,2493.9,Coal,1474.48,1538.48,31.36,Buy,198,Verified,6874.19,High_Demand,1595.41,1
C067,Cement,2025-11-17,1096.9,Natural Gas,782.53,671.53,23.3,Sell,161,Disputed,7145.71,High_Demand,1527.34,0
C076,Energy,2024-12-27,523.67,Coal,197.55,148.55,29.44,Buy,106,Verified,17841.52,Price_Surge,2070.24,1
C071,Cement,2025-12-22,1227.22,Mixed Fuel,626.66,714.66,26.18,Buy,160,Verified,7497.68,Price_Surge,1714.88,1
C040,Cement,2025-07-04,1623.65,Coal,903.62,965.62,24.44,Buy,121,Verified,19372.81,Price_Surge,1805.84,1
C091,Cement,2025-02-04,1148.4,Renewable,422.77,466.77,31.84,Buy,163,Verified,19056.45,High_Demand,2972.59,1
C073,Manufacturing,2024-11-23,1625.04,Renewable,495.0,347.0,26.03,Sell,164,Verified,14397.01,High_Demand,1723.17,0
C038,Cement,2024-06-21,2863.85,Coal,1759.28,1837.28,23.94,Sell,35,Verified,12106.07,Price_Surge,2258.27,0
C086,Energy,2025-09-14,1816.29,Mixed Fuel,926.72,884.72,29.99,Buy,141,Disputed,14270.71,Price_Surge,2685.72,1
C057,Cement,2025-11-20,1412.67,Natural Gas,712.11,802.11,22.05,Sell,108,Disputed,14256.97,Price_Surge,835.81,0
C045,Cement,2025-01-26,2381.72,Mixed Fuel,1855.89,1998.89,32.55,Sell,166,Disputed,8665.64,High_Demand,2344.06,0
C077,Manufacturing,2024-07-20,1924.58,Renewable,1033.56,1107.56,32.54,Sell,116,Verified,7032.4,Low_Demand,622.69,0
C046,Energy,2024-01-24,2325.54,Renewable,1144.12,1211.12,21.67,Sell,177,Verified,12871.84,Price_Surge,1471.28,0
C031,Steel,2025-02-15,964.5,Natural Gas,741.17,772.17,32.54,Sell,36,Verified,8441.38,Low_Demand,2837.71,0
C011,Cement,2024-09-06,1895.37,Mixed Fuel,848.12,713.12,31.67,Sell,100,Disputed,9212.36,High_Demand,2493.4,0
C012,Steel,2025-03-06,2843.33,Renewable,1011.99,859.99,26.45,Sell,130,Verified,13614.04,Low_Demand,2792.53,0
C014,Manufacturing,2025-12-03,2764.53,Coal,1790.33,1627.33,22.75,Buy,112,Verified,11928.64,Price_Surge,770.53,1
C035,Energy,2024-02-21,1551.18,Renewable,481.03,371.03,22.37,Sell,144,Verified,15585.66,Low_Demand,932.37,0
C059,Cement,2024-04-01,2289.06,Mixed Fuel,797.56,745.56,21.82,Buy,171,Disputed,5158.18,Price_Surge,2064.55,1
C023,Energy,2025-06-11,1477.56,Mixed Fuel,505.68,609.6800000000001,20.45,Buy,34,Verified,15577.02,Low_Demand,2687.43,1
C041,Cement,2025-03-03,1824.51,Natural Gas,563.51,598.51,27.47,Buy,106,Verified,6152.93,Price_Surge,2510.28,1
C031,Steel,2025-10-21,1164.77,Renewable,480.07,313.07,20.4,Sell,38,Verified,19164.37,Price_Surge,1794.48,0
C056,Steel,2025-08-01,2526.61,Mixed Fuel,1164.26,996.26,29.48,Sell,177,Disputed,13517.92,High_Demand,1498.53,0
C052,Energy,2024-02-14,780.89,Mixed Fuel,562.04,676.04,24.04,Buy,118,Verified,10399.26,High_Demand,1626.71,1
C047,Energy,2025-07-14,2771.21,Renewable,1985.19,1883.19,31.42,Buy,190,Disputed,19885.79,Price_Surge,1799.64,1
C051,Manufacturing,2025-12-05,840.09,Mixed Fuel,474.2,520.2,29.75,Sell,144,Verified,6266.58,Price_Surge,2442.01,0
C032,Energy,2025-09-24,1915.81,Coal,945.45,848.45,25.17,Buy,35,Verified,6166.4,High_Demand,978.86,1
C020,Cement,2024-05-16,2069.62,Mixed Fuel,955.55,957.55,21.37,Sell,152,Verified,18156.23,Price_Surge,2904.8,0
C090,Steel,2025-08-24,1891.24,Coal,670.24,724.24,31.61,Buy,27,Verified,10095.17,High_Demand,1681.8,1
C003,Manufacturing,2024-11-29,871.2,Mixed Fuel,664.92,568.92,32.89,Sell,84,Disputed,6103.25,Price_Surge,1615.18,0
C030,Steel,2025-10-02,1085.76,Renewable,467.72,283.72,26.83,Sell,171,Disputed,15742.33,Low_Demand,1888.89,0
C042,Manufacturing,2025-03-29,2243.71,Coal,1464.03,1640.03,29.91,Sell,154,Verified,8935.19,Low_Demand,509.73,0
C099,Energy,2024-08-20,1036.07,Renewable,790.24,669.24,25.86,Buy,105,Verified,19295.29,Price_Surge,1872.78,1
C036,Steel,2024-02-22,2918.84,Mixed Fuel,2257.13,2285.13,34.48,Buy,170,Verified,8938.16,High_Demand,2564.12,1
C081,Energy,2025-05-23,2757.92,Natural Gas,1231.24,1166.24,31.95,Buy,181,Disputed,15372.03,Price_Surge,2236.93,1
C059,Steel,2024-02-27,827.53,Coal,465.45,327.45,28.52,Sell,45,Verified,7580.58,High_Demand,1661.41,0
C079,Energy,2024-08-24,571.38,Renewable,394.26,379.26,23.92,Buy,87,Verified,8220.91,Low_Demand,1694.28,1
C011,Manufacturing,2024-10-14,2028.18,Renewable,1549.41,1365.41,28.69,Sell,95,Disputed,11983.39,Low_Demand,1531.69,0
C006,Steel,2024-10-16,1173.48,Mixed Fuel,493.39,687.39,26.99,Buy,154,Disputed,8279.78,High_Demand,2713.0,1
C071,Steel,2024-02-21,1586.62,Renewable,900.28,1082.28,31.04,Buy,61,Disputed,9181.36,Price_Surge,2792.7,1
C097,Cement,2025-01-17,951.19,Coal,588.23,588.23,22.25,Buy,148,Disputed,17325.42,High_Demand,992.09,1
C076,Cement,2025-03-31,2043.86,Natural Gas,1385.03,1475.03,29.16,Sell,24,Disputed,15392.43,High_Demand,2463.88,0
C095,Steel,2024-08-20,915.83,Natural Gas,600.38,474.38,25.54,Buy,171,Verified,7774.22,Low_Demand,2092.15,1
C003,Manufacturing,2025-05-24,1529.34,Renewable,495.82,670.8199999999999,33.37,Buy,96,Verified,9064.13,Low_Demand,1920.47,1
C057,Energy,2024-01-29,2360.07,Natural Gas,1035.78,1128.78,22.56,Buy,125,Verified,10577.21,High_Demand,1376.37,1
C018,Manufacturing,2025-03-25,775.78,Coal,443.27,299.27,34.03,Buy,55,Disputed,14663.14,Low_Demand,2673.2,1
C007,Manufacturing,2024-07-02,2396.66,Mixed Fuel,725.27,547.27,29.63,Sell,117,Verified,7071.82,Price_Surge,2466.38,0
C054,Energy,2024-08-29,2502.73,Mixed Fuel,937.38,940.38,22.77,Buy,21,Disputed,9331.07,High_Demand,2781.97,1
C001,Steel,2024-06-12,1172.7,Natural Gas,675.35,732.35,25.59,Buy,123,Verified,15707.21,High_Demand,1586.81,1
C067,Steel,2024-03-10,1168.78,Coal,486.53,451.53,21.34,Buy,96,Verified,17118.3,Price_Surge,2239.02,1
C007,Cement,2025-04-20,1549.5,Natural Gas,490.36,590.36,21.94,Buy,197,Verified,6798.96,High_Demand,2112.66,1
C088,Manufacturing,2024-03-27,923.22,Renewable,458.39,418.39,33.41,Buy,61,Disputed,5810.12,Price_Surge,1650.45,1
C053,Manufacturing,2024-09-05,1550.67,Natural Gas,1131.15,1233.15,21.6,Buy,91,Verified,10731.95,High_Demand,2910.28,1
C027,Energy,2024-12-15,628.8,Renewable,326.83,456.83,31.63,Sell,183,Disputed,16841.77,Price_Surge,1877.6,0
C038,Energy,2025-05-16,2557.43,Natural Gas,1646.73,1699.73,22.02,Sell,137,Verified,11745.48,High_Demand,1347.51,0
C076,Cement,2025-10-17,2613.79,Mixed Fuel,1076.14,962.1400000000001,24.72,Sell,159,Disputed,7106.73,Price_Surge,1787.65,0
C063,Manufacturing,2024-04-21,1867.14,Mixed Fuel,967.5,1004.5,31.52,Sell,122,Disputed,18961.0,Low_Demand,1498.75,0
C082,Steel,2024-04-02,1696.01,Renewable,512.39,707.39,26.12,Sell,183,Verified,16878.05,High_Demand,2500.48,0
C072,Energy,2024-11-11,1243.54,Mixed Fuel,563.7,682.7,20.49,Buy,52,Verified,13059.25,High_Demand,2430.02,1
C054,Energy,2025-01-09,2633.08,Renewable,1747.78,1692.78,28.26,Sell,26,Verified,8096.41,High_Demand,2218.23,0
C003,Cement,2024-03-18,682.5,Natural Gas,540.45,365.45000000000005,30.58,Sell,21,Verified,11577.06,Price_Surge,2481.96,0
C099,Steel,2024-03-07,1266.3,Mixed Fuel,484.0,601.0,26.61,Buy,99,Verified,13060.65,High_Demand,840.84,1
C072,Cement,2025-07-24,2705.53,Coal,1849.66,1897.66,27.79,Sell,104,Disputed,19396.83,Low_Demand,545.6,0
C072,Steel,2024-03-26,2542.98,Renewable,1671.51,1832.51,34.8,Sell,56,Disputed,5746.29,High_Demand,2319.0,0
C090,Energy,2024-12-23,2377.18,Mixed Fuel,892.44,929.44,21.38,Sell,140,Verified,9337.3,High_Demand,1639.56,0
C002,Manufacturing,2025-12-10,1596.87,Mixed Fuel,695.88,871.88,20.32,Sell,98,Disputed,9577.02,Low_Demand,1584.49,0
C002,Energy,2025-03-16,1385.98,Natural Gas,485.72,317.72,27.45,Sell,121,Disputed,9086.46,Price_Surge,2761.31,0
C039,Manufacturing,2025-09-16,2938.14,Renewable,1468.56,1526.56,20.97,Buy,145,Verified,16216.09,High_Demand,2456.22,1
C052,Energy,2025-09-09,2201.28,Coal,924.8,836.8,24.37,Buy,139,Disputed,15512.63,Low_Demand,848.01,1
C049,Cement,2025-01-10,2560.53,Mixed Fuel,1973.09,1801.09,32.79,Buy,40,Disputed,5853.8,Low_Demand,792.53,1
C051,Steel,2024-05-03,1606.33,Coal,991.54,954.54,25.75,Sell,63,Verified,13394.72,Price_Surge,2550.84,0
C034,Manufacturing,2024-05-28,1310.08,Renewable,648.18,610.18,32.95,Buy,45,Disputed,17576.64,Price_Surge,2407.35,1
C076,Steel,2025-02-20,1790.93,Coal,1296.6,1433.6,34.76,Sell,180,Verified,17085.02,Low_Demand,551.25,0
C074,Energy,2025-03-03,1367.8,Coal,586.38,509.38,24.3,Sell,154,Disputed,12128.8,Price_Surge,862.28,0
C021,Steel,2025-03-24,1782.91,Mixed Fuel,1372.02,1557.02,34.5,Sell,157,Verified,9284.53,Price_Surge,2939.72,0
C059,Energy,2025-01-12,2440.68,Renewable,1174.96,1019.96,32.01,Sell,139,Verified,17956.93,Low_Demand,1873.57,0
C076,Cement,2025-10-10,1424.96,Natural Gas,570.19,388.19000000000005,28.13,Buy,38,Disputed,6384.5,Low_Demand,2852.91,1
C045,Cement,2025-01-29,1940.3,Natural Gas,975.11,920.11,28.53,Sell,140,Verified,9736.64,Price_Surge,837.05,0
C091,Energy,2024-05-23,1739.14,Mixed Fuel,588.35,469.35,22.51,Buy,96,Disputed,19279.45,Price_Surge,1144.6,1
C024,Energy,2025-04-08,1013.46,Mixed Fuel,707.7,575.7,21.2,Sell,155,Verified,16144.28,Price_Surge,1558.19,0
C052,Cement,2024-08-11,1216.69,Mixed Fuel,570.42,378.41999999999996,25.66,Sell,53,Disputed,19227.08,Price_Surge,2403.47,0
C082,Cement,2025-01-15,572.14,Renewable,434.97,388.97,22.72,Sell,102,Disputed,8000.24,Price_Surge,1806.57,0
C060,Steel,2025-03-11,975.82,Coal,448.13,344.13,26.29,Sell,114,Disputed,11044.6,High_Demand,566.78,0
C049,Steel,2025-01-27,1060.74,Natural Gas,552.9,425.9,31.89,Sell,55,Verified,9878.42,Price_Surge,1901.87,0
C087,Manufacturing,2024-07-26,1081.4,Renewable,602.73,623.73,30.83,Buy,187,Verified,6389.44,High_Demand,1972.4,1
C079,Steel,2024-06-28,1764.67,Coal,1378.69,1198.69,24.14,Sell,200,Verified,13542.19,Price_Surge,1402.52,0
C053,Energy,2025-06-25,2085.42,Mixed Fuel,671.31,608.31,22.15,Buy,53,Disputed,18030.34,Price_Surge,2440.93,1
C012,Steel,2024-08-06,1552.39,Renewable,859.6,764.6,33.52,Buy,74,Verified,6838.41,Low_Demand,1623.01,1
C044,Energy,2025-11-21,777.4,Coal,557.74,403.74,26.37,Sell,135,Verified,13661.3,High_Demand,2466.62,0
C049,Energy,2024-03-17,2474.96,Mixed Fuel,1756.04,1792.04,25.05,Sell,78,Verified,18156.29,Low_Demand,531.71,0
C072,Manufacturing,2025-09-18,673.24,Coal,321.21,259.21,23.45,Sell,36,Disputed,8784.47,Price_Surge,1664.08,0
C069,Cement,2025-07-16,1817.14,Coal,1433.34,1623.34,31.58,Sell,94,Verified,16611.51,High_Demand,969.87,0
C048,Energy,2024-12-01,1392.15,Renewable,718.97,763.97,33.43,Buy,188,Verified,5978.41,Price_Surge,944.05,1
C047,Steel,2024-07-07,966.67,Renewable,636.93,683.93,31.2,Sell,45,Disputed,10982.71,High_Demand,1867.87,0
C071,Manufacturing,2024-01-28,2280.91,Natural Gas,761.36,617.36,29.72,Sell,46,Disputed,17213.56,Low_Demand,2882.62,0
C009,Cement,2024-02-13,2079.89,Natural Gas,1516.89,1505.89,21.46,Buy,90,Verified,16539.77,High_Demand,1127.96,1
C069,Energy,2025-04-06,1230.47,Natural Gas,704.21,588.21,34.52,Buy,162,Disputed,9278.62,High_Demand,1238.37,1
C069,Manufacturing,2025-08-08,936.83,Coal,666.39,489.39,29.79,Sell,167,Verified,19550.0,Low_Demand,1124.14,0
C017,Energy,2025-12-28,2661.43,Renewable,2110.98,2033.98,27.94,Buy,86,Verified,8481.8,Price_Surge,741.84,1
C053,Energy,2025-03-03,1037.99,Mixed Fuel,755.23,777.23,33.56,Sell,101,Disputed,14714.0,Low_Demand,2978.81,0
C057,Energy,2025-04-21,696.0,Mixed Fuel,506.6,377.6,33.51,Buy,176,Verified,13123.72,Low_Demand,2060.54,1
C042,Cement,2025-12-27,2212.52,Coal,1666.7,1673.7,33.28,Sell,107,Verified,5865.33,Price_Surge,1574.84,0
C018,Manufacturing,2025-11-07,584.29,Renewable,300.82,221.82,23.74,Buy,151,Verified,15307.27,Price_Surge,795.34,1
C064,Manufacturing,2025-04-08,609.76,Mixed Fuel,255.72,314.72,30.66,Buy,111,Disputed,19266.92,Price_Surge,1846.27,1
C083,Cement,2024-05-01,2735.43,Natural Gas,1562.78,1529.78,23.14,Buy,44,Disputed,5875.05,High_Demand,2780.9,1
C048,Energy,2024-07-14,2652.69,Renewable,1111.96,1020.96,22.92,Buy,148,Disputed,12015.95,High_Demand,2431.41,1
C073,Manufacturing,2025-05-05,995.53,Mixed Fuel,420.83,504.83,30.26,Buy,48,Verified,19308.85,High_Demand,2016.72,1
C059,Energy,2024-11-13,1835.5,Mixed Fuel,1002.71,1106.71,21.76,Buy,63,Disputed,8944.61,High_Demand,1989.91,1
C081,Manufacturing,2025-08-17,1955.34,Renewable,1037.29,870.29,33.16,Buy,34,Verified,8933.54,High_Demand,1692.79,1
C029,Energy,2024-10-01,2011.55,Mixed Fuel,1263.33,1287.33,33.73,Buy,96,Verified,14132.02,Price_Surge,722.32,1
C048,Manufacturing,2024-12-15,1034.99,Mixed Fuel,542.97,723.97,24.69,Sell,143,Verified,12781.54,High_Demand,2996.4,0
C056,Cement,2025-08-26,2895.45,Coal,2015.28,1902.28,28.69,Sell,78,Disputed,6452.25,High_Demand,1031.21,0
C040,Steel,2025-12-17,2565.01,Natural Gas,1891.94,1801.94,33.35,Buy,48,Verified,17144.52,Price_Surge,1620.82,1
C097,Manufacturing,2024-05-11,715.56,Mixed Fuel,343.76,155.76,24.48,Sell,39,Verified,17355.95,High_Demand,504.69,0
C073,Manufacturing,2024-03-06,1967.7,Coal,1422.3,1535.3,24.01,Buy,156,Disputed,13077.43,High_Demand,2109.66,1
C007,Manufacturing,2024-06-10,1964.44,Coal,817.47,836.47,30.3,Sell,63,Disputed,7349.34,Low_Demand,588.3,0
C081,Cement,2024-05-13,1486.21,Coal,929.78,1079.78,28.28,Buy,186,Disputed,17495.34,Low_Demand,2829.09,1
C084,Manufacturing,2025-10-03,734.05,Renewable,481.43,283.43,26.87,Buy,69,Verified,12274.49,Price_Surge,2729.38,1
C051,Manufacturing,2025-10-05,2504.31,Natural Gas,753.5,676.5,23.11,Buy,133,Verified,12663.44,Low_Demand,2726.93,1
C060,Steel,2024-07-22,653.44,Mixed Fuel,486.54,458.54,29.12,Sell,42,Disputed,6579.09,Price_Surge,813.91,0
C028,Energy,2025-03-21,567.81,Coal,211.4,306.4,31.86,Buy,39,Verified,11673.63,High_Demand,1665.73,1
C068,Steel,2024-04-08,2088.86,Renewable,1056.36,1073.36,21.2,Sell,139,Disputed,10027.21,High_Demand,1397.11,0
C092,Steel,2024-03-10,2506.65,Natural Gas,888.94,825.94,22.63,Sell,178,Verified,16070.0,Low_Demand,1628.91,0
C002,Steel,2025-04-24,1689.55,Natural Gas,514.0,360.0,23.17,Sell,62,Disputed,17448.07,High_Demand,1881.09,0
C032,Cement,2025-07-12,1747.79,Natural Gas,1387.79,1393.79,30.93,Sell,190,Disputed,10945.47,Price_Surge,1194.48,0
C085,Steel,2025-11-12,1958.98,Mixed Fuel,1069.8,1024.8,33.85,Sell,22,Disputed,19610.32,Low_Demand,1734.61,0
C056,Manufacturing,2025-07-19,695.68,Mixed Fuel,233.48,379.48,20.89,Sell,58,Disputed,8704.98,Price_Surge,2456.18,0
C008,Cement,2025-12-09,544.11,Natural Gas,395.87,228.87,30.74,Sell,172,Verified,5696.06,Low_Demand,778.16,0
C026,Cement,2025-05-24,1330.1,Coal,562.64,677.64,31.67,Buy,40,Verified,18778.86,Low_Demand,2644.0,1
C089,Manufacturing,2025-02-22,1820.97,Coal,894.16,853.16,32.63,Sell,159,Disputed,17397.97,Price_Surge,897.35,0
C013,Manufacturing,2024-05-29,767.48,Renewable,458.22,475.22,32.26,Sell,44,Disputed,16682.39,Price_Surge,2959.78,0
C023,Cement,2025-06-19,822.82,Coal,524.4,440.4,30.27,Sell,136,Disputed,16516.26,Price_Surge,2733.59,0
C080,Energy,2024-04-24,563.74,Coal,427.28,387.28,28.5,Buy,98,Verified,15008.42,Low_Demand,2188.93,1
C094,Manufacturing,2024-08-05,980.62,Natural Gas,474.39,565.39,26.0,Buy,55,Verified,15645.11,Price_Surge,2888.97,1
C094,Energy,2025-06-14,2969.96,Coal,942.89,983.89,31.82,Sell,133,Verified,5070.51,Low_Demand,837.72,0
C044,Cement,2024-08-05,2098.01,Natural Gas,1407.21,1279.21,29.23,Sell,92,Disputed,5296.21,Price_Surge,543.12,0
C064,Steel,2025-09-25,1585.3,Coal,906.2,716.2,32.77,Sell,167,Verified,14109.59,Price_Surge,1711.15,0
C026,Manufacturing,2024-06-05,2291.87,Natural Gas,1566.74,1508.74,34.31,Sell,150,Verified,14791.14,Low_Demand,1175.0,0
C094,Cement,2024-09-28,942.48,Coal,636.97,445.97,32.06,Sell,24,Disputed,18491.42,Low_Demand,2068.6,0
C073,Steel,2025-02-21,512.07,Mixed Fuel,175.24,259.24,27.71,Buy,180,Disputed,14912.17,Price_Surge,1740.03,1
C018,Cement,2024-04-07,506.96,Coal,359.04,416.04,25.02,Sell,168,Disputed,19384.34,Low_Demand,1884.37,0
C067,Cement,2025-07-31,1271.51,Mixed Fuel,563.64,484.64,24.04,Buy,180,Disputed,19823.26,High_Demand,1948.34,1
C027,Steel,2025-11-25,1380.82,Renewable,556.49,459.49,22.18,Sell,39,Verified,10947.75,Price_Surge,2951.53,0
C054,Cement,2024-08-18,1216.01,Renewable,622.69,464.69000000000005,28.02,Buy,131,Verified,15350.7,Price_Surge,751.03,1
C036,Steel,2025-03-03,1103.06,Renewable,732.35,722.35,22.88,Sell,134,Verified,10840.13,Price_Surge,1017.7,0
C010,Energy,2024-12-24,658.53,Natural Gas,487.29,346.29,24.9,Sell,85,Verified,6678.77,Low_Demand,862.17,0
C088,Energy,2024-09-08,1780.22,Renewable,1389.15,1442.15,29.97,Sell,123,Verified,8693.91,High_Demand,2316.89,0
C086,Energy,2024-07-20,1352.42,Renewable,893.3,1033.3,25.96,Buy,170,Disputed,5221.02,Price_Surge,2595.56,1
C084,Manufacturing,2024-02-11,1181.03,Renewable,803.68,856.68,22.65,Buy,182,Disputed,8584.56,Price_Surge,1799.9,1
C051,Cement,2025-10-01,1854.54,Natural Gas,793.85,662.85,24.05,Sell,45,Disputed,17606.57,Price_Surge,769.92,0
C098,Energy,2025-05-19,1352.65,Renewable,750.02,556.02,23.66,Buy,154,Verified,6039.09,High_Demand,2541.98,1
C049,Energy,2024-05-13,2097.86,Natural Gas,727.6,895.6,29.66,Buy,133,Disputed,10833.15,High_Demand,1822.09,1
C026,Cement,2025-03-05,837.41,Mixed Fuel,592.12,434.12,29.22,Sell,24,Disputed,11343.16,High_Demand,2198.59,0
C029,Energy,2024-04-23,862.34,Renewable,438.81,340.81,33.38,Buy,172,Disputed,18299.41,Price_Surge,2631.71,1
C058,Steel,2024-07-15,1774.73,Natural Gas,730.56,873.56,29.31,Buy,42,Verified,14876.75,Low_Demand,1888.23,1
C030,Energy,2024-07-18,1274.6,Natural Gas,777.87,624.87,23.2,Buy,140,Verified,16979.15,High_Demand,1660.2,1
C077,Steel,2025-08-28,2119.15,Renewable,1002.79,970.79,31.1,Buy,30,Disputed,14201.23,High_Demand,530.24,1
C009,Manufacturing,2024-03-23,1471.18,Natural Gas,585.24,423.24,26.17,Buy,58,Verified,9174.28,High_Demand,1923.48,1
C038,Steel,2025-06-18,2046.1,Coal,700.18,714.18,22.69,Buy,32,Disputed,9907.31,High_Demand,1690.54,1
C088,Manufacturing,2024-09-09,1013.41,Coal,574.83,426.83000000000004,31.17,Sell,110,Verified,14347.63,High_Demand,2236.74,0
C060,Cement,2025-09-11,2880.91,Natural Gas,906.38,812.38,30.06,Sell,140,Disputed,15558.21,Low_Demand,1731.87,0
C059,Cement,2024-06-01,1379.28,Mixed Fuel,622.48,664.48,22.61,Sell,29,Disputed,17564.26,Price_Surge,2039.33,0
C087,Manufacturing,2024-11-19,1869.43,Mixed Fuel,1085.71,1046.71,20.21,Buy,82,Verified,6609.43,High_Demand,2429.0,1
C037,Steel,2024-01-05,1564.98,Renewable,1154.32,1303.32,33.14,Sell,29,Disputed,14958.94,Price_Surge,817.19,0
C091,Cement,2024-09-14,1634.91,Mixed Fuel,960.8,910.8,32.06,Sell,146,Verified,16478.29,Price_Surge,1747.58,0
C032,Cement,2025-12-03,1513.17,Coal,1017.8,1095.8,34.69,Sell,40,Disputed,5156.85,Low_Demand,2451.68,0
C052,Steel,2025-10-27,1179.81,Renewable,759.53,789.53,27.95,Sell,28,Disputed,17000.82,High_Demand,2977.33,0
C026,Cement,2025-12-19,1383.65,Mixed Fuel,438.79,429.79,26.96,Sell,98,Disputed,14205.78,High_Demand,2377.2,0
C085,Steel,2025-04-30,1029.73,Natural Gas,647.23,516.23,30.4,Buy,134,Disputed,5244.7,Price_Surge,540.39,1
C100,Cement,2025-03-29,1535.4,Renewable,662.0,651.0,20.52,Sell,90,Verified,15977.93,High_Demand,2426.44,0
C091,Energy,2025-04-27,2682.68,Natural Gas,2065.43,2186.43,33.01,Sell,43,Verified,5187.55,Low_Demand,1010.32,0
C064,Manufacturing,2025-03-14,1319.15,Natural Gas,406.53,331.53,21.85,Sell,96,Verified,8661.78,Low_Demand,1600.17,0
C065,Manufacturing,2024-03-20,1459.3,Mixed Fuel,1032.81,933.81,24.02,Sell,188,Disputed,13349.7,Price_Surge,2435.05,0
C043,Cement,2024-06-29,2460.73,Coal,1538.75,1605.75,26.7,Buy,160,Disputed,18635.66,High_Demand,864.05,1
C049,Manufacturing,2025-02-14,728.01,Coal,271.23,265.23,29.7,Sell,187,Disputed,12531.62,Price_Surge,2297.5,0
C007,Manufacturing,2025-04-06,2592.13,Natural Gas,1885.82,1753.82,26.17,Buy,139,Verified,9291.42,Low_Demand,518.67,1
C012,Manufacturing,2025-10-17,750.46,Mixed Fuel,441.49,597.49,33.47,Sell,72,Disputed,15560.8,Price_Surge,1213.86,0
C016,Cement,2024-11-16,1141.99,Coal,380.15,292.15,27.62,Buy,150,Disputed,16829.36,Low_Demand,959.11,1
C087,Energy,2025-11-03,1757.89,Coal,917.75,803.75,30.81,Sell,200,Disputed,15629.65,Low_Demand,1227.91,0
C055,Energy,2025-11-11,2214.82,Renewable,1101.45,1182.45,23.84,Buy,150,Verified,17554.33,High_Demand,2998.78,1
C032,Manufacturing,2024-07-30,1264.87,Renewable,382.39,303.39,26.68,Sell,139,Disputed,17988.08,High_Demand,2159.7,0
C090,Energy,2025-09-11,1486.87,Coal,567.94,484.94000000000005,31.45,Buy,178,Verified,16189.59,Low_Demand,2843.89,1
C073,Cement,2024-11-29,2363.79,Natural Gas,963.39,899.39,26.37,Sell,52,Verified,11151.28,High_Demand,2823.07,0
C042,Cement,2024-09-10,538.48,Coal,312.55,183.55,20.2,Sell,64,Verified,9110.49,High_Demand,841.58,0
C065,Cement,2025-03-21,1280.88,Mixed Fuel,815.42,689.42,22.59,Buy,62,Verified,8152.69,Low_Demand,580.18,1
C020,Cement,2025-02-05,1901.18,Coal,738.88,653.88,20.1,Buy,28,Disputed,19072.12,High_Demand,1234.09,1
C045,Manufacturing,2025-09-30,2894.45,Natural Gas,1208.62,1383.62,28.19,Sell,193,Disputed,19744.38,High_Demand,2060.39,0
C010,Cement,2024-11-05,828.02,Mixed Fuel,428.45,516.45,22.29,Buy,147,Disputed,9055.62,High_Demand,1130.23,1
C052,Cement,2024-06-13,1972.43,Coal,1314.42,1303.42,23.67,Sell,177,Verified,12198.46,Low_Demand,2965.15,0
C019,Manufacturing,2024-02-21,741.44,Coal,491.37,484.37,20.08,Buy,82,Verified,15836.83,Low_Demand,2953.08,1
C040,Energy,2025-10-13,2445.29,Coal,1871.2,1874.2,32.26,Sell,127,Verified,9681.55,Price_Surge,681.88,0
C084,Cement,2025-06-24,1293.25,Coal,726.45,696.45,23.12,Sell,45,Disputed,6369.19,Price_Surge,1066.17,0
C090,Cement,2024-02-08,2975.12,Natural Gas,964.75,1054.75,25.39,Sell,43,Disputed,13709.57,High_Demand,2895.42,0
C032,Steel,2025-08-24,2434.14,Renewable,1104.46,941.46,32.48,Sell,145,Disputed,8219.05,High_Demand,1131.05,0
C099,Cement,2025-07-08,1257.69,Natural Gas,628.45,502.45000000000005,24.55,Sell,29,Verified,11407.69,Low_Demand,1988.11,0
C061,Steel,2025-04-16,594.94,Mixed Fuel,244.95,84.94999999999999,31.24,Sell,157,Verified,12593.97,Low_Demand,2538.57,0
C066,Steel,2024-05-09,784.3,Mixed Fuel,336.75,360.75,29.22,Sell,105,Disputed,16313.1,High_Demand,2764.22,0
C045,Manufacturing,2025-09-26,2396.03,Renewable,1429.28,1309.28,22.55,Buy,174,Disputed,7747.76,Price_Surge,1950.78,1
C028,Cement,2025-06-14,580.79,Coal,179.76,205.76,22.86,Buy,56,Disputed,6028.92,Price_Surge,2367.18,1
C087,Cement,2025-03-31,2637.76,Mixed Fuel,1415.01,1290.01,32.68,Sell,119,Disputed,14682.74,Price_Surge,1509.76,0
C062,Steel,2025-06-24,2580.1,Natural Gas,1461.88,1633.88,23.5,Sell,187,Verified,16525.05,Low_Demand,2760.83,0
C027,Steel,2025-05-24,1805.35,Mixed Fuel,1301.29,1226.29,22.95,Sell,141,Verified,12366.54,High_Demand,2143.33,0
C096,Steel,2025-01-03,2005.51,Natural Gas,1023.29,1096.29,25.98,Sell,88,Disputed,13112.66,Price_Surge,2584.1,0
C040,Steel,2025-01-24,2181.44,Coal,914.28,1010.28,26.95,Buy,134,Disputed,19438.29,Low_Demand,2920.37,1
C044,Cement,2024-12-08,1198.48,Mixed Fuel,437.84,619.8399999999999,34.29,Buy,113,Disputed,12783.74,Low_Demand,2265.99,1
C099,Steel,2024-04-16,1024.01,Renewable,315.28,500.28,27.94,Sell,132,Disputed,13394.59,High_Demand,2669.17,0
C063,Manufacturing,2024-10-07,1356.93,Renewable,747.16,647.16,31.84,Buy,142,Verified,15637.36,Price_Surge,2565.97,1
C046,Energy,2024-02-28,1042.64,Renewable,427.98,384.98,33.05,Buy,120,Verified,6696.24,High_Demand,2030.59,1
C002,Manufacturing,2025-12-04,1562.9,Mixed Fuel,1001.75,968.75,34.16,Buy,103,Disputed,14903.63,High_Demand,694.42,1
C092,Energy,2025-12-31,2394.34,Coal,870.96,726.96,31.59,Buy,177,Verified,7228.84,Low_Demand,2686.09,1
C050,Energy,2024-08-21,804.43,Mixed Fuel,578.88,594.88,29.94,Buy,102,Disputed,10485.42,Price_Surge,794.46,1
C067,Manufacturing,2025-12-29,950.92,Renewable,288.37,424.37,32.25,Buy,162,Verified,18301.15,Price_Surge,2992.63,1
C076,Manufacturing,2024-01-30,728.24,Renewable,317.42,199.42000000000002,32.06,Sell,94,Disputed,19142.35,High_Demand,2296.71,0
C075,Cement,2025-12-27,1200.19,Natural Gas,411.73,480.73,33.03,Sell,78,Disputed,14815.27,Price_Surge,2463.4,0
C099,Steel,2024-10-23,1095.12,Renewable,845.63,680.63,25.52,Sell,65,Verified,19774.51,Low_Demand,842.59,0
C066,Manufacturing,2025-05-08,692.89,Renewable,345.16,248.16000000000003,25.46,Buy,79,Disputed,18919.39,High_Demand,2277.9,1
C046,Energy,2025-09-26,625.36,Renewable,306.0,251.0,21.99,Buy,91,Disputed,16051.84,Price_Surge,2941.27,1
C030,Steel,2025-11-07,2221.2,Renewable,923.91,1046.9099999999999,25.08,Buy,166,Verified,16119.44,High_Demand,2732.75,1
C064,Manufacturing,2024-11-28,2741.38,Renewable,969.18,931.18,28.84,Sell,69,Disputed,12745.9,Low_Demand,2903.89,0
C055,Cement,2025-12-30,1353.63,Mixed Fuel,638.82,812.82,28.62,Buy,169,Disputed,5469.52,Low_Demand,2174.68,1
C028,Manufacturing,2024-03-11,2464.41,Natural Gas,1399.24,1347.24,30.85,Buy,33,Disputed,14461.3,Low_Demand,2744.27,1
C073,Cement,2025-09-15,1126.09,Renewable,380.78,425.78,34.12,Sell,35,Disputed,17158.37,Low_Demand,2898.62,0
C100,Steel,2024-05-12,988.35,Mixed Fuel,372.94,378.94,33.59,Sell,174,Disputed,19180.0,Low_Demand,686.94,0
C059,Energy,2024-04-11,2259.76,Mixed Fuel,751.8,614.8,20.84,Buy,74,Verified,16968.2,Price_Surge,518.05,1
C029,Manufacturing,2024-09-04,1403.35,Natural Gas,608.25,767.25,26.88,Buy,169,Disputed,18349.39,High_Demand,1498.47,1
C072,Steel,2024-11-22,1748.13,Natural Gas,819.93,806.93,24.32,Sell,57,Disputed,11098.53,High_Demand,1516.97,0
C069,Energy,2025-12-16,664.79,Natural Gas,380.07,546.0699999999999,33.55,Buy,173,Disputed,19515.03,Price_Surge,1605.73,1
C018,Steel,2024-01-15,1765.64,Mixed Fuel,1043.61,978.6099999999999,24.42,Buy,145,Verified,11182.22,High_Demand,1028.84,1
C087,Manufacturing,2024-05-23,2113.48,Coal,1670.06,1809.06,23.74,Buy,53,Verified,19995.45,High_Demand,1466.98,1
C020,Steel,2024-04-10,1922.07,Mixed Fuel,822.67,922.67,24.52,Sell,34,Disputed,19445.02,High_Demand,2448.83,0
C090,Energy,2024-11-11,1847.45,Renewable,676.27,714.27,30.38,Buy,27,Verified,10207.32,Low_Demand,665.91,1
C084,Energy,2025-07-26,1393.66,Renewable,514.31,509.30999999999995,24.5,Sell,113,Disputed,19159.42,Low_Demand,1446.89,0
C096,Manufacturing,2025-07-23,2859.27,Natural Gas,1586.3,1467.3,27.08,Buy,52,Verified,18922.67,High_Demand,1039.48,1
C057,Cement,2025-03-03,2909.57,Natural Gas,1481.11,1398.11,24.39,Buy,31,Disputed,13741.24,Low_Demand,1651.67,1
C051,Energy,2024-06-29,2315.45,Renewable,1689.76,1598.76,31.77,Buy,44,Verified,10114.9,Low_Demand,2841.54,1
C062,Cement,2024-06-26,2910.74,Natural Gas,1747.85,1613.85,21.0,Sell,54,Disputed,12521.86,Low_Demand,1458.2,0
C003,Cement,2024-09-12,801.59,Renewable,317.31,366.31,27.39,Buy,22,Disputed,9103.42,High_Demand,1290.91,1
C045,Energy,2024-05-20,1033.55,Renewable,484.83,651.8299999999999,31.09,Buy,87,Verified,15004.63,High_Demand,802.88,1
C030,Steel,2024-05-28,1239.52,Mixed Fuel,527.84,591.84,32.17,Buy,177,Disputed,10355.38,Price_Surge,1557.88,1
C006,Manufacturing,2024-08-13,644.12,Renewable,385.61,503.61,23.5,Buy,50,Verified,6692.74,Price_Surge,1094.83,1
C064,Energy,2025-06-13,1081.61,Renewable,656.77,661.77,34.84,Buy,169,Verified,14698.0,Price_Surge,2546.21,1
C008,Cement,2024-09-19,1667.71,Mixed Fuel,1190.93,1047.93,24.07,Sell,105,Disputed,9901.4,High_Demand,1490.96,0
C067,Manufacturing,2025-10-17,2594.3,Coal,1563.58,1610.58,29.63,Buy,184,Verified,12851.1,High_Demand,2376.54,1
C008,Steel,2024-07-15,2643.35,Coal,2034.15,1871.15,25.69,Sell,80,Verified,7514.32,Low_Demand,2156.33,0
C054,Steel,2025-07-28,1978.71,Renewable,1289.66,1284.66,29.44,Sell,130,Disputed,19287.02,High_Demand,1418.77,0
C052,Steel,2025-05-05,2034.79,Natural Gas,1550.8,1469.8,21.23,Sell,94,Verified,10329.08,High_Demand,2630.09,0
C069,Energy,2024-06-06,2867.97,Renewable,1151.66,1219.66,29.71,Buy,97,Verified,14110.58,Price_Surge,1920.37,1
C062,Cement,2024-10-24,1387.14,Coal,1025.46,832.46,26.18,Buy,154,Verified,8704.02,Low_Demand,1165.77,1
C002,Steel,2025-09-09,543.78,Natural Gas,399.6,307.6,26.02,Buy,90,Disputed,9868.78,High_Demand,2719.47,1
C080,Energy,2024-05-29,1928.62,Renewable,778.03,978.03,34.57,Buy,40,Disputed,17919.12,High_Demand,1148.03,1
C092,Cement,2025-12-12,1586.53,Natural Gas,1104.59,1242.59,20.21,Buy,129,Verified,9513.83,Price_Surge,2981.75,1
C097,Steel,2024-07-21,1994.7,Coal,882.92,832.92,33.45,Buy,126,Disputed,17129.02,Low_Demand,2060.51,1
C015,Steel,2024-12-15,1313.79,Mixed Fuel,1013.93,1037.9299999999998,31.33,Buy,50,Disputed,7022.99,High_Demand,1019.56,1
C087,Steel,2024-07-26,1814.39,Coal,850.5,875.5,31.88,Sell,130,Disputed,6403.96,Low_Demand,583.01,0
C008,Manufacturing,2024-06-04,1956.24,Mixed Fuel,1533.52,1485.52,28.03,Buy,65,Verified,19642.91,Low_Demand,554.44,1
C073,Cement,2024-02-19,1426.21,Renewable,501.61,589.61,21.9,Sell,46,Verified,13044.69,High_Demand,2780.06,0
C032,Energy,2024-09-06,1212.42,Natural Gas,787.3,930.3,28.39,Buy,52,Verified,12748.55,Low_Demand,2580.26,1
C029,Steel,2024-05-11,636.41,Natural Gas,425.34,480.34,33.48,Buy,64,Verified,7571.34,Low_Demand,2778.92,1
C072,Cement,2025-01-11,1594.95,Coal,1057.08,1061.08,28.49,Sell,125,Disputed,7639.81,Price_Surge,2828.02,0
C030,Steel,2025-02-04,1817.42,Coal,1235.45,1100.45,22.73,Sell,45,Verified,15747.57,High_Demand,958.29,0
C066,Manufacturing,2025-08-31,1573.08,Coal,556.28,619.28,25.8,Sell,154,Verified,11262.13,Low_Demand,2296.03,0
C093,Cement,2025-10-10,633.24,Natural Gas,392.27,447.27,31.46,Buy,91,Verified,5235.33,Low_Demand,1337.1,1
C085,Manufacturing,2025-05-19,621.21,Coal,284.14,255.14,26.22,Buy,30,Disputed,8872.7,Low_Demand,2273.12,1
C053,Manufacturing,2025-03-01,1781.14,Mixed Fuel,1192.95,1119.95,22.83,Buy,133,Disputed,5754.38,High_Demand,1818.9,1
C025,Manufacturing,2024-05-25,2894.13,Renewable,2267.0,2296.0,23.34,Buy,59,Disputed,5563.75,Price_Surge,1372.09,1
C028,Manufacturing,2024-03-05,1457.95,Mixed Fuel,685.33,794.33,22.14,Buy,59,Disputed,14341.23,Price_Surge,1141.66,1
C100,Cement,2025-08-23,1787.1,Coal,758.73,860.73,28.21,Buy,135,Verified,8367.77,High_Demand,1504.3,1
C013,Energy,2024-12-30,2507.72,Coal,785.04,793.04,21.89,Sell,195,Verified,6461.29,Low_Demand,1300.38,0
C077,Manufacturing,2025-11-01,1145.79,Mixed Fuel,561.51,573.51,23.36,Buy,75,Disputed,8417.91,Price_Surge,612.69,1
C099,Steel,2025-10-21,2187.94,Renewable,1140.31,1166.31,28.05,Sell,45,Disputed,6842.31,Low_Demand,680.4,0
C039,Manufacturing,2024-05-26,1186.19,Renewable,905.05,718.05,26.93,Sell,25,Verified,7462.23,Low_Demand,592.69,0
C057,Cement,2025-09-15,1207.4,Natural Gas,626.28,539.28,20.79,Sell,64,Verified,10143.62,Price_Surge,1190.82,0
C001,Manufacturing,2025-12-13,1608.85,Natural Gas,1216.01,1361.01,27.69,Buy,100,Disputed,6844.54,Low_Demand,1928.88,1
C050,Cement,2025-10-11,1163.06,Renewable,385.53,341.53,33.45,Buy,96,Disputed,12106.63,Low_Demand,765.26,1
C062,Steel,2025-07-11,2003.52,Coal,1199.05,1157.05,29.61,Buy,21,Disputed,18882.46,High_Demand,1351.48,1
C054,Manufacturing,2024-06-17,1896.95,Coal,924.57,733.57,24.96,Sell,182,Disputed,7416.27,Low_Demand,2479.73,0
C037,Manufacturing,2024-08-04,2389.75,Coal,811.82,684.82,27.13,Buy,64,Verified,13980.02,Low_Demand,1148.52,1
C035,Energy,2025-12-20,2787.46,Coal,1921.74,1901.74,28.18,Buy,58,Disputed,5602.87,Price_Surge,950.81,1
C074,Cement,2024-04-28,2478.63,Renewable,1147.77,971.77,22.25,Sell,57,Disputed,7848.3,Low_Demand,1648.84,0
C054,Steel,2025-08-30,990.14,Natural Gas,315.73,327.73,20.38,Sell,128,Verified,7289.39,High_Demand,1192.52,0
C080,Manufacturing,2024-02-12,2135.28,Renewable,1055.85,1079.85,28.97,Buy,81,Verified,18609.98,Price_Surge,823.62,1
C057,Manufacturing,2025-10-22,2568.78,Mixed Fuel,1263.54,1305.54,32.14,Buy,102,Verified,10689.64,Price_Surge,1582.34,1
C030,Energy,2024-04-03,1406.42,Coal,878.42,703.42,31.33,Buy,134,Verified,10851.41,High_Demand,2231.21,1
C005,Cement,2024-02-24,1383.83,Coal,457.0,367.0,24.58,Buy,171,Verified,9602.73,High_Demand,1561.1,1
C098,Steel,2024-03-21,2029.06,Renewable,1336.48,1161.48,33.8,Sell,188,Disputed,6185.9,Price_Surge,1138.49,0
C054,Manufacturing,2025-10-31,1447.38,Coal,767.95,751.95,26.29,Buy,115,Verified,5410.2,Low_Demand,2942.82,1
C094,Steel,2025-05-30,1341.64,Renewable,770.6,572.6,20.24,Sell,45,Disputed,13322.13,High_Demand,920.53,0
C032,Energy,2024-02-09,2300.98,Coal,1285.71,1266.71,32.3,Buy,65,Disputed,12292.62,High_Demand,1444.72,1
C041,Steel,2025-06-23,598.58,Mixed Fuel,473.82,392.82,33.49,Buy,141,Disputed,5528.5,Low_Demand,1750.52,1
C058,Manufacturing,2025-11-16,1195.48,Renewable,692.81,810.81,28.88,Sell,188,Verified,19560.49,Price_Surge,2747.11,0
C017,Manufacturing,2025-06-16,2312.65,Natural Gas,752.94,667.94,30.96,Buy,181,Disputed,7894.65,Low_Demand,2007.55,1
C068,Cement,2025-04-06,2422.27,Natural Gas,1845.55,2003.55,29.21,Buy,113,Disputed,12576.95,High_Demand,2121.5,1
C009,Cement,2025-05-21,2991.37,Renewable,1583.2,1737.2,23.7,Sell,32,Verified,7363.45,High_Demand,502.69,0
C017,Steel,2025-11-05,2682.95,Coal,1017.88,1092.88,33.71,Sell,63,Verified,12233.66,High_Demand,2145.7,0
C097,Manufacturing,2025-07-21,2910.02,Natural Gas,1288.23,1108.23,29.85,Sell,96,Verified,5661.9,High_Demand,2815.37,0
C042,Cement,2025-03-26,2118.93,Renewable,826.46,664.46,27.26,Buy,171,Disputed,16169.99,High_Demand,2629.37,1
C032,Steel,2025-06-11,1366.67,Natural Gas,1051.85,904.8499999999999,26.76,Buy,48,Disputed,6349.55,High_Demand,1671.27,1
C030,Steel,2024-03-12,701.14,Coal,342.62,201.62,20.82,Sell,182,Verified,18369.21,High_Demand,2015.19,0
C013,Steel,2024-02-16,2038.13,Natural Gas,937.15,818.15,33.79,Sell,85,Verified,17404.76,Price_Surge,1957.77,0
C033,Manufacturing,2024-01-25,1940.34,Coal,1034.78,1154.78,31.75,Buy,146,Disputed,6083.2,High_Demand,1071.31,1
C089,Manufacturing,2025-11-20,2538.69,Renewable,1610.39,1736.39,33.39,Buy,161,Disputed,18907.61,High_Demand,983.75,1
C051,Manufacturing,2024-09-19,714.23,Mixed Fuel,499.85,582.85,31.49,Buy,151,Disputed,9455.45,High_Demand,1615.8,1
C086,Energy,2024-11-03,2027.6,Coal,891.08,885.08,24.19,Buy,121,Disputed,12938.86,Price_Surge,2858.74,1
C035,Manufacturing,2024-05-01,1569.75,Renewable,550.21,523.21,25.03,Buy,75,Disputed,7003.03,Price_Surge,521.58,1
C085,Manufacturing,2025-09-21,580.63,Mixed Fuel,410.42,506.42,34.86,Sell,189,Verified,5282.12,Price_Surge,2284.54,0
C078,Cement,2025-02-25,1877.83,Renewable,818.75,742.75,24.41,Buy,20,Verified,6882.88,Low_Demand,2430.59,1
C010,Cement,2024-12-05,2966.62,Mixed Fuel,1601.59,1683.59,34.8,Buy,190,Disputed,11783.88,Low_Demand,515.72,1
C009,Energy,2025-02-08,1081.25,Coal,853.24,927.24,23.74,Sell,178,Disputed,6641.61,Low_Demand,2454.82,0
C017,Manufacturing,2024-01-31,2894.89,Coal,1208.09,1240.09,21.59,Buy,37,Verified,10451.16,High_Demand,555.14,1
C032,Manufacturing,2024-07-26,2213.2,Coal,1194.07,1287.07,20.45,Buy,25,Disputed,14838.11,High_Demand,1774.77,1
C056,Energy,2025-06-01,2145.67,Mixed Fuel,1096.51,983.51,32.73,Sell,115,Disputed,15916.8,Price_Surge,1178.58,0
C096,Steel,2025-12-01,2551.98,Natural Gas,1021.66,857.66,27.33,Buy,87,Verified,5883.18,Price_Surge,1434.09,1
C095,Cement,2025-07-21,2534.12,Mixed Fuel,1636.25,1808.25,26.27,Buy,70,Disputed,11242.24,Price_Surge,1565.29,1
C044,Cement,2024-10-13,1011.77,Coal,436.08,537.0799999999999,32.72,Sell,45,Verified,18781.64,High_Demand,2403.87,0
C048,Manufacturing,2024-04-21,2875.22,Mixed Fuel,1247.15,1124.15,29.78,Sell,136,Disputed,12679.25,High_Demand,1340.3,0
C018,Energy,2024-01-22,2312.15,Mixed Fuel,882.59,730.59,29.69,Buy,157,Verified,16576.12,Price_Surge,1064.7,1
C078,Steel,2025-04-21,2381.95,Natural Gas,716.11,714.11,33.69,Sell,195,Verified,17826.21,Price_Surge,1911.38,0
C097,Energy,2024-07-02,2227.61,Mixed Fuel,1626.6,1659.6,33.85,Buy,85,Disputed,15239.07,High_Demand,1000.73,1
C073,Steel,2024-05-31,2850.0,Natural Gas,1183.73,986.73,31.01,Sell,54,Verified,16308.35,Price_Surge,2130.83,0
C070,Energy,2024-08-06,2018.85,Mixed Fuel,860.67,851.67,29.99,Buy,128,Disputed,5599.26,Price_Surge,637.71,1
C069,Manufacturing,2024-02-25,2359.35,Natural Gas,1195.82,1093.82,28.46,Buy,51,Verified,12472.09,High_Demand,2420.8,1
C059,Steel,2025-11-16,2808.26,Mixed Fuel,1496.57,1466.57,27.59,Buy,197,Disputed,9031.7,Low_Demand,636.24,1
C047,Energy,2024-12-05,666.6,Mixed Fuel,387.55,269.55,30.44,Sell,41,Disputed,5898.19,Low_Demand,2552.77,0
C001,Steel,2024-08-17,1172.51,Mixed Fuel,561.72,547.72,27.66,Buy,26,Verified,17833.07,High_Demand,2633.92,1
C014,Cement,2025-12-27,1916.78,Renewable,1081.1,1038.1,21.06,Buy,69,Disputed,19827.4,Low_Demand,1312.33,1
C038,Energy,2025-04-22,2941.1,Natural Gas,1548.03,1437.03,22.18,Sell,135,Disputed,8500.1,Price_Surge,727.32,0
C003,Manufacturing,2024-04-16,1246.29,Natural Gas,977.57,1166.5700000000002,22.83,Sell,53,Verified,14400.74,Low_Demand,788.55,0
C069,Steel,2025-07-28,1254.83,Mixed Fuel,919.49,1035.49,27.79,Buy,106,Verified,16990.99,High_Demand,782.4,1
C037,Steel,2025-05-26,612.28,Mixed Fuel,248.05,418.05,28.91,Buy,96,Disputed,15860.27,High_Demand,2750.77,1
C077,Energy,2024-03-30,2980.1,Renewable,2175.16,2017.1599999999999,31.02,Sell,36,Disputed,5184.94,Price_Surge,2972.98,0
C081,Cement,2025-12-30,635.94,Renewable,434.32,328.32,29.89,Sell,90,Verified,19913.25,Low_Demand,2618.29,0
C096,Steel,2025-11-29,2899.63,Mixed Fuel,1232.08,1371.08,28.86,Sell,126,Verified,13452.87,High_Demand,874.48,0
C004,Steel,2025-03-05,2424.86,Coal,789.11,871.11,33.39,Buy,192,Disputed,18620.01,Price_Surge,2247.78,1
C012,Manufacturing,2024-04-02,2664.68,Mixed Fuel,1755.4,1783.4,22.48,Sell,193,Verified,6746.62,Low_Demand,1858.53,0
C093,Energy,2024-11-25,1664.71,Renewable,1075.26,1249.26,24.13,Buy,140,Verified,14665.24,Price_Surge,1915.32,1
C030,Steel,2025-03-06,2313.63,Coal,1079.6,1124.6,27.31,Sell,23,Disputed,14563.01,Low_Demand,1053.68,0
C058,Steel,2024-09-14,992.51,Mixed Fuel,665.32,824.32,21.67,Buy,96,Disputed,8836.52,High_Demand,1467.89,1
C083,Manufacturing,2024-02-11,1843.95,Coal,1241.09,1100.09,29.74,Buy,107,Verified,10734.5,Price_Surge,1736.33,1
C054,Energy,2024-11-06,678.14,Mixed Fuel,214.59,190.59,34.65,Sell,94,Disputed,6633.67,Price_Surge,2321.77,0
C064,Energy,2024-04-29,2684.33,Coal,1098.38,1252.38,25.97,Sell,70,Verified,15066.66,High_Demand,1556.04,0
C099,Steel,2025-08-08,652.56,Coal,257.88,200.88,24.76,Sell,66,Verified,11295.6,High_Demand,1346.16,0
C023,Manufacturing,2024-07-14,1048.42,Renewable,798.34,866.34,32.87,Buy,29,Verified,17076.13,High_Demand,2998.61,1
C070,Steel,2025-08-14,1820.14,Renewable,730.58,859.58,34.77,Buy,28,Disputed,18259.21,Low_Demand,1226.39,1
C048,Manufacturing,2024-06-30,2636.17,Renewable,1282.94,1427.94,24.23,Buy,145,Disputed,7357.64,Price_Surge,1096.28,1
C017,Energy,2024-03-10,1431.29,Coal,1048.73,919.73,21.84,Sell,150,Verified,18203.07,High_Demand,1044.43,0
C038,Steel,2025-08-06,957.91,Mixed Fuel,710.86,582.86,31.11,Buy,34,Disputed,12134.76,High_Demand,1701.36,1
C003,Steel,2025-04-06,1795.55,Renewable,1052.76,1197.76,23.09,Buy,101,Disputed,8824.79,High_Demand,1551.11,1
C003,Cement,2024-03-15,1137.53,Mixed Fuel,594.34,731.34,33.55,Sell,51,Verified,11358.36,Low_Demand,937.66,0
C069,Manufacturing,2025-07-10,2967.87,Mixed Fuel,2147.67,2225.67,34.91,Buy,151,Verified,19384.42,High_Demand,522.69,1
C087,Cement,2025-07-14,2623.43,Renewable,1975.57,1981.57,32.87,Buy,84,Verified,10329.57,Price_Surge,2248.89,1
C068,Steel,2025-02-27,2093.59,Renewable,1343.66,1353.66,27.57,Buy,81,Verified,15355.33,Price_Surge,2302.88,1
C073,Steel,2025-12-06,632.74,Mixed Fuel,473.1,400.1,29.2,Sell,182,Disputed,16265.23,Low_Demand,1272.24,0
C031,Manufacturing,2024-09-22,2639.1,Natural Gas,1575.07,1656.07,29.7,Buy,62,Disputed,6240.94,High_Demand,1574.26,1
C064,Cement,2025-09-16,2583.11,Natural Gas,1364.36,1323.36,28.42,Sell,83,Disputed,17949.86,Low_Demand,1132.16,0
C053,Steel,2025-07-30,2608.76,Coal,1796.91,1967.91,28.12,Sell,121,Disputed,7854.24,High_Demand,2550.26,0
C086,Cement,2024-12-11,1255.34,Renewable,864.42,975.42,30.12,Sell,136,Verified,17317.0,Price_Surge,1722.08,0
C044,Manufacturing,2025-01-02,706.82,Renewable,386.07,585.0699999999999,28.19,Buy,25,Disputed,15444.81,Low_Demand,1323.14,1
C027,Steel,2024-09-01,767.04,Coal,608.65,453.65,28.91,Buy,24,Verified,12685.05,Low_Demand,2458.29,1
C023,Manufacturing,2025-02-24,2628.33,Natural Gas,1524.89,1465.89,22.62,Sell,198,Disputed,15913.65,High_Demand,880.4,0
C056,Manufacturing,2025-01-28,1375.69,Natural Gas,704.99,645.99,30.63,Buy,150,Verified,6432.6,Low_Demand,782.16,1
C060,Cement,2025-04-01,2216.81,Coal,908.28,747.28,23.68,Sell,89,Disputed,6217.78,High_Demand,1813.32,0
C043,Cement,2024-06-04,1436.34,Mixed Fuel,500.53,490.53,27.73,Buy,52,Verified,19834.61,High_Demand,2819.17,1
C050,Energy,2024-05-11,1156.92,Mixed Fuel,375.49,509.49,31.71,Buy,179,Verified,11112.4,High_Demand,1161.96,1
C043,Cement,2024-09-30,2277.63,Natural Gas,865.67,741.67,26.71,Buy,87,Verified,9348.99,Low_Demand,1427.03,1
C055,Steel,2024-06-25,743.73,Renewable,581.76,653.76,34.51,Sell,39,Disputed,7591.17,Low_Demand,771.47,0
C092,Energy,2024-01-18,864.97,Renewable,681.47,494.47,34.67,Sell,24,Disputed,17612.71,Price_Surge,2556.23,0
C082,Energy,2024-03-21,508.93,Mixed Fuel,315.86,168.86,20.78,Sell,152,Disputed,7290.49,Price_Surge,1324.7,0
C007,Energy,2025-01-11,1632.49,Natural Gas,1198.81,1064.81,26.59,Buy,164,Verified,5389.27,Low_Demand,2626.81,1
C068,Cement,2025-09-29,2905.31,Coal,1566.76,1425.76,29.93,Sell,163,Verified,15954.17,Low_Demand,1263.45,0
C071,Manufacturing,2024-07-20,701.41,Coal,372.1,290.1,23.8,Buy,135,Disputed,16142.67,Price_Surge,1374.57,1
C035,Manufacturing,2025-09-03,2822.23,Natural Gas,1729.99,1647.99,33.27,Sell,64,Disputed,18899.8,Low_Demand,2179.4,0
C037,Steel,2025-04-02,1596.73,Renewable,1174.5,1012.5,22.7,Buy,66,Disputed,12782.99,Price_Surge,680.55,1
C080,Steel,2025-04-02,2958.5,Natural Gas,2068.14,2221.14,20.09,Sell,56,Disputed,9447.72,Low_Demand,1083.33,0
C021,Energy,2024-01-07,1567.04,Natural Gas,835.74,826.74,22.3,Sell,180,Verified,9772.12,Price_Surge,2204.57,0
C087,Cement,2024-09-23,2524.86,Coal,1071.34,1080.34,23.61,Sell,69,Verified,8358.43,High_Demand,1954.32,0
C030,Steel,2024-03-01,1954.42,Renewable,1497.78,1560.78,20.53,Sell,154,Verified,13694.2,Price_Surge,1858.27,0
C059,Steel,2025-07-17,1407.62,Coal,932.59,792.59,21.88,Sell,133,Disputed,7387.51,Low_Demand,2046.2,0
C024,Steel,2024-02-14,528.15,Renewable,179.1,289.1,31.59,Buy,96,Disputed,15117.63,Low_Demand,1178.91,1
C042,Steel,2025-08-31,878.61,Renewable,618.93,491.92999999999995,21.02,Buy,57,Disputed,9263.06,Price_Surge,2168.31,1
C062,Steel,2025-12-26,1357.03,Renewable,982.69,1019.69,26.96,Sell,138,Disputed,11933.95,High_Demand,1888.71,0
C056,Manufacturing,2024-12-20,2372.61,Renewable,1554.04,1435.04,21.39,Buy,148,Disputed,19248.11,High_Demand,1041.26,1
C074,Manufacturing,2025-04-18,1423.13,Renewable,593.53,433.53,31.02,Buy,55,Verified,16625.78,Low_Demand,1476.27,1
C099,Manufacturing,2024-10-14,2235.02,Natural Gas,1092.31,898.31,31.06,Sell,54,Verified,7281.97,High_Demand,577.36,0
C078,Cement,2024-01-28,1886.2,Renewable,797.98,818.98,34.93,Sell,26,Verified,7761.62,High_Demand,1756.27,0
C090,Energy,2024-01-19,1930.33,Mixed Fuel,1450.62,1574.62,28.73,Buy,184,Verified,18287.29,Low_Demand,633.65,1
C019,Cement,2025-07-11,1861.28,Mixed Fuel,1178.3,1064.3,34.79,Buy,153,Disputed,7805.36,Low_Demand,2369.3,1
C065,Manufacturing,2025-05-04,818.83,Natural Gas,367.27,334.27,25.02,Buy,71,Disputed,14545.68,Low_Demand,2920.68,1
C037,Manufacturing,2024-09-17,1000.44,Mixed Fuel,774.12,840.12,28.15,Buy,60,Verified,11860.53,Low_Demand,2893.67,1
C073,Cement,2025-09-19,1971.63,Natural Gas,1198.28,1307.28,20.35,Sell,60,Disputed,12633.65,High_Demand,524.86,0
C012,Cement,2024-06-17,2648.72,Renewable,1561.77,1594.77,33.13,Sell,88,Disputed,9868.03,Price_Surge,2818.96,0
C034,Manufacturing,2024-11-14,929.83,Natural Gas,620.44,675.44,34.9,Buy,150,Verified,9751.59,Low_Demand,2413.37,1
C020,Cement,2025-02-14,947.14,Mixed Fuel,361.7,539.7,29.94,Buy,150,Verified,16342.41,Low_Demand,2662.47,1
C033,Energy,2025-01-17,2938.65,Mixed Fuel,1114.54,1306.54,21.78,Buy,128,Verified,9837.75,Low_Demand,780.22,1
C065,Cement,2025-12-17,1605.44,Mixed Fuel,966.76,1032.76,29.85,Buy,90,Verified,15864.6,High_Demand,2493.63,1
C035,Cement,2025-04-23,2778.24,Renewable,1626.9,1641.9,24.89,Buy,185,Disputed,7177.76,High_Demand,1486.95,1
C097,Manufacturing,2025-11-09,1240.88,Coal,817.34,617.34,34.26,Buy,141,Disputed,6108.13,Price_Surge,1654.38,1
C020,Energy,2025-05-03,1634.05,Mixed Fuel,820.73,919.73,27.39,Sell,24,Disputed,9241.45,Low_Demand,2509.46,0
C054,Manufacturing,2025-11-16,2787.16,Mixed Fuel,861.03,953.03,27.55,Sell,136,Disputed,7539.95,Price_Surge,1322.09,0
C057,Steel,2024-06-11,2134.21,Coal,1612.47,1536.47,26.56,Buy,88,Verified,5859.13,High_Demand,1678.12,1
C074,Energy,2024-10-02,1568.09,Natural Gas,703.26,659.26,27.65,Buy,171,Verified,14605.98,Low_Demand,1943.7,1
C075,Energy,2024-02-02,2398.04,Natural Gas,1456.44,1542.44,27.19,Sell,125,Disputed,7803.15,Low_Demand,2196.04,0
C044,Manufacturing,2024-12-31,1086.06,Mixed Fuel,742.33,783.33,26.86,Sell,102,Verified,14469.78,Low_Demand,1578.44,0
C077,Energy,2024-04-21,2508.56,Mixed Fuel,1677.02,1509.02,33.02,Buy,200,Verified,19297.68,Low_Demand,2983.14,1
C039,Manufacturing,2025-11-09,1758.63,Mixed Fuel,582.77,531.77,21.51,Sell,179,Verified,11075.38,High_Demand,1179.38,0
C065,Manufacturing,2024-04-19,1815.45,Renewable,703.35,775.35,22.55,Buy,86,Verified,12884.14,High_Demand,1179.48,1
C019,Steel,2024-07-20,2401.62,Renewable,1857.4,2010.4,20.71,Sell,164,Verified,5062.89,Low_Demand,2057.16,0
C078,Manufacturing,2025-07-25,2775.54,Renewable,1363.7,1459.7,29.52,Buy,137,Disputed,11535.83,Low_Demand,613.47,1
C012,Steel,2024-04-22,2233.99,Natural Gas,1753.13,1648.13,29.1,Buy,69,Disputed,16686.23,Low_Demand,778.39,1
C052,Cement,2025-01-21,2660.36,Natural Gas,1148.56,985.56,22.94,Sell,89,Disputed,7687.68,High_Demand,1286.43,0
C036,Steel,2025-08-26,2593.09,Mixed Fuel,1959.79,1779.79,25.61,Buy,85,Verified,5758.76,Price_Surge,2432.84,1
C031,Energy,2024-01-06,505.14,Mixed Fuel,193.67,0.0,30.96,Buy,99,Verified,5042.16,High_Demand,1466.2,1
C095,Steel,2024-09-23,1724.03,Coal,1108.67,965.6700000000001,24.25,Buy,68,Verified,6727.75,Low_Demand,1123.45,1
C002,Energy,2025-10-10,2275.29,Renewable,1609.64,1723.64,20.71,Sell,176,Verified,15390.06,Price_Surge,1111.16,0
C080,Manufacturing,2024-10-15,1909.7,Mixed Fuel,1118.33,1227.33,30.01,Buy,136,Verified,14734.78,Low_Demand,2893.97,1
C012,Manufacturing,2024-09-17,1561.25,Mixed Fuel,1189.2,1369.2,21.43,Buy,54,Verified,9086.59,Low_Demand,839.35,1
C038,Manufacturing,2025-02-28,2937.23,Natural Gas,1052.22,1069.22,28.04,Buy,115,Verified,5620.5,Price_Surge,966.68,1
C077,Cement,2025-10-09,521.07,Mixed Fuel,393.13,264.13,31.6,Buy,35,Disputed,13728.96,High_Demand,1864.39,1
C068,Cement,2024-11-13,2505.79,Coal,1579.48,1600.48,33.73,Sell,192,Disputed,16796.28,Price_Surge,2701.19,0
C084,Energy,2025-09-07,528.55,Natural Gas,183.24,39.24000000000001,24.3,Buy,134,Disputed,12900.83,Low_Demand,1866.48,1
C046,Cement,2025-03-02,2639.11,Mixed Fuel,1957.79,1899.79,26.97,Sell,25,Verified,8947.87,High_Demand,2287.41,0
C094,Energy,2025-05-22,2792.37,Coal,1612.07,1595.07,26.84,Buy,90,Disputed,16455.97,Price_Surge,858.02,1
C050,Steel,2024-07-05,1253.55,Coal,739.55,733.55,20.33,Sell,29,Verified,18755.25,Low_Demand,1015.79,0
C045,Energy,2025-01-22,954.78,Renewable,472.05,424.05,27.39,Buy,135,Verified,16249.41,Low_Demand,753.25,1
C058,Energy,2025-08-03,2964.84,Natural Gas,1817.34,1626.34,21.82,Buy,108,Disputed,13907.02,Price_Surge,880.25,1
C021,Energy,2024-01-20,1419.78,Renewable,812.44,702.44,33.94,Sell,31,Disputed,19726.42,Price_Surge,2366.26,0
C071,Manufacturing,2025-06-26,533.36,Mixed Fuel,163.65,278.65,27.02,Sell,30,Disputed,6216.75,Low_Demand,2635.03,0
C086,Manufacturing,2025-05-18,1529.52,Mixed Fuel,758.46,573.46,20.99,Sell,131,Disputed,19081.7,Low_Demand,556.22,0
C073,Cement,2024-04-02,2845.39,Mixed Fuel,1219.65,1061.65,33.67,Buy,131,Verified,7935.51,Price_Surge,2746.98,1
C084,Energy,2025-05-07,2816.83,Natural Gas,1932.41,2000.41,34.76,Sell,84,Disputed,19908.12,Low_Demand,595.5,0
C096,Cement,2025-08-15,2052.29,Mixed Fuel,616.41,579.41,27.11,Buy,98,Disputed,5974.14,Low_Demand,1412.4,1
C078,Energy,2025-11-28,2770.87,Coal,1246.27,1151.27,27.09,Buy,22,Verified,12793.8,High_Demand,1387.36,1
C037,Steel,2024-06-21,1595.62,Renewable,880.81,1029.81,26.73,Buy,138,Disputed,8709.27,High_Demand,1203.81,1
C060,Steel,2025-09-23,2570.2,Natural Gas,1249.15,1189.15,34.07,Sell,197,Disputed,6518.01,Low_Demand,894.25,0
C044,Manufacturing,2025-04-26,1282.34,Coal,515.69,546.69,28.61,Buy,115,Disputed,19452.5,High_Demand,2330.04,1
C079,Energy,2024-11-01,1677.32,Natural Gas,554.13,523.13,22.08,Buy,102,Disputed,12372.27,High_Demand,629.59,1
C037,Steel,2024-08-09,767.06,Coal,474.5,357.5,27.61,Sell,39,Verified,16283.14,Low_Demand,1505.98,0
C019,Steel,2025-12-05,1654.8,Renewable,1291.16,1312.16,32.72,Sell,140,Disputed,6889.89,Price_Surge,2085.81,0
C084,Manufacturing,2025-05-06,1387.28,Coal,838.38,1013.38,32.55,Buy,60,Verified,16519.19,High_Demand,2221.55,1
C034,Cement,2024-01-14,1383.81,Coal,636.11,772.11,34.55,Buy,119,Verified,6314.68,High_Demand,692.36,1
C098,Manufacturing,2024-06-24,1464.79,Coal,638.52,480.52,20.59,Sell,164,Disputed,5149.54,High_Demand,2180.27,0
C087,Steel,2025-11-14,988.21,Coal,611.66,668.66,26.26,Sell,78,Verified,16922.34,Low_Demand,1201.35,0
C049,Steel,2025-03-22,1645.68,Mixed Fuel,610.79,487.78999999999996,31.63,Sell,103,Disputed,11971.1,Low_Demand,2726.0,0
C011,Cement,2025-06-30,2852.03,Coal,1789.13,1671.13,25.32,Sell,146,Verified,10151.12,Price_Surge,1470.42,0
C060,Manufacturing,2025-01-02,943.71,Mixed Fuel,402.92,514.9200000000001,23.12,Buy,65,Verified,6639.76,Price_Surge,617.44,1
C060,Manufacturing,2024-01-13,1204.0,Renewable,381.63,430.63,25.88,Buy,131,Verified,13566.63,Price_Surge,2923.99,1
C082,Cement,2024-05-19,2458.51,Mixed Fuel,1199.45,1301.45,20.16,Sell,178,Disputed,8170.5,Low_Demand,662.9,0
C029,Energy,2025-01-20,551.39,Natural Gas,284.8,151.8,33.72,Buy,112,Disputed,9192.46,Price_Surge,2628.33,1
C014,Cement,2024-04-06,1388.81,Mixed Fuel,958.83,783.83,30.72,Buy,23,Verified,12142.32,Price_Surge,2831.33,1
C067,Cement,2024-03-25,2897.89,Mixed Fuel,2076.33,2109.33,26.72,Buy,51,Verified,15516.04,High_Demand,2109.64,1
C062,Cement,2025-02-07,1255.41,Coal,545.93,345.92999999999995,20.4,Sell,37,Disputed,10783.76,Low_Demand,2345.42,0
C033,Manufacturing,2025-02-13,1307.02,Mixed Fuel,420.96,255.95999999999998,21.97,Buy,62,Verified,6419.83,High_Demand,2773.54,1
C035,Cement,2025-05-07,1470.94,Coal,680.11,773.11,20.01,Buy,152,Disputed,13631.27,Price_Surge,1579.25,1
C053,Cement,2024-08-24,2810.22,Renewable,1915.98,1769.98,25.68,Buy,191,Disputed,14856.13,High_Demand,1895.07,1
C006,Energy,2024-08-15,2981.22,Coal,1558.93,1657.93,31.86,Sell,65,Verified,13986.87,High_Demand,2687.31,0
C045,Manufacturing,2025-07-01,1043.26,Mixed Fuel,753.18,928.18,25.65,Sell,144,Disputed,9811.57,High_Demand,2293.34,0
C072,Steel,2024-05-30,2413.45,Mixed Fuel,927.4,997.4,28.28,Buy,66,Verified,7237.46,Price_Surge,2081.16,1
C074,Cement,2025-04-29,556.22,Mixed Fuel,316.56,350.56,28.38,Sell,106,Disputed,9551.39,Low_Demand,2491.93,0
C009,Cement,2024-09-24,844.98,Natural Gas,319.36,517.36,25.64,Sell,100,Verified,6394.24,Low_Demand,2951.46,0
C035,Manufacturing,2025-12-04,539.74,Mixed Fuel,188.68,274.68,24.93,Buy,21,Verified,19713.15,High_Demand,802.01,1
C052,Energy,2024-08-30,1144.41,Natural Gas,812.39,659.39,29.71,Sell,59,Verified,7827.8,High_Demand,2673.36,0
C002,Energy,2025-10-21,684.98,Mixed Fuel,498.76,448.76,28.38,Sell,134,Disputed,5698.01,Low_Demand,2039.72,0
C076,Energy,2024-04-16,1821.79,Mixed Fuel,844.89,1028.8899999999999,33.08,Sell,195,Verified,9025.0,High_Demand,970.51,0
C020,Cement,2024-03-18,1501.74,Coal,1084.37,1154.37,28.74,Sell,89,Disputed,19322.7,Price_Surge,950.34,0
C071,Steel,2024-10-17,941.28,Natural Gas,473.14,530.14,29.39,Sell,47,Verified,12708.34,High_Demand,2999.48,0
C012,Steel,2025-04-15,1216.28,Mixed Fuel,443.19,485.19,23.26,Sell,156,Disputed,12512.69,Price_Surge,1471.39,0
C006,Manufacturing,2025-05-14,1574.26,Renewable,1073.17,1177.17,27.92,Buy,72,Disputed,6081.52,High_Demand,1474.93,1
C068,Energy,2024-10-08,749.46,Natural Gas,540.62,506.62,29.72,Buy,142,Verified,7097.44,Price_Surge,1771.35,1
C009,Cement,2024-08-07,533.03,Mixed Fuel,174.76,304.76,34.04,Buy,58,Disputed,17549.87,Low_Demand,733.95,1
C025,Manufacturing,2024-12-08,667.24,Renewable,224.37,157.37,31.95,Buy,66,Verified,12333.89,Price_Surge,1334.16,1
C039,Steel,2025-05-23,896.46,Coal,517.94,566.94,23.2,Buy,162,Verified,17761.62,High_Demand,1241.1,1
C012,Energy,2025-05-11,2126.17,Mixed Fuel,832.37,971.37,24.65,Sell,111,Verified,11851.77,High_Demand,853.34,0
C094,Energy,2024-06-07,1428.13,Coal,667.63,757.63,25.66,Sell,32,Verified,7673.69,High_Demand,808.27,0
C068,Cement,2025-04-06,1860.88,Coal,855.23,1033.23,34.91,Buy,126,Verified,5127.29,Low_Demand,2766.27,1
C087,Cement,2024-09-13,1915.63,Mixed Fuel,887.82,968.82,29.9,Buy,186,Disputed,11368.02,High_Demand,965.92,1
C024,Cement,2025-11-10,2812.7,Mixed Fuel,2010.19,2184.19,26.58,Sell,44,Verified,8341.14,Price_Surge,1091.28,0
C072,Manufacturing,2024-10-05,2725.82,Natural Gas,1100.71,1275.71,21.87,Sell,39,Disputed,14311.4,Price_Surge,1455.43,0
C067,Manufacturing,2025-04-13,761.22,Renewable,297.69,357.69,31.68,Buy,96,Verified,19202.75,High_Demand,743.55,1
C016,Energy,2024-01-13,1659.1,Natural Gas,515.2,697.2,29.29,Buy,146,Verified,19190.09,Low_Demand,2140.87,1
C046,Cement,2025-11-04,2276.97,Coal,1128.04,1080.04,25.64,Buy,176,Verified,18580.55,High_Demand,2333.49,1
C032,Cement,2025-12-04,901.26,Renewable,283.47,243.47000000000003,28.45,Buy,195,Verified,11193.7,High_Demand,1351.84,1
C072,Energy,2025-12-16,2940.21,Mixed Fuel,1153.52,1215.52,26.41,Buy,160,Verified,13371.32,Low_Demand,1357.15,1
C086,Cement,2025-08-04,1641.64,Renewable,1173.42,1203.42,24.31,Buy,160,Disputed,18048.46,Price_Surge,2904.51,1
C020,Energy,2025-02-18,536.03,Mixed Fuel,253.44,224.44,23.7,Buy,93,Disputed,16324.86,Low_Demand,1478.13,1
C089,Steel,2025-04-18,1297.49,Mixed Fuel,568.49,694.49,30.84,Buy,149,Verified,14407.58,High_Demand,755.11,1
C055,Energy,2025-07-17,1661.77,Mixed Fuel,1214.54,1336.54,30.85,Buy,144,Disputed,12682.3,Price_Surge,2355.67,1
C052,Cement,2024-05-22,521.81,Natural Gas,291.61,281.61,34.95,Sell,156,Verified,15434.2,High_Demand,1394.98,0
C021,Steel,2024-07-25,2943.08,Natural Gas,2289.98,2399.98,22.33,Sell,59,Disputed,18060.12,Low_Demand,2469.62,0
C086,Steel,2025-01-22,833.48,Renewable,624.24,715.24,29.75,Sell,31,Verified,15073.97,Price_Surge,1580.08,0
C079,Energy,2025-12-15,1766.74,Natural Gas,1375.76,1222.76,31.93,Sell,103,Disputed,14396.7,Low_Demand,2544.8,0
C020,Energy,2024-11-02,2746.18,Mixed Fuel,1165.26,1308.26,31.91,Buy,66,Disputed,14568.65,Price_Surge,1121.08,1
C037,Cement,2025-03-19,1207.0,Renewable,594.13,782.13,24.34,Sell,36,Verified,5253.99,Low_Demand,2599.18,0
C052,Cement,2024-03-26,1894.56,Natural Gas,805.01,994.01,29.0,Sell,89,Disputed,13318.34,Price_Surge,978.02,0
C027,Energy,2025-10-27,2213.52,Renewable,1399.41,1422.41,20.57,Buy,71,Verified,14305.35,Price_Surge,2254.21,1
C075,Cement,2025-09-06,741.7,Coal,300.18,158.18,26.36,Buy,182,Verified,10673.26,Low_Demand,759.96,1
C027,Cement,2025-12-25,1434.08,Natural Gas,937.41,922.41,22.68,Sell,96,Verified,10990.44,Price_Surge,2096.03,0
C100,Cement,2025-07-24,2899.86,Coal,1722.74,1551.74,28.71,Buy,107,Verified,18370.8,Price_Surge,1100.52,1
C066,Energy,2024-02-29,1196.21,Coal,587.85,666.85,22.58,Buy,128,Disputed,19865.57,Low_Demand,1420.61,1
C070,Steel,2024-05-15,2111.69,Mixed Fuel,1664.98,1789.98,34.55,Sell,76,Disputed,11009.68,Price_Surge,504.22,0
C089,Cement,2025-08-12,1905.05,Renewable,1288.0,1103.0,20.35,Buy,72,Verified,5485.1,Low_Demand,2082.6,1
C068,Energy,2025-01-20,2177.42,Renewable,879.23,987.23,31.49,Buy,94,Disputed,12903.31,High_Demand,2914.1,1
C043,Energy,2025-02-04,2884.23,Renewable,2255.77,2231.77,33.19,Sell,172,Verified,12062.17,Low_Demand,1440.7,0
C004,Manufacturing,2025-10-03,2311.63,Coal,1097.28,1194.28,26.29,Sell,55,Disputed,9193.79,Price_Surge,1866.1,0
C002,Energy,2024-04-03,2327.43,Mixed Fuel,1525.63,1375.63,25.1,Sell,42,Verified,6342.9,High_Demand,1278.7,0
C083,Steel,2024-03-10,2618.82,Mixed Fuel,1839.38,1908.38,25.79,Buy,118,Verified,15074.69,Low_Demand,1644.51,1
C098,Energy,2025-05-03,2108.12,Mixed Fuel,1153.46,964.46,21.35,Buy,192,Verified,15003.63,Low_Demand,1700.67,1
C013,Manufacturing,2025-07-01,2448.83,Mixed Fuel,1389.39,1269.39,30.52,Buy,33,Verified,16833.38,Price_Surge,1169.48,1
C030,Manufacturing,2025-03-26,860.69,Renewable,538.85,379.85,34.34,Sell,39,Verified,15037.12,Price_Surge,1973.75,0
C016,Cement,2025-08-16,1373.93,Coal,415.18,482.18,24.47,Sell,64,Verified,17253.16,Price_Surge,2067.09,0
C001,Steel,2024-03-13,1006.49,Natural Gas,496.68,301.68,20.96,Sell,163,Verified,7948.78,Low_Demand,2699.39,0
C025,Steel,2024-06-06,1369.29,Coal,991.31,1020.31,26.28,Sell,192,Verified,14114.39,Low_Demand,2292.75,0
C083,Cement,2025-05-17,1135.97,Mixed Fuel,423.08,472.08,30.18,Sell,146,Disputed,11751.48,Price_Surge,1953.22,0
C034,Energy,2024-12-08,588.01,Coal,302.17,148.17000000000002,33.19,Buy,85,Disputed,6128.64,Price_Surge,2611.3,1
C042,Manufacturing,2025-01-14,941.5,Coal,314.62,148.62,32.76,Sell,196,Disputed,11855.42,Low_Demand,2596.29,0
C078,Steel,2025-10-03,1821.43,Natural Gas,846.26,939.26,27.01,Sell,45,Verified,19397.54,Price_Surge,1853.46,0
C059,Energy,2024-07-04,2089.82,Mixed Fuel,1141.17,1110.17,24.53,Sell,173,Verified,15639.69,High_Demand,2247.24,0
C028,Cement,2025-12-15,2126.19,Natural Gas,997.89,1150.8899999999999,23.39,Buy,137,Disputed,18432.3,High_Demand,542.96,1
C084,Cement,2025-01-23,2432.38,Coal,1670.96,1548.96,20.6,Sell,32,Disputed,18249.11,Low_Demand,1301.35,0
C059,Manufacturing,2025-06-01,807.07,Natural Gas,340.03,470.03,34.13,Buy,23,Disputed,16903.82,Price_Surge,2155.08,1
C070,Energy,2025-07-20,2538.49,Renewable,1533.06,1649.06,22.73,Sell,90,Verified,18883.21,Price_Surge,1829.59,0
C089,Energy,2024-06-05,2384.71,Coal,1146.5,1216.5,26.4,Sell,151,Verified,12864.29,Low_Demand,2186.1,0
C068,Steel,2025-11-04,2222.29,Renewable,1314.47,1303.47,25.83,Buy,161,Verified,16240.85,Price_Surge,1569.95,1
C033,Manufacturing,2025-04-29,880.39,Natural Gas,296.37,273.37,20.82,Buy,32,Verified,13891.52,Low_Demand,2176.19,1
C011,Steel,2025-08-28,1090.64,Renewable,333.65,213.64999999999998,31.33,Buy,72,Disputed,8373.15,High_Demand,1975.59,1
C064,Manufacturing,2024-01-18,1383.79,Mixed Fuel,439.58,468.58,33.54,Sell,79,Verified,12148.73,Price_Surge,968.26,0
C017,Energy,2024-07-16,785.15,Mixed Fuel,367.05,268.05,27.7,Buy,142,Verified,11967.23,Price_Surge,1170.25,1
C049,Cement,2024-02-10,2335.32,Natural Gas,1151.81,1210.81,27.6,Sell,142,Disputed,17211.25,High_Demand,1541.19,0
C012,Energy,2025-04-05,2064.77,Coal,998.95,818.95,30.86,Sell,60,Disputed,5689.35,High_Demand,1826.65,0
C036,Steel,2025-11-05,2384.39,Mixed Fuel,1726.33,1612.33,29.57,Buy,137,Verified,7385.75,Price_Surge,789.35,1
C037,Steel,2025-08-08,2459.14,Natural Gas,1695.35,1831.35,22.16,Buy,25,Verified,8255.43,Price_Surge,1155.32,1
C091,Steel,2025-10-13,1650.03,Natural Gas,559.83,749.83,30.67,Buy,96,Disputed,15812.6,Price_Surge,1703.37,1
C100,Manufacturing,2024-04-26,2042.56,Mixed Fuel,1297.49,1370.49,27.49,Sell,62,Verified,12091.37,High_Demand,2375.76,0
C081,Manufacturing,2025-10-24,1396.31,Renewable,848.5,906.5,30.84,Buy,126,Verified,17068.36,Low_Demand,1581.38,1
C055,Manufacturing,2024-08-17,668.73,Renewable,264.96,457.96,33.9,Buy,175,Disputed,15180.31,Price_Surge,1905.52,1
C016,Cement,2024-07-22,2927.75,Coal,1256.13,1409.13,22.89,Buy,94,Verified,14317.37,Price_Surge,1092.32,1
C069,Energy,2025-04-04,1385.11,Coal,504.81,366.81,23.44,Buy,122,Verified,10849.21,High_Demand,555.2,1
C002,Steel,2025-02-10,2843.87,Mixed Fuel,2178.77,2153.77,32.27,Sell,115,Verified,15950.52,Low_Demand,1309.02,0
C072,Energy,2025-10-04,2704.37,Renewable,1087.08,995.0799999999999,33.31,Sell,175,Disputed,12112.25,Low_Demand,955.76,0
C006,Manufacturing,2025-07-29,2605.04,Mixed Fuel,1876.78,1783.78,34.19,Buy,45,Verified,9984.69,Price_Surge,1912.29,1
C020,Energy,2024-07-08,2560.0,Coal,1073.66,1007.6600000000001,28.21,Sell,129,Disputed,9933.63,High_Demand,2542.68,0
C068,Cement,2024-11-15,2735.56,Mixed Fuel,1644.83,1756.83,28.31,Buy,94,Verified,15613.06,High_Demand,2543.73,1
C040,Manufacturing,2025-10-08,866.81,Natural Gas,679.99,593.99,34.54,Sell,44,Verified,8153.06,Price_Surge,1434.21,0
C052,Manufacturing,2025-05-18,2880.54,Mixed Fuel,1957.21,1997.21,34.56,Buy,31,Verified,17814.89,Low_Demand,2944.86,1
C045,Steel,2024-07-14,2159.24,Renewable,916.65,784.65,25.56,Buy,71,Verified,14087.71,High_Demand,2933.9,1
C043,Cement,2024-11-18,638.9,Coal,342.28,265.28,26.66,Sell,102,Disputed,7681.56,Price_Surge,2188.51,0
C035,Energy,2025-11-08,2105.97,Natural Gas,1119.77,1307.77,24.82,Sell,100,Verified,9257.14,Price_Surge,2103.67,0
C003,Manufacturing,2025-01-25,2263.99,Mixed Fuel,1343.9,1359.9,21.36,Buy,121,Disputed,12687.94,High_Demand,1865.03,1
C040,Manufacturing,2024-08-10,1854.17,Mixed Fuel,1132.25,1109.25,27.25,Sell,144,Disputed,7117.47,Price_Surge,1368.75,0
C027,Manufacturing,2024-05-05,519.96,Renewable,246.57,376.57,31.97,Buy,100,Verified,6715.29,Low_Demand,2777.16,1
C072,Steel,2024-03-16,2353.39,Coal,895.08,1054.08,26.21,Sell,70,Disputed,14621.25,Price_Surge,1056.13,0
C035,Energy,2025-11-15,2454.7,Mixed Fuel,1097.55,1121.55,22.12,Sell,131,Disputed,7461.89,Price_Surge,979.53,0
C037,Cement,2025-11-02,972.97,Coal,486.81,496.81,30.76,Buy,91,Verified,18383.71,Low_Demand,688.6,1
C023,Steel,2024-01-25,2341.83,Mixed Fuel,1259.45,1130.45,33.51,Buy,164,Verified,19716.93,High_Demand,2101.33,1
C045,Cement,2025-10-22,2492.89,Renewable,1399.51,1372.51,21.0,Sell,99,Disputed,13841.36,Price_Surge,1147.75,0
C001,Steel,2025-09-23,1053.71,Coal,628.18,628.18,21.93,Sell,128,Verified,11973.77,High_Demand,1459.33,0
C077,Energy,2024-09-01,1980.02,Natural Gas,759.65,874.65,31.62,Sell,182,Disputed,16594.07,Low_Demand,2085.2,0
C060,Energy,2025-11-09,927.94,Renewable,376.54,188.54000000000002,29.5,Buy,31,Verified,6858.6,Low_Demand,635.7,1
C069,Energy,2025-02-14,1931.12,Renewable,1218.63,1119.63,21.0,Buy,24,Verified,12239.74,Low_Demand,2995.85,1
C091,Steel,2024-08-04,1214.42,Natural Gas,598.29,779.29,32.09,Sell,64,Verified,19208.07,Price_Surge,823.78,0
C006,Energy,2025-12-16,2857.82,Renewable,1798.32,1690.32,29.75,Buy,153,Disputed,15034.23,Price_Surge,1800.94,1
C005,Energy,2025-08-28,2522.79,Renewable,1805.55,1998.55,26.65,Buy,197,Verified,11940.28,High_Demand,2541.8,1
C030,Steel,2024-03-05,1892.13,Coal,815.25,844.25,31.34,Buy,39,Verified,18007.99,Price_Surge,1715.01,1
C094,Steel,2025-03-17,2718.23,Renewable,1800.82,1964.82,33.75,Sell,81,Disputed,17322.31,High_Demand,2454.19,0
C003,Cement,2024-08-26,1465.87,Renewable,758.64,779.64,32.76,Buy,176,Disputed,16772.91,Price_Surge,1206.33,1
C087,Steel,2024-11-18,546.79,Mixed Fuel,358.78,369.78,28.99,Buy,100,Verified,13283.12,Low_Demand,2475.17,1
C087,Cement,2024-03-05,1814.76,Natural Gas,864.59,985.59,33.07,Buy,142,Disputed,13129.02,Low_Demand,2630.98,1
C092,Steel,2025-08-30,1088.22,Natural Gas,487.35,599.35,27.92,Sell,190,Verified,11267.93,Price_Surge,1468.67,0
C050,Cement,2025-11-22,1710.04,Renewable,873.18,783.18,21.29,Sell,168,Verified,11805.35,Price_Surge,1467.34,0
C040,Cement,2024-11-07,2421.19,Coal,1011.61,1000.61,33.77,Buy,186,Disputed,6160.95,High_Demand,2662.08,1
C012,Cement,2024-06-12,2173.11,Natural Gas,845.2,767.2,33.96,Buy,176,Disputed,18132.28,Price_Surge,2363.95,1
C086,Manufacturing,2025-07-21,780.51,Renewable,585.25,587.25,23.26,Sell,152,Disputed,14834.01,Price_Surge,1689.49,0
C031,Steel,2025-03-21,1493.64,Natural Gas,492.6,514.6,24.56,Sell,168,Disputed,12457.31,Low_Demand,2942.15,0
C013,Manufacturing,2024-04-27,1704.0,Mixed Fuel,1255.64,1064.64,28.15,Sell,99,Verified,16570.0,High_Demand,979.03,0
C033,Manufacturing,2025-08-20,1534.49,Mixed Fuel,1023.16,855.16,33.03,Sell,27,Disputed,7609.92,Price_Surge,2069.27,0
C013,Cement,2025-02-24,2045.8,Natural Gas,1316.68,1250.68,26.69,Sell,174,Disputed,9276.3,High_Demand,546.44,0
C011,Energy,2024-06-26,951.92,Coal,669.83,857.83,25.64,Buy,106,Verified,12147.94,High_Demand,2676.65,1
C044,Cement,2024-07-19,2423.53,Natural Gas,744.21,846.21,34.62,Sell,134,Verified,14074.65,High_Demand,1005.3,0
C030,Manufacturing,2025-02-19,833.6,Coal,425.69,248.69,32.57,Sell,64,Disputed,12241.32,Price_Surge,1839.47,0
C037,Energy,2025-11-30,2576.71,Natural Gas,1659.77,1802.77,32.62,Sell,37,Disputed,10750.23,Low_Demand,2280.14,0
C058,Cement,2024-05-01,2744.65,Coal,1211.08,1302.08,29.13,Sell,96,Verified,7136.52,Low_Demand,811.27,0
C013,Manufacturing,2025-08-16,814.86,Renewable,362.65,499.65,30.2,Buy,58,Verified,6015.7,Price_Surge,1491.86,1
C003,Manufacturing,2025-03-31,2872.9,Coal,1609.22,1631.22,25.09,Sell,163,Disputed,7213.93,Price_Surge,582.4,0
C030,Manufacturing,2025-08-09,2888.45,Coal,1349.0,1530.0,24.25,Buy,53,Disputed,11889.46,High_Demand,751.38,1
C046,Steel,2025-07-21,584.8,Mixed Fuel,309.82,122.82,27.74,Buy,70,Verified,6636.3,Price_Surge,2874.11,1
C075,Energy,2024-03-21,941.52,Renewable,525.5,486.5,24.26,Buy,147,Verified,13931.94,Low_Demand,738.66,1
C019,Steel,2024-01-31,2517.29,Natural Gas,1616.09,1601.09,22.62,Sell,142,Disputed,16619.14,High_Demand,1462.63,0
C048,Steel,2025-09-06,1032.11,Coal,464.35,408.35,28.25,Buy,20,Verified,13512.93,Low_Demand,1610.69,1
C055,Steel,2025-12-04,2171.17,Mixed Fuel,773.56,965.56,28.01,Sell,48,Disputed,5253.76,Low_Demand,1625.58,0
C064,Energy,2024-11-28,782.03,Renewable,243.82,378.82,21.97,Sell,156,Verified,5842.69,Low_Demand,500.97,0
C042,Energy,2025-01-15,1197.75,Mixed Fuel,801.79,937.79,22.92,Sell,193,Disputed,6652.89,Price_Surge,2339.57,0
C065,Energy,2024-12-12,1249.78,Coal,822.05,1015.05,23.26,Buy,155,Verified,13782.86,High_Demand,2505.7,1
C091,Energy,2024-04-09,2511.7,Natural Gas,1020.8,845.8,20.4,Sell,23,Verified,13778.99,High_Demand,2577.31,0
C011,Energy,2024-06-11,2634.97,Natural Gas,1812.81,1991.81,30.86,Buy,191,Disputed,19964.26,High_Demand,854.57,1
C100,Steel,2025-07-06,1586.23,Coal,930.62,959.62,27.52,Sell,128,Disputed,18079.39,Low_Demand,2581.37,0
C004,Steel,2024-03-29,2457.84,Renewable,1650.29,1749.29,33.27,Sell,121,Verified,10295.44,High_Demand,1601.02,0
C034,Cement,2024-03-21,1392.58,Renewable,1108.13,1001.1300000000001,23.79,Sell,49,Disputed,17748.15,High_Demand,766.48,0
C043,Energy,2025-02-05,989.54,Mixed Fuel,663.49,712.49,23.04,Buy,33,Verified,9677.37,Price_Surge,1643.25,1
C018,Manufacturing,2024-09-16,2536.09,Renewable,1596.37,1455.37,23.0,Buy,28,Disputed,6425.25,Low_Demand,1240.16,1
C088,Cement,2025-11-13,1175.33,Natural Gas,870.89,950.89,32.09,Sell,126,Disputed,16702.8,High_Demand,2884.52,0
C005,Steel,2024-08-15,2756.62,Renewable,932.96,763.96,22.8,Sell,60,Verified,10348.93,Price_Surge,834.8,0
C057,Steel,2024-10-19,2612.55,Mixed Fuel,1780.19,1728.19,21.17,Sell,82,Disputed,12470.42,High_Demand,1259.58,0
C099,Manufacturing,2024-02-26,2532.99,Renewable,1107.11,1137.11,29.57,Sell,37,Verified,11109.39,Low_Demand,1195.27,0
C028,Steel,2024-09-28,1333.53,Coal,934.46,742.46,34.75,Sell,68,Verified,18083.54,Price_Surge,2019.2,0
C072,Steel,2024-09-09,1349.21,Mixed Fuel,969.34,1150.3400000000001,25.86,Sell,151,Verified,19176.43,Low_Demand,1463.42,0
C084,Manufacturing,2024-12-12,2475.37,Natural Gas,1305.01,1430.01,25.22,Sell,38,Verified,9353.98,Low_Demand,2462.07,0
C062,Cement,2025-08-20,2132.92,Renewable,985.01,1145.01,24.67,Buy,160,Verified,18623.7,Price_Surge,1338.66,1
C049,Manufacturing,2025-08-16,2030.41,Mixed Fuel,1239.99,1244.99,26.11,Buy,72,Verified,19566.03,High_Demand,1048.25,1
C003,Manufacturing,2024-02-18,2408.18,Natural Gas,1507.53,1413.53,20.72,Sell,81,Disputed,7472.74,Low_Demand,2036.87,0
C075,Cement,2024-04-05,1075.0,Coal,574.24,477.24,30.64,Buy,53,Disputed,13570.71,High_Demand,2484.82,1
C089,Cement,2024-06-24,2831.45,Natural Gas,1126.15,1176.15,20.44,Buy,67,Disputed,16313.24,Low_Demand,2661.58,1
C066,Cement,2025-07-16,589.34,Mixed Fuel,260.5,357.5,26.03,Buy,58,Disputed,6690.96,Low_Demand,802.62,1
C094,Cement,2024-06-07,722.99,Mixed Fuel,479.92,661.9200000000001,23.01,Buy,163,Disputed,14998.78,High_Demand,2515.96,1
C010,Energy,2024-11-24,1131.92,Coal,721.04,781.04,34.82,Sell,119,Disputed,12757.33,High_Demand,2815.23,0
C061,Energy,2025-08-30,1927.14,Mixed Fuel,1414.45,1501.45,23.07,Sell,199,Verified,9909.01,Low_Demand,925.31,0
C007,Steel,2024-04-22,2456.21,Renewable,1670.9,1579.9,32.16,Buy,195,Disputed,19856.83,Low_Demand,1026.87,1
C089,Manufacturing,2024-12-22,1054.46,Coal,393.36,393.36,23.64,Sell,167,Disputed,15759.6,Price_Surge,2664.03,0
C002,Cement,2025-11-23,1770.03,Natural Gas,1319.49,1264.49,32.08,Sell,72,Disputed,6871.32,High_Demand,2008.57,0
C018,Cement,2025-08-21,2594.38,Renewable,1774.68,1661.68,25.17,Buy,147,Verified,18280.22,Price_Surge,2690.4,1
C010,Steel,2025-12-16,1957.81,Coal,590.73,579.73,34.92,Sell,32,Verified,15523.22,High_Demand,2281.52,0
C022,Energy,2024-12-03,1470.56,Renewable,1077.38,1147.38,33.39,Buy,51,Disputed,8017.26,Low_Demand,1646.98,1
C022,Manufacturing,2025-08-24,836.39,Mixed Fuel,477.98,284.98,26.46,Sell,197,Disputed,12974.32,Low_Demand,1876.94,0
C038,Manufacturing,2025-03-07,2525.75,Renewable,1440.39,1364.39,31.75,Buy,154,Verified,17691.21,Price_Surge,1704.94,1
C081,Manufacturing,2024-09-01,1405.07,Renewable,878.48,759.48,22.5,Buy,85,Disputed,6202.86,Low_Demand,1906.17,1
C085,Energy,2024-07-30,1047.82,Coal,752.54,693.54,23.42,Sell,103,Verified,12157.92,Price_Surge,1797.75,0
C001,Manufacturing,2025-05-30,1199.63,Natural Gas,668.22,811.22,21.41,Buy,126,Disputed,12420.02,High_Demand,796.9,1
C016,Steel,2024-08-30,1168.29,Renewable,930.53,1083.53,22.57,Sell,192,Verified,16205.28,Price_Surge,2955.38,0
C055,Manufacturing,2024-07-12,516.33,Natural Gas,217.03,82.03,20.98,Sell,41,Verified,6425.38,Low_Demand,947.32,0
C009,Steel,2025-06-15,2241.35,Coal,958.1,1141.1,23.94,Sell,62,Disputed,16880.57,Price_Surge,2674.96,0
C086,Manufacturing,2024-02-09,512.14,Renewable,302.28,283.28,31.39,Buy,188,Verified,18229.55,Price_Surge,2377.42,1
C012,Steel,2025-03-07,1360.23,Mixed Fuel,461.39,646.39,22.06,Sell,153,Verified,6044.88,Price_Surge,1921.88,0
C080,Cement,2024-11-22,871.58,Natural Gas,567.28,633.28,34.94,Buy,179,Disputed,6378.15,Price_Surge,2142.23,1
C059,Steel,2024-03-10,648.09,Coal,356.84,303.84,22.74,Buy,76,Disputed,5960.69,High_Demand,2906.55,1
C033,Cement,2025-08-22,1507.21,Renewable,816.38,819.38,31.04,Sell,181,Verified,6382.29,Low_Demand,1974.28,0
C077,Cement,2024-11-23,2623.58,Renewable,1153.01,1043.01,33.95,Buy,179,Verified,10479.54,High_Demand,1792.51,1
C076,Manufacturing,2024-07-30,1211.79,Natural Gas,930.25,731.25,31.65,Buy,176,Verified,8917.15,High_Demand,2388.04,1
C047,Energy,2024-11-04,1551.92,Coal,528.55,550.55,25.97,Buy,165,Verified,8586.53,Price_Surge,2665.76,1
C022,Energy,2024-02-04,1668.96,Natural Gas,504.18,490.18,33.5,Sell,157,Disputed,19216.97,Low_Demand,1671.45,0
C011,Cement,2024-01-24,2139.14,Mixed Fuel,1177.04,1158.04,34.0,Sell,36,Disputed,14473.89,Low_Demand,1458.42,0
C022,Energy,2025-06-03,2078.68,Coal,1444.97,1396.97,26.55,Buy,171,Disputed,16799.16,High_Demand,590.11,1
C053,Energy,2025-03-07,836.3,Coal,654.9,680.9,32.47,Buy,142,Disputed,13578.35,Low_Demand,1116.9,1
C006,Steel,2025-10-17,875.59,Coal,592.89,575.89,25.76,Sell,145,Verified,14553.12,Low_Demand,815.27,0
C005,Manufacturing,2024-02-25,1653.95,Coal,810.25,633.25,26.68,Sell,92,Verified,8518.13,Price_Surge,808.02,0
C024,Cement,2025-03-27,1286.89,Natural Gas,906.81,1089.81,27.86,Buy,108,Verified,12015.27,Low_Demand,2898.12,1
C034,Cement,2024-10-27,2452.38,Mixed Fuel,1103.46,1127.46,34.12,Sell,73,Verified,5401.0,Low_Demand,2242.66,0
C081,Steel,2024-07-10,2861.03,Renewable,1251.85,1254.85,26.9,Buy,33,Verified,11729.56,Low_Demand,2759.36,1
C030,Steel,2025-02-28,587.75,Coal,283.46,302.46,28.63,Buy,86,Verified,16446.79,High_Demand,1268.89,1
C052,Cement,2025-10-24,1853.9,Renewable,1420.65,1452.65,34.56,Sell,88,Disputed,15686.46,Price_Surge,1355.67,0
C044,Cement,2024-09-27,2424.59,Renewable,1333.93,1238.93,23.92,Sell,121,Verified,11008.99,Low_Demand,751.2,0
C070,Energy,2025-09-06,952.78,Mixed Fuel,510.04,573.04,26.25,Buy,130,Disputed,8341.86,Price_Surge,1426.19,1
C007,Energy,2025-07-15,1451.69,Mixed Fuel,1047.33,1008.3299999999999,31.54,Buy,40,Disputed,10955.34,Low_Demand,924.04,1
C065,Manufacturing,2025-08-20,2144.44,Renewable,785.52,961.52,31.3,Sell,164,Verified,5090.42,Price_Surge,595.16,0
C093,Energy,2024-07-14,569.52,Renewable,237.58,237.58,32.33,Sell,60,Verified,16565.68,High_Demand,2741.58,0
C085,Manufacturing,2025-08-17,1461.02,Natural Gas,492.17,655.1700000000001,26.81,Sell,150,Verified,5265.37,High_Demand,2330.22,0
C086,Cement,2024-09-09,2887.09,Coal,1574.12,1591.12,24.15,Buy,93,Disputed,10938.0,High_Demand,2795.24,1
C017,Steel,2025-08-24,1832.42,Natural Gas,680.54,728.54,34.62,Sell,180,Verified,16628.05,Price_Surge,638.78,0
C092,Steel,2024-05-17,2032.12,Natural Gas,762.1,684.1,31.42,Sell,189,Disputed,7152.72,High_Demand,2893.05,0
C074,Energy,2025-09-26,562.43,Natural Gas,221.13,183.13,33.83,Sell,89,Verified,6776.05,Low_Demand,1923.78,0
C046,Steel,2024-10-31,1632.86,Coal,678.62,756.62,21.08,Buy,68,Disputed,15982.61,High_Demand,2832.86,1
C036,Energy,2024-11-23,2627.68,Renewable,1356.89,1548.89,31.83,Buy,83,Verified,6927.97,Price_Surge,586.39,1
C058,Energy,2024-12-13,2079.68,Coal,1260.3,1372.3,26.83,Buy,88,Disputed,6015.84,High_Demand,1137.05,1
C022,Cement,2025-09-09,1541.86,Renewable,933.33,1061.33,29.78,Sell,145,Verified,12008.67,Price_Surge,1469.3,0
C052,Manufacturing,2024-10-07,1671.66,Mixed Fuel,1234.09,1429.09,21.69,Sell,22,Verified,8060.89,High_Demand,2679.45,0
C001,Cement,2025-04-13,1620.66,Renewable,975.05,1165.05,34.17,Sell,105,Verified,16155.63,Low_Demand,989.81,0
C003,Manufacturing,2025-07-07,1837.22,Renewable,1342.99,1151.99,30.84,Sell,197,Verified,14150.42,High_Demand,1786.8,0
C018,Energy,2024-02-21,1663.03,Renewable,802.67,721.67,33.11,Sell,154,Disputed,10384.03,Price_Surge,516.49,0
C085,Steel,2025-01-17,1429.87,Renewable,542.95,396.95000000000005,34.12,Sell,22,Verified,7128.41,Price_Surge,1096.03,0
C030,Energy,2025-03-21,1826.71,Renewable,1229.96,1240.96,21.48,Sell,168,Verified,9923.07,High_Demand,716.48,0
C064,Manufacturing,2024-01-31,2251.14,Mixed Fuel,1581.03,1549.03,31.1,Sell,140,Disputed,11493.97,Price_Surge,1915.38,0
C010,Manufacturing,2025-12-08,1115.25,Natural Gas,830.97,793.97,26.56,Sell,194,Verified,13151.34,High_Demand,1223.56,0
C067,Manufacturing,2024-04-03,1472.44,Natural Gas,581.67,607.67,27.04,Sell,81,Disputed,7030.61,Price_Surge,643.69,0
C004,Energy,2024-03-23,808.32,Natural Gas,556.7,508.70000000000005,21.74,Buy,93,Verified,19281.08,High_Demand,2269.88,1
C062,Cement,2024-07-31,1406.32,Mixed Fuel,990.99,1012.99,29.53,Sell,186,Verified,11614.87,Price_Surge,682.72,0
C074,Cement,2024-06-25,2149.4,Mixed Fuel,1516.5,1454.5,22.95,Sell,69,Disputed,17755.8,Price_Surge,2543.85,0
C010,Steel,2024-09-02,1099.2,Renewable,644.46,560.46,25.5,Sell,110,Disputed,5087.91,Low_Demand,1265.31,0
C054,Steel,2024-03-30,753.44,Mixed Fuel,255.86,96.86000000000001,20.64,Sell,72,Verified,12037.34,High_Demand,1519.66,0
C054,Energy,2025-06-30,959.55,Natural Gas,299.63,402.63,34.22,Buy,132,Verified,18717.21,High_Demand,2772.41,1
C039,Manufacturing,2025-02-17,973.66,Renewable,548.15,429.15,22.64,Buy,183,Verified,10796.32,Low_Demand,2476.3,1
C093,Energy,2024-10-31,1575.28,Renewable,904.62,824.62,23.32,Sell,95,Verified,10069.07,Low_Demand,971.03,0
C010,Steel,2025-02-19,618.6,Coal,480.9,573.9,28.55,Sell,165,Verified,7900.97,High_Demand,746.66,0
C001,Cement,2024-02-12,2866.42,Coal,1018.64,977.64,20.05,Buy,43,Verified,11143.2,High_Demand,1135.41,1
C099,Cement,2025-09-14,2826.74,Coal,1871.67,1901.67,32.59,Sell,143,Disputed,19461.25,High_Demand,2698.54,0
C030,Manufacturing,2024-10-09,1412.69,Renewable,970.1,1024.1,21.65,Buy,65,Verified,8425.94,High_Demand,947.9,1
C040,Energy,2024-04-12,698.98,Renewable,365.5,264.5,24.6,Buy,50,Disputed,11158.64,Price_Surge,2885.9,1
C050,Manufacturing,2024-03-09,2384.02,Mixed Fuel,1807.65,1660.65,28.11,Buy,150,Verified,7043.35,High_Demand,2718.22,1
C089,Cement,2024-10-22,1811.23,Natural Gas,1178.41,1285.41,23.05,Buy,166,Disputed,18140.64,High_Demand,1745.62,1
C086,Energy,2025-06-07,1861.55,Renewable,869.63,740.63,28.29,Buy,30,Disputed,7675.9,Low_Demand,2391.72,1
C044,Energy,2024-03-19,588.37,Renewable,380.59,415.59,34.78,Sell,48,Disputed,15173.76,High_Demand,669.59,0
C003,Steel,2024-02-14,663.85,Coal,492.74,343.74,24.13,Buy,198,Disputed,5761.36,High_Demand,2620.77,1
C004,Manufacturing,2025-12-04,2359.14,Natural Gas,1544.94,1673.94,21.72,Buy,104,Verified,5882.5,High_Demand,943.29,1
C029,Manufacturing,2024-02-29,2792.36,Renewable,1303.14,1208.14,26.25,Buy,185,Verified,11257.76,Low_Demand,1341.3,1
C054,Manufacturing,2025-10-25,888.41,Mixed Fuel,683.33,597.33,28.55,Sell,107,Disputed,5598.93,High_Demand,2932.36,0
C050,Manufacturing,2025-06-09,2697.87,Renewable,2123.7,2030.6999999999998,32.11,Buy,88,Disputed,15578.04,Price_Surge,1419.51,1
C089,Energy,2025-09-08,2483.19,Natural Gas,1422.58,1380.58,20.55,Buy,171,Disputed,17695.84,High_Demand,1551.27,1
C002,Cement,2024-08-25,2498.67,Renewable,1616.21,1611.21,29.81,Sell,46,Disputed,16023.38,Low_Demand,2034.69,0
C051,Energy,2025-11-09,2094.31,Coal,1540.94,1713.94,30.69,Buy,198,Disputed,17353.76,Price_Surge,1639.64,1
C085,Steel,2024-04-27,2977.74,Coal,2173.57,2352.57,28.76,Buy,135,Disputed,9265.01,Low_Demand,1059.04,1
C080,Manufacturing,2025-01-18,1569.11,Mixed Fuel,1233.64,1347.64,33.1,Buy,170,Verified,18906.72,High_Demand,1727.41,1
C012,Energy,2024-08-05,2127.97,Coal,1431.93,1288.93,23.62,Buy,29,Disputed,15348.2,Price_Surge,1612.85,1
C051,Steel,2024-11-30,2370.25,Mixed Fuel,1476.65,1484.65,27.79,Buy,65,Disputed,11062.97,Price_Surge,2265.77,1
C049,Energy,2024-11-04,780.1,Coal,467.33,662.3299999999999,26.8,Sell,91,Verified,8880.51,Low_Demand,2119.37,0
C079,Energy,2025-08-01,2272.57,Renewable,1550.62,1627.62,23.5,Buy,162,Verified,10660.97,Price_Surge,2827.43,1
C001,Manufacturing,2024-06-30,2937.18,Natural Gas,1632.98,1439.98,28.35,Buy,84,Verified,5937.88,Price_Surge,1175.75,1
C075,Energy,2024-02-06,2533.43,Mixed Fuel,856.39,718.39,24.94,Sell,200,Disputed,9148.28,Price_Surge,2674.73,0
C043,Steel,2024-03-21,860.21,Mixed Fuel,361.1,245.10000000000002,20.93,Buy,22,Disputed,9842.83,Low_Demand,1553.76,1
C049,Manufacturing,2025-10-08,525.27,Natural Gas,160.41,34.41,22.61,Sell,108,Verified,7635.48,Price_Surge,2276.34,0
C088,Cement,2025-05-21,1998.51,Natural Gas,803.27,653.27,27.22,Sell,133,Disputed,15404.53,Low_Demand,2858.7,0
C088,Energy,2024-03-22,1174.57,Coal,672.72,865.72,26.04,Sell,115,Disputed,10589.86,Price_Surge,2255.25,0
C063,Energy,2025-11-19,2055.33,Natural Gas,1473.84,1358.84,33.91,Buy,78,Disputed,16961.89,High_Demand,2052.64,1
C014,Steel,2025-07-26,1025.07,Mixed Fuel,477.21,476.21,26.18,Sell,95,Verified,7815.73,Price_Surge,1329.07,0
C047,Cement,2025-10-05,2094.95,Mixed Fuel,941.82,785.82,27.05,Buy,84,Verified,13608.42,Price_Surge,1285.05,1
C010,Energy,2025-07-29,866.02,Mixed Fuel,294.63,288.63,24.57,Sell,139,Disputed,14187.65,High_Demand,2882.05,0
C007,Manufacturing,2025-07-03,2621.64,Mixed Fuel,792.88,797.88,29.15,Sell,136,Disputed,11523.92,High_Demand,2614.13,0
C051,Manufacturing,2025-06-01,2396.49,Renewable,1564.99,1643.99,33.42,Buy,154,Disputed,19142.39,Price_Surge,1188.26,1
C008,Manufacturing,2024-01-04,826.88,Renewable,264.77,276.77,24.22,Sell,26,Verified,16389.1,Low_Demand,1471.8,0
C055,Manufacturing,2025-02-27,2973.86,Natural Gas,1607.5,1764.5,20.58,Buy,150,Verified,8244.81,Low_Demand,1579.7,1
C075,Energy,2025-10-17,1908.23,Coal,1100.07,1226.07,32.16,Sell,141,Verified,13160.2,Price_Surge,1413.34,0
C092,Energy,2025-08-23,2575.65,Natural Gas,1478.2,1414.2,20.72,Sell,180,Verified,7297.24,High_Demand,534.16,0
C002,Steel,2025-01-16,1295.62,Mixed Fuel,390.21,295.21,29.48,Sell,193,Verified,17125.88,Price_Surge,1934.26,0
C034,Cement,2024-08-14,1317.64,Natural Gas,863.69,1014.69,30.85,Sell,151,Disputed,11321.98,High_Demand,1126.51,0
C094,Cement,2024-04-23,1254.03,Coal,474.16,354.16,26.9,Sell,84,Disputed,13159.63,Price_Surge,1789.76,0
C083,Energy,2024-07-20,1561.21,Mixed Fuel,775.49,835.49,27.37,Sell,166,Verified,10167.19,Price_Surge,2008.13,0
C078,Energy,2025-11-30,2542.89,Coal,1769.43,1799.43,23.01,Buy,191,Verified,11132.59,High_Demand,1126.38,1
C009,Steel,2024-12-14,2807.77,Mixed Fuel,848.48,787.48,25.61,Buy,106,Disputed,10443.28,High_Demand,2789.95,1
C062,Cement,2025-11-29,2836.62,Mixed Fuel,953.38,819.38,31.36,Buy,120,Disputed,10417.18,Low_Demand,2332.65,1
C025,Steel,2025-10-03,1200.83,Coal,953.21,1130.21,24.93,Buy,182,Disputed,13303.59,Price_Surge,1798.36,1
C038,Energy,2024-02-10,848.34,Mixed Fuel,400.03,262.03,26.84,Sell,112,Verified,13250.54,Low_Demand,1719.72,0
C053,Steel,2024-04-06,1038.21,Mixed Fuel,579.84,518.84,32.12,Buy,66,Verified,8875.62,Price_Surge,714.75,1
C089,Steel,2024-11-30,1394.94,Natural Gas,442.46,591.46,33.82,Sell,50,Verified,8883.62,Low_Demand,555.94,0
C057,Steel,2024-07-25,1475.48,Natural Gas,678.24,750.24,28.29,Buy,200,Verified,11831.21,Price_Surge,1074.61,1
C075,Cement,2024-10-31,1930.13,Natural Gas,645.48,592.48,33.72,Buy,115,Verified,11150.64,Price_Surge,660.69,1
C092,Cement,2024-12-28,2509.26,Renewable,1546.31,1353.31,34.21,Buy,129,Verified,5790.53,Price_Surge,2465.31,1
C026,Manufacturing,2024-02-25,1600.85,Natural Gas,1276.89,1286.89,30.57,Buy,48,Verified,18932.27,Low_Demand,613.04,1
C059,Steel,2025-05-31,749.95,Natural Gas,398.02,503.02,21.01,Buy,175,Disputed,14872.91,Low_Demand,1073.18,1
C035,Cement,2024-08-06,1175.54,Mixed Fuel,892.43,1018.43,29.28,Buy,62,Disputed,13592.25,Price_Surge,2764.45,1
C084,Cement,2024-03-01,1017.62,Mixed Fuel,547.83,397.83000000000004,23.76,Buy,34,Verified,13944.51,Price_Surge,1630.3,1
C044,Steel,2024-06-23,593.88,Coal,409.74,250.74,20.19,Buy,139,Disputed,8601.3,Low_Demand,1656.65,1
C031,Cement,2024-05-24,2484.77,Renewable,1373.31,1425.31,25.73,Sell,50,Disputed,19415.73,Price_Surge,766.59,0
C079,Manufacturing,2025-02-26,731.04,Natural Gas,385.23,257.23,32.73,Sell,79,Verified,18756.6,Price_Surge,2314.45,0
C049,Energy,2024-05-11,1530.87,Coal,1061.13,1252.13,33.52,Buy,151,Disputed,5080.77,High_Demand,2482.0,1
C090,Cement,2024-05-30,2422.42,Coal,1320.08,1392.08,33.46,Sell,68,Disputed,10419.45,High_Demand,1866.65,0
C031,Steel,2025-01-17,2903.72,Coal,2132.29,2177.29,21.52,Sell,178,Verified,8142.67,Price_Surge,1186.52,0
C083,Steel,2024-03-11,1131.84,Natural Gas,543.58,629.58,23.83,Buy,172,Verified,7926.86,High_Demand,1846.07,1
C001,Steel,2024-01-03,1815.08,Mixed Fuel,1422.0,1463.0,21.02,Buy,95,Verified,10448.2,Price_Surge,2153.38,1
C063,Manufacturing,2024-03-04,2978.51,Natural Gas,2065.25,2205.25,22.66,Buy,115,Disputed,16113.68,High_Demand,2203.22,1
C031,Energy,2024-02-20,1197.02,Natural Gas,600.73,410.73,34.98,Buy,193,Verified,14886.34,Price_Surge,1312.77,1
C012,Manufacturing,2024-03-02,1335.65,Mixed Fuel,453.93,474.93,29.63,Buy,121,Verified,5164.96,High_Demand,2104.56,1
C013,Steel,2025-09-30,2384.29,Natural Gas,758.87,800.87,26.26,Buy,149,Verified,8424.53,High_Demand,2034.49,1
C087,Energy,2025-08-24,1706.08,Natural Gas,957.65,1102.65,23.76,Buy,163,Verified,19611.93,Price_Surge,1630.33,1
C085,Steel,2025-06-07,1392.07,Natural Gas,606.14,452.14,31.7,Sell,24,Verified,16519.16,High_Demand,803.54,0
C053,Cement,2024-07-27,2410.91,Coal,1279.86,1420.86,30.02,Buy,149,Disputed,19708.38,Price_Surge,2450.08,1
C084,Cement,2024-04-16,2062.36,Renewable,1526.6,1596.6,26.69,Buy,95,Verified,5140.41,Low_Demand,2743.12,1
C035,Energy,2024-11-21,2555.3,Natural Gas,1484.54,1673.54,32.48,Sell,142,Verified,19318.8,Price_Surge,690.78,0
C078,Manufacturing,2024-03-12,2039.4,Coal,659.85,812.85,27.45,Buy,110,Disputed,13829.51,High_Demand,1269.72,1
C090,Cement,2024-04-30,1472.31,Renewable,549.92,537.92,23.29,Buy,51,Verified,16440.78,Low_Demand,581.29,1
C082,Manufacturing,2024-12-20,928.58,Coal,418.18,466.18,22.42,Sell,128,Verified,19663.03,Price_Surge,1036.9,0
C054,Energy,2024-12-02,1972.7,Mixed Fuel,1510.79,1496.79,31.84,Buy,34,Disputed,7432.76,High_Demand,1856.44,1
C078,Energy,2024-12-26,1928.96,Coal,1438.53,1334.53,26.9,Buy,146,Disputed,7546.85,Low_Demand,2485.26,1
C003,Manufacturing,2024-11-05,1792.96,Renewable,1041.2,844.2,29.18,Buy,169,Verified,9936.54,Price_Surge,1023.98,1
C077,Manufacturing,2024-09-21,1740.25,Renewable,634.09,758.09,23.0,Sell,95,Disputed,11878.02,High_Demand,1848.53,0
C005,Cement,2024-11-18,1512.05,Coal,547.47,400.47,23.55,Sell,24,Verified,6885.89,Price_Surge,986.48,0
C022,Manufacturing,2024-07-22,1571.61,Natural Gas,502.56,454.56,31.83,Buy,170,Disputed,19360.59,Low_Demand,2476.11,1
C039,Manufacturing,2024-02-03,975.87,Coal,584.91,644.91,31.69,Sell,52,Verified,5426.26,Low_Demand,1541.06,0
C024,Energy,2025-10-15,2572.49,Renewable,1933.84,1831.84,20.64,Sell,141,Disputed,17903.03,Low_Demand,636.58,0
C063,Manufacturing,2024-08-23,2573.29,Renewable,1723.5,1711.5,24.27,Sell,64,Disputed,12672.29,Low_Demand,907.47,0
C080,Energy,2024-06-05,1117.53,Renewable,712.49,544.49,27.29,Buy,194,Disputed,10840.26,High_Demand,721.97,1
C092,Steel,2024-12-19,1636.82,Coal,987.89,938.89,31.62,Buy,116,Disputed,11487.26,Low_Demand,1117.1,1
C044,Manufacturing,2024-03-08,2494.77,Coal,948.98,1042.98,31.7,Sell,32,Disputed,15575.75,Price_Surge,1276.99,0
C031,Cement,2025-12-25,2892.34,Natural Gas,2255.59,2167.59,26.77,Buy,50,Verified,8648.8,Price_Surge,2999.92,1
C085,Steel,2024-10-21,2367.97,Coal,1621.93,1760.93,27.82,Buy,193,Verified,15472.99,Price_Surge,1142.1,1
C008,Energy,2024-04-19,1399.35,Mixed Fuel,845.06,907.06,20.02,Buy,37,Disputed,14841.14,High_Demand,1743.5,1
C080,Steel,2024-08-02,1689.15,Natural Gas,1169.38,997.3800000000001,20.46,Sell,48,Verified,9334.5,Price_Surge,2501.38,0
C065,Cement,2024-07-10,593.99,Coal,462.88,473.88,30.53,Buy,145,Disputed,7198.51,Price_Surge,2858.7,1
C064,Cement,2024-10-06,2715.77,Mixed Fuel,893.32,927.32,30.45,Buy,45,Disputed,11842.83,Price_Surge,2768.83,1
C075,Cement,2025-05-04,1423.28,Coal,714.94,676.94,30.37,Sell,152,Verified,14877.86,Low_Demand,731.89,0
C038,Manufacturing,2025-11-08,1883.04,Mixed Fuel,645.5,615.5,21.04,Buy,126,Verified,9458.36,High_Demand,943.46,1
C060,Cement,2024-12-21,1537.61,Natural Gas,604.48,467.48,32.94,Buy,124,Disputed,11883.86,Low_Demand,830.34,1
C075,Cement,2025-04-14,1219.97,Renewable,761.74,771.74,31.41,Buy,75,Verified,15567.39,High_Demand,541.71,1
C011,Cement,2024-06-26,2985.98,Natural Gas,1039.12,1011.1199999999999,29.17,Sell,133,Verified,7939.06,Low_Demand,1108.75,0
C045,Cement,2025-04-16,1349.88,Natural Gas,627.35,551.35,32.02,Buy,159,Disputed,5540.58,Low_Demand,2244.35,1
C098,Manufacturing,2025-03-14,562.1,Natural Gas,326.7,171.7,32.04,Buy,143,Disputed,5987.77,Price_Surge,1675.97,1
C097,Cement,2024-06-01,2770.03,Mixed Fuel,1274.37,1236.37,22.7,Buy,153,Verified,7252.19,Low_Demand,2983.29,1
C072,Energy,2024-07-11,2712.32,Coal,1531.79,1715.79,25.6,Buy,27,Verified,14075.05,High_Demand,1012.07,1
C082,Energy,2025-10-06,1291.07,Natural Gas,1019.7,833.7,24.5,Sell,26,Disputed,12320.74,High_Demand,1884.18,0
C015,Manufacturing,2025-01-01,2031.78,Renewable,1419.09,1481.09,31.64,Sell,134,Verified,15653.58,Low_Demand,1358.64,0
C086,Energy,2024-08-14,2951.43,Mixed Fuel,1665.96,1803.96,33.33,Sell,155,Verified,18762.11,Price_Surge,1573.23,0
C064,Cement,2024-09-09,2435.68,Coal,1235.06,1385.06,21.83,Sell,131,Disputed,11294.77,Price_Surge,588.66,0
C094,Cement,2025-04-08,746.13,Natural Gas,534.13,379.13,27.0,Sell,109,Disputed,6290.62,Price_Surge,2443.89,0
C009,Manufacturing,2024-04-16,1582.03,Natural Gas,992.44,1165.44,22.13,Buy,186,Verified,14858.51,High_Demand,745.42,1
C031,Cement,2024-07-09,1365.0,Coal,923.72,851.72,27.08,Sell,47,Disputed,18585.0,High_Demand,2729.05,0
C041,Cement,2025-09-20,2513.05,Mixed Fuel,930.36,1074.3600000000001,22.45,Sell,67,Disputed,5063.01,Price_Surge,2689.93,0
C030,Energy,2024-10-11,1058.23,Mixed Fuel,637.31,546.31,32.94,Buy,70,Disputed,17034.21,Low_Demand,1908.78,1
C069,Steel,2025-12-28,1617.44,Coal,966.3,1108.3,21.8,Buy,86,Disputed,11079.73,Low_Demand,989.4,1
C037,Cement,2025-12-09,2840.31,Natural Gas,1747.9,1799.9,32.8,Buy,23,Disputed,18296.64,Price_Surge,2463.07,1
C077,Cement,2025-10-17,2852.15,Mixed Fuel,1141.28,1337.28,32.95,Sell,53,Disputed,12606.11,High_Demand,2937.37,0
C016,Manufacturing,2024-11-15,2198.6,Natural Gas,1592.05,1755.05,21.11,Sell,192,Verified,8444.44,High_Demand,1595.73,0
C035,Manufacturing,2024-11-08,1133.95,Natural Gas,414.91,258.91,25.81,Buy,166,Disputed,9876.35,Low_Demand,1648.95,1
C036,Cement,2025-11-18,2115.51,Mixed Fuel,1052.08,1147.08,32.18,Sell,182,Verified,12939.71,Low_Demand,678.62,0
C051,Steel,2025-07-17,1967.65,Coal,1525.05,1430.05,28.64,Buy,66,Verified,11723.67,Low_Demand,2781.47,1
C092,Cement,2024-10-22,1836.38,Renewable,875.05,679.05,31.55,Sell,39,Verified,7935.32,High_Demand,1964.4,0
C019,Manufacturing,2024-09-27,1177.72,Coal,715.14,786.14,25.61,Buy,68,Disputed,18311.81,Price_Surge,2194.96,1
C023,Cement,2024-12-13,1136.46,Mixed Fuel,503.76,619.76,24.92,Sell,92,Verified,17685.89,High_Demand,1130.45,0
C044,Steel,2024-08-17,1312.17,Coal,710.98,886.98,22.36,Buy,109,Disputed,5260.81,Price_Surge,1025.46,1
C066,Steel,2025-02-27,1773.54,Coal,849.33,1045.33,28.45,Buy,156,Disputed,6859.88,Low_Demand,2214.69,1
C064,Manufacturing,2025-12-11,1927.17,Natural Gas,664.32,619.32,30.49,Buy,21,Disputed,16091.71,High_Demand,2621.53,1
C002,Cement,2025-03-13,2489.4,Renewable,1001.97,898.97,28.3,Sell,100,Disputed,8825.12,Price_Surge,2384.65,0
C022,Energy,2025-03-16,1060.57,Coal,794.75,736.75,28.07,Buy,159,Disputed,10968.77,Low_Demand,1048.79,1
C038,Steel,2025-07-16,1987.21,Natural Gas,1548.15,1451.15,20.09,Sell,186,Disputed,11386.95,Price_Surge,1305.65,0
C095,Steel,2024-01-14,1396.0,Natural Gas,975.09,840.09,34.19,Sell,81,Disputed,17564.02,High_Demand,2054.63,0
C038,Steel,2024-11-28,1646.46,Mixed Fuel,739.85,709.85,22.57,Buy,191,Disputed,11029.71,High_Demand,1092.96,1
C006,Cement,2024-02-24,745.4,Natural Gas,511.5,472.5,26.06,Sell,43,Disputed,19486.86,Price_Surge,983.32,0
C061,Cement,2025-04-07,1087.75,Renewable,360.7,530.7,32.4,Buy,75,Disputed,18816.98,Low_Demand,574.34,1
C086,Manufacturing,2025-07-10,750.22,Natural Gas,377.66,344.66,25.41,Buy,53,Verified,14861.55,High_Demand,1411.31,1
C035,Manufacturing,2024-12-02,2865.26,Renewable,1958.3,1962.3,29.84,Buy,149,Disputed,14418.2,Price_Surge,1984.73,1
C038,Steel,2025-04-23,2453.35,Coal,1961.63,1814.63,33.98,Buy,128,Disputed,13235.87,High_Demand,1395.45,1
C080,Cement,2025-11-23,900.86,Mixed Fuel,502.03,681.03,20.88,Buy,196,Verified,19715.25,High_Demand,1720.83,1
C055,Manufacturing,2025-05-29,614.64,Coal,375.46,561.46,27.96,Buy,24,Disputed,13499.22,Price_Surge,620.25,1
C032,Manufacturing,2025-10-15,706.57,Renewable,223.8,371.8,27.52,Buy,155,Disputed,6986.19,Low_Demand,2133.87,1
C034,Manufacturing,2025-01-17,1940.52,Natural Gas,1300.14,1370.14,23.94,Buy,85,Verified,15970.14,Price_Surge,1649.49,1
C008,Manufacturing,2024-03-22,2892.95,Natural Gas,2298.67,2266.67,23.9,Sell,39,Verified,14203.27,High_Demand,1729.82,0
C075,Energy,2024-06-06,2563.48,Coal,1371.5,1182.5,29.05,Buy,61,Verified,15446.18,Low_Demand,2002.2,1
C082,Energy,2024-08-04,1778.22,Mixed Fuel,1271.79,1443.79,30.27,Buy,63,Verified,13492.96,High_Demand,1461.46,1
C061,Energy,2025-07-10,2399.64,Mixed Fuel,853.31,887.31,24.92,Sell,37,Disputed,11336.04,High_Demand,1072.13,0
C035,Energy,2025-07-26,2411.06,Mixed Fuel,940.88,757.88,26.21,Buy,58,Disputed,12498.51,Low_Demand,684.26,1
C078,Cement,2025-10-06,2703.29,Coal,845.72,852.72,24.35,Sell,72,Verified,13295.51,Price_Surge,1692.58,0
C077,Cement,2025-03-10,1587.14,Mixed Fuel,1139.8,1159.8,22.7,Sell,153,Verified,10638.25,High_Demand,861.44,0
C026,Steel,2025-04-28,558.27,Renewable,322.06,358.06,32.29,Sell,59,Disputed,9231.64,High_Demand,847.95,0
C062,Steel,2024-11-19,1384.66,Renewable,967.76,807.76,33.71,Sell,172,Verified,19943.11,Price_Surge,775.18,0
C079,Energy,2024-03-03,2572.47,Coal,1959.55,1819.55,30.44,Buy,114,Verified,19925.14,Low_Demand,771.05,1
C020,Energy,2024-11-29,734.29,Renewable,309.62,341.62,29.72,Sell,115,Verified,5503.49,High_Demand,605.22,0
C070,Manufacturing,2025-06-01,2886.41,Renewable,1640.14,1582.14,21.57,Buy,99,Verified,7676.19,Price_Surge,1583.51,1
C068,Energy,2025-03-01,928.24,Mixed Fuel,672.9,496.9,26.56,Sell,155,Disputed,8288.33,Low_Demand,2206.89,0
C079,Steel,2025-02-10,750.8,Coal,372.38,323.38,22.23,Buy,148,Verified,18944.12,Low_Demand,1341.88,1
C085,Manufacturing,2024-04-03,670.15,Coal,242.52,257.52,24.73,Sell,153,Disputed,8249.14,High_Demand,2931.6,0
C006,Manufacturing,2024-05-16,2828.73,Renewable,1079.53,907.53,34.77,Buy,105,Disputed,8859.73,High_Demand,2724.34,1
C035,Steel,2025-11-02,2336.11,Coal,907.65,759.65,34.86,Sell,34,Disputed,6665.12,Low_Demand,2456.96,0
C034,Steel,2025-03-22,1985.76,Natural Gas,1476.01,1347.01,22.93,Sell,156,Disputed,17253.6,Price_Surge,954.51,0
C094,Energy,2024-08-03,1612.39,Natural Gas,1143.56,1314.56,31.24,Sell,165,Verified,9742.06,Low_Demand,811.72,0
C087,Manufacturing,2025-11-21,502.46,Renewable,197.85,24.849999999999994,33.2,Sell,46,Verified,17933.07,Price_Surge,1500.5,0
C033,Energy,2025-10-22,2688.27,Natural Gas,1569.96,1704.96,26.35,Buy,98,Disputed,11242.23,Low_Demand,2379.98,1
C096,Cement,2024-07-26,2293.81,Renewable,1206.74,1274.74,22.4,Sell,179,Verified,16492.95,Low_Demand,1777.91,0
C009,Energy,2024-01-08,2710.3,Natural Gas,1713.86,1662.86,33.87,Buy,165,Verified,19752.91,Low_Demand,1887.4,1
C050,Steel,2024-05-14,2625.52,Coal,1553.58,1717.58,33.3,Buy,89,Disputed,10006.79,Low_Demand,2206.14,1
C018,Steel,2024-04-06,1870.16,Coal,1154.02,999.02,33.78,Buy,94,Verified,12886.41,Price_Surge,1791.9,1
C073,Energy,2024-01-23,2660.52,Natural Gas,1129.33,1131.33,30.98,Sell,36,Disputed,7321.73,Low_Demand,2102.09,0
C041,Manufacturing,2024-03-11,2816.85,Coal,988.28,808.28,25.01,Buy,80,Verified,12382.63,High_Demand,1137.26,1
C086,Steel,2024-03-13,2863.42,Mixed Fuel,1286.16,1411.16,25.92,Sell,21,Verified,11115.61,High_Demand,759.62,0
C018,Cement,2024-06-14,1527.74,Mixed Fuel,699.92,812.92,34.7,Buy,141,Verified,18157.0,Low_Demand,2378.4,1
C020,Cement,2024-07-23,1500.21,Natural Gas,946.54,1114.54,22.58,Buy,76,Disputed,11022.19,High_Demand,1587.75,1
C040,Energy,2025-09-09,2934.31,Natural Gas,2043.93,2170.9300000000003,23.99,Sell,183,Disputed,17118.72,Low_Demand,1398.49,0
C053,Energy,2025-06-30,2915.86,Renewable,1033.45,1081.45,27.71,Sell,56,Disputed,6921.19,High_Demand,816.42,0
C036,Steel,2024-06-25,1149.61,Coal,623.75,491.75,27.01,Buy,176,Verified,12946.6,High_Demand,720.52,1
C025,Manufacturing,2025-12-10,2421.05,Coal,1866.88,2027.88,30.5,Buy,121,Verified,14836.75,High_Demand,837.59,1
C095,Energy,2024-11-03,2426.8,Mixed Fuel,1485.77,1533.77,33.71,Sell,140,Disputed,11344.26,Low_Demand,1677.89,0
C017,Steel,2024-11-10,801.0,Natural Gas,341.63,481.63,28.66,Sell,182,Verified,7051.64,Low_Demand,973.4,0
C077,Steel,2025-11-06,2814.71,Coal,1199.35,1233.35,25.52,Sell,49,Verified,13068.16,Price_Surge,1559.99,0
C034,Manufacturing,2025-03-21,2027.0,Natural Gas,1232.57,1164.57,22.66,Sell,169,Disputed,19980.07,Low_Demand,650.31,0
C047,Manufacturing,2025-03-08,1304.65,Renewable,958.34,954.34,30.46,Buy,62,Disputed,16766.47,High_Demand,2402.87,1
C063,Energy,2025-03-07,1991.33,Mixed Fuel,1449.29,1639.29,32.01,Buy,116,Disputed,15648.71,High_Demand,2141.08,1
C002,Cement,2025-02-25,1727.78,Coal,674.03,727.03,21.62,Sell,176,Disputed,15998.81,Price_Surge,1009.04,0
C083,Cement,2025-08-12,1034.68,Mixed Fuel,377.89,321.89,30.62,Buy,100,Disputed,14470.33,Low_Demand,1755.73,1
C086,Manufacturing,2024-10-18,1292.14,Natural Gas,814.43,895.43,27.5,Buy,71,Disputed,6772.28,Price_Surge,746.94,1
C014,Manufacturing,2025-12-31,1704.95,Mixed Fuel,988.85,912.85,32.67,Sell,139,Verified,19796.56,Low_Demand,2514.85,0
C051,Cement,2024-03-05,1872.59,Renewable,854.39,877.39,29.03,Sell,88,Disputed,14820.54,Price_Surge,1501.02,0
C008,Manufacturing,2024-09-19,2845.0,Coal,1490.06,1464.06,31.33,Sell,65,Verified,6044.37,High_Demand,949.24,0
C065,Cement,2025-07-26,1263.81,Renewable,873.75,820.75,27.7,Sell,142,Verified,19218.52,Price_Surge,2481.68,0
C032,Steel,2024-03-26,874.51,Mixed Fuel,328.67,151.67000000000002,33.15,Buy,48,Disputed,15542.12,Price_Surge,764.17,1
C052,Steel,2025-11-13,912.82,Mixed Fuel,710.32,688.32,25.17,Buy,186,Disputed,19986.68,Price_Surge,2587.56,1
C085,Manufacturing,2025-03-22,2787.26,Natural Gas,1879.94,2020.94,27.64,Buy,183,Verified,8233.77,Low_Demand,891.14,1
C046,Cement,2025-04-02,537.17,Mixed Fuel,278.59,420.59,22.04,Buy,53,Verified,10123.36,Price_Surge,892.77,1
C014,Steel,2024-11-17,742.15,Mixed Fuel,231.47,336.47,33.41,Sell,160,Disputed,12264.33,High_Demand,2774.85,0
C004,Energy,2024-02-12,1715.97,Mixed Fuel,669.73,561.73,23.25,Buy,86,Verified,11924.29,Price_Surge,1397.59,1
C028,Manufacturing,2024-02-26,2541.4,Renewable,1817.65,1857.65,27.12,Sell,195,Verified,6327.72,High_Demand,2937.01,0
C090,Manufacturing,2025-01-02,1893.89,Coal,781.49,657.49,27.87,Buy,144,Disputed,8876.25,Price_Surge,1206.94,1
C034,Cement,2025-10-15,2110.96,Coal,1097.24,1123.24,25.11,Buy,127,Verified,18429.41,Price_Surge,1506.02,1
C079,Manufacturing,2024-03-12,1573.95,Mixed Fuel,857.21,981.21,26.97,Buy,26,Disputed,12467.36,Low_Demand,1705.89,1
C006,Steel,2024-03-12,2036.71,Coal,1505.55,1361.55,34.54,Sell,138,Disputed,9773.25,High_Demand,1159.64,0
C031,Steel,2025-08-16,1086.49,Renewable,635.12,574.12,22.62,Sell,120,Verified,10884.45,Low_Demand,1778.76,0
C021,Manufacturing,2025-03-26,2452.34,Mixed Fuel,903.5,879.5,20.77,Buy,167,Verified,13351.06,High_Demand,1748.72,1
C090,Steel,2025-07-20,570.55,Natural Gas,229.45,195.45,29.89,Sell,177,Verified,13921.78,High_Demand,1630.48,0
C092,Steel,2025-02-26,2647.46,Renewable,1206.12,1349.12,22.36,Buy,49,Verified,18239.15,High_Demand,2335.16,1
C086,Energy,2025-12-16,2767.98,Mixed Fuel,1225.39,1205.39,26.81,Sell,80,Verified,6900.99,Price_Surge,1308.59,0
C009,Manufacturing,2024-04-28,1703.76,Renewable,909.09,935.09,32.28,Sell,148,Verified,5783.29,Low_Demand,2321.35,0
C045,Energy,2025-08-02,1950.89,Renewable,1054.07,1059.07,34.83,Buy,67,Disputed,9752.31,Price_Surge,2043.72,1
C057,Manufacturing,2024-02-05,2041.27,Renewable,868.55,769.55,23.23,Buy,179,Verified,8452.8,Low_Demand,2078.63,1
C049,Steel,2024-01-28,2347.14,Mixed Fuel,909.39,971.39,34.42,Sell,192,Verified,5397.4,Price_Surge,1849.01,0
C090,Energy,2025-12-17,2466.82,Mixed Fuel,763.41,639.41,30.2,Sell,162,Verified,17792.27,Price_Surge,1493.57,0
C080,Cement,2024-09-08,2907.63,Coal,1956.44,2059.44,30.48,Sell,74,Disputed,7260.78,High_Demand,1939.69,0
C054,Energy,2025-05-01,1760.89,Renewable,1101.42,1289.42,33.86,Sell,24,Verified,15997.13,High_Demand,1503.15,0
C012,Steel,2024-04-14,2635.69,Mixed Fuel,1695.22,1517.22,33.83,Buy,41,Disputed,10753.35,Low_Demand,1829.05,1
C095,Energy,2024-06-03,2042.44,Natural Gas,920.26,988.26,22.82,Sell,175,Disputed,6264.25,Price_Surge,957.36,0
C007,Energy,2024-10-18,1512.11,Renewable,622.42,757.42,27.25,Buy,129,Verified,14880.2,High_Demand,1967.32,1
C096,Manufacturing,2025-08-13,1427.46,Renewable,693.45,493.45000000000005,27.58,Buy,70,Verified,6632.33,Low_Demand,1486.01,1
C085,Steel,2025-07-22,2213.85,Natural Gas,1738.0,1894.0,20.38,Buy,63,Verified,17118.3,Price_Surge,1498.18,1
C072,Manufacturing,2024-11-26,1215.3,Natural Gas,373.38,477.38,20.93,Buy,174,Disputed,15814.58,High_Demand,748.69,1
C012,Manufacturing,2025-05-19,1950.65,Renewable,697.96,741.96,32.73,Buy,91,Verified,5297.79,Price_Surge,1977.02,1
C071,Manufacturing,2025-05-15,2452.67,Natural Gas,1177.06,1327.06,33.06,Sell,93,Verified,17715.46,Low_Demand,1936.84,0
C081,Cement,2024-12-21,1431.42,Natural Gas,1012.73,932.73,33.36,Sell,54,Verified,15376.97,High_Demand,2789.08,0
C089,Manufacturing,2024-06-01,1880.33,Coal,923.73,791.73,25.59,Buy,105,Verified,17595.87,High_Demand,2061.96,1
C059,Energy,2025-02-10,1167.73,Renewable,721.02,760.02,31.07,Buy,102,Verified,10625.28,Price_Surge,864.37,1
C080,Energy,2025-03-10,2153.42,Natural Gas,1057.34,870.3399999999999,26.03,Buy,145,Verified,15323.41,Low_Demand,2171.57,1
C018,Cement,2025-04-12,2295.49,Coal,1734.19,1704.19,31.12,Sell,178,Verified,18742.76,Low_Demand,1497.35,0
C017,Cement,2025-05-26,1994.5,Coal,1251.33,1053.33,20.95,Sell,74,Disputed,12636.8,High_Demand,713.64,0
C011,Manufacturing,2024-11-23,1430.26,Mixed Fuel,1071.13,1190.13,34.83,Sell,183,Disputed,9423.6,Low_Demand,1050.03,0
C064,Manufacturing,2025-02-26,1940.05,Coal,1160.39,1202.39,29.68,Sell,184,Disputed,6078.54,High_Demand,1806.39,0
C079,Cement,2024-12-03,2319.82,Renewable,1259.76,1197.76,20.99,Sell,30,Verified,12103.01,High_Demand,1227.08,0
C035,Manufacturing,2025-04-07,2248.31,Natural Gas,1070.12,1184.12,21.45,Sell,164,Disputed,14030.86,Price_Surge,1545.59,0
C099,Steel,2025-03-13,681.18,Renewable,484.14,334.14,22.67,Buy,93,Disputed,17368.38,High_Demand,1558.38,1
C037,Manufacturing,2024-05-22,1087.05,Coal,639.13,621.13,34.66,Sell,35,Disputed,14350.08,High_Demand,2678.91,0
C060,Cement,2025-04-08,846.01,Natural Gas,643.46,810.46,31.07,Buy,63,Disputed,9797.62,Price_Surge,1962.66,1
C097,Steel,2025-01-18,725.79,Coal,408.9,258.9,23.32,Buy,22,Disputed,6738.75,Low_Demand,1541.41,1
C047,Cement,2024-07-01,1692.3,Renewable,962.07,1021.07,32.75,Sell,101,Disputed,16994.38,Low_Demand,1807.99,0
C076,Cement,2025-09-02,655.49,Renewable,319.58,146.57999999999998,24.32,Buy,195,Disputed,5055.91,High_Demand,1816.24,1
C063,Energy,2025-10-01,1647.22,Coal,985.93,931.93,27.54,Buy,175,Disputed,16047.67,High_Demand,2078.9,1
C094,Cement,2025-02-13,514.56,Mixed Fuel,318.04,400.04,29.84,Sell,160,Disputed,14023.32,Price_Surge,2058.47,0
C100,Cement,2024-07-14,1204.02,Renewable,489.67,354.67,20.04,Buy,80,Verified,6395.95,Low_Demand,573.27,1
C081,Energy,2025-07-30,1765.83,Mixed Fuel,833.34,773.34,34.31,Sell,101,Disputed,13373.86,Price_Surge,1060.04,0
C035,Manufacturing,2024-07-20,1606.14,Mixed Fuel,893.14,711.14,34.35,Buy,148,Verified,11500.79,Low_Demand,929.82,1
C070,Steel,2024-01-14,2354.12,Coal,1502.66,1541.66,34.05,Buy,151,Disputed,6193.39,Price_Surge,2572.31,1
C061,Manufacturing,2024-08-07,2987.44,Natural Gas,1882.13,2038.13,22.49,Sell,66,Verified,15100.7,Low_Demand,2737.39,0
C023,Steel,2024-04-19,2072.89,Natural Gas,1572.81,1395.81,30.06,Buy,136,Verified,6182.96,High_Demand,2217.42,1
C046,Cement,2024-02-27,1108.28,Coal,671.87,569.87,25.69,Buy,157,Disputed,17176.64,Low_Demand,2097.29,1
C044,Energy,2024-08-20,636.77,Mixed Fuel,457.46,618.46,22.15,Buy,38,Disputed,5101.86,High_Demand,2629.97,1
C076,Steel,2024-05-02,2752.44,Coal,1100.57,1244.57,25.86,Buy,118,Verified,13916.65,Low_Demand,621.65,1
C059,Energy,2024-04-30,2463.8,Mixed Fuel,1185.52,1009.52,20.53,Buy,56,Verified,14548.77,Low_Demand,1779.56,1
C010,Cement,2024-03-08,2401.96,Mixed Fuel,1408.78,1348.78,25.78,Buy,23,Verified,5481.49,High_Demand,1963.65,1
C079,Cement,2025-09-05,2300.79,Coal,1580.64,1429.64,25.5,Sell,184,Disputed,9234.03,Price_Surge,1008.94,0
C100,Cement,2025-06-03,2874.55,Renewable,1406.46,1574.46,21.51,Buy,120,Verified,8174.66,High_Demand,1880.45,1
C033,Energy,2024-03-10,2536.37,Renewable,1865.74,2061.74,22.3,Buy,99,Disputed,13352.15,High_Demand,2314.67,1
C056,Manufacturing,2024-05-09,2761.42,Coal,1767.33,1884.33,26.29,Sell,57,Verified,17246.56,Low_Demand,1712.34,0
C005,Steel,2024-10-08,2995.96,Mixed Fuel,1768.78,1615.78,23.82,Sell,23,Verified,10218.74,Low_Demand,1110.36,0
C019,Manufacturing,2024-05-03,2963.22,Natural Gas,1500.49,1663.49,32.0,Buy,118,Disputed,19332.92,High_Demand,743.84,1
C075,Steel,2024-05-08,1180.93,Mixed Fuel,488.16,500.16,28.68,Sell,190,Verified,8727.75,High_Demand,958.01,0
C046,Energy,2024-08-27,2957.75,Coal,1140.95,1286.95,30.79,Buy,131,Verified,17224.21,High_Demand,893.61,1
C017,Cement,2024-11-25,2153.71,Natural Gas,841.79,877.79,34.23,Sell,43,Disputed,18119.29,High_Demand,502.83,0
C037,Steel,2025-07-06,1806.73,Renewable,590.45,545.45,30.32,Sell,106,Disputed,9713.6,Low_Demand,1705.57,0
C062,Steel,2024-10-30,2238.98,Renewable,1211.32,1229.32,26.56,Buy,153,Disputed,7441.86,Low_Demand,1745.46,1
C038,Steel,2025-05-19,885.94,Renewable,372.84,232.83999999999997,29.77,Sell,90,Disputed,5638.27,Price_Surge,2057.34,0
C083,Steel,2024-01-03,1210.65,Mixed Fuel,390.35,322.35,21.75,Sell,130,Disputed,7810.86,High_Demand,1078.46,0
C031,Manufacturing,2025-12-20,2352.57,Renewable,902.21,723.21,21.86,Buy,114,Verified,17226.33,Low_Demand,2334.97,1
C023,Steel,2025-10-04,2276.3,Mixed Fuel,1045.85,987.8499999999999,30.24,Buy,93,Verified,18957.2,High_Demand,2499.16,1
C064,Energy,2025-12-27,1432.64,Mixed Fuel,796.53,783.53,32.32,Buy,190,Verified,19831.6,High_Demand,1598.78,1
C008,Energy,2024-08-21,2613.65,Coal,1110.54,986.54,29.76,Buy,53,Disputed,5753.4,Low_Demand,2510.3,1
C070,Energy,2025-09-04,728.67,Coal,566.63,400.63,34.91,Sell,143,Disputed,9232.62,Price_Surge,1856.55,0
C062,Steel,2024-03-30,650.69,Coal,243.8,240.8,33.12,Buy,67,Disputed,16842.89,Price_Surge,1934.92,1
C037,Energy,2024-03-18,1458.42,Natural Gas,816.15,914.15,22.02,Buy,157,Verified,18686.34,Low_Demand,595.46,1
C037,Manufacturing,2024-01-30,2155.8,Renewable,1274.38,1212.38,32.11,Sell,191,Disputed,6809.07,High_Demand,1925.31,0
C073,Cement,2025-10-31,2118.59,Coal,1663.02,1680.02,28.71,Buy,86,Disputed,8187.48,High_Demand,1077.51,1
C038,Steel,2025-07-04,1429.24,Coal,784.46,919.46,28.22,Buy,29,Disputed,19583.63,Price_Surge,995.41,1
C066,Energy,2025-08-28,1723.82,Renewable,1363.86,1532.86,27.51,Sell,117,Disputed,8715.17,Price_Surge,859.34,0
C063,Manufacturing,2025-11-07,2101.61,Natural Gas,1606.71,1589.71,26.17,Buy,67,Verified,9334.49,High_Demand,1637.87,1
C053,Energy,2025-02-04,1163.19,Natural Gas,651.05,609.05,29.46,Buy,135,Verified,18959.62,Low_Demand,1597.16,1
C093,Cement,2024-02-27,1438.01,Renewable,888.54,935.54,23.68,Sell,170,Disputed,6788.76,Low_Demand,2601.99,0
C033,Cement,2024-03-21,1817.14,Mixed Fuel,1424.64,1239.64,32.7,Sell,148,Disputed,5618.77,Price_Surge,1340.67,0
C087,Energy,2024-06-29,1598.89,Mixed Fuel,662.72,547.72,30.06,Sell,120,Disputed,18761.28,Low_Demand,879.75,0
C017,Energy,2024-05-05,1103.58,Renewable,400.28,288.28,30.18,Buy,120,Disputed,8835.15,Price_Surge,1787.0,1
C040,Energy,2025-07-21,1470.76,Mixed Fuel,688.78,813.78,30.92,Sell,91,Disputed,8605.31,Low_Demand,1041.66,0
C094,Energy,2025-10-18,2238.55,Natural Gas,1451.78,1471.78,25.71,Sell,132,Verified,19534.18,High_Demand,2227.16,0
C040,Energy,2025-06-23,2761.63,Mixed Fuel,1944.84,1940.84,24.05,Buy,125,Disputed,13497.29,High_Demand,2366.67,1
C047,Manufacturing,2025-11-23,1344.08,Renewable,451.67,519.6700000000001,25.17,Buy,106,Verified,19471.17,Low_Demand,1698.59,1
C092,Cement,2024-06-10,2364.31,Coal,1132.92,1277.92,27.19,Sell,180,Disputed,14131.56,High_Demand,1002.96,0
C086,Steel,2025-07-01,723.48,Natural Gas,467.19,368.19,21.72,Buy,37,Disputed,10852.54,High_Demand,2482.51,1
C006,Energy,2024-04-04,805.24,Coal,333.41,168.41000000000003,28.71,Sell,192,Verified,17334.89,High_Demand,2598.4,0
C087,Cement,2024-12-15,2297.29,Mixed Fuel,1464.11,1584.11,33.19,Buy,91,Verified,10143.92,High_Demand,1925.61,1
C069,Cement,2025-11-22,1674.09,Coal,918.71,902.71,24.78,Buy,59,Disputed,11633.19,Low_Demand,2112.69,1
C076,Manufacturing,2025-03-03,1051.21,Natural Gas,323.9,271.9,24.96,Buy,150,Verified,19919.77,High_Demand,1022.55,1
C078,Manufacturing,2025-08-20,2987.24,Natural Gas,1169.49,1124.49,26.02,Buy,75,Disputed,7708.47,High_Demand,1353.22,1
C073,Cement,2025-01-28,2151.59,Natural Gas,1145.03,1315.03,31.42,Sell,162,Verified,10651.67,High_Demand,1720.43,0
C006,Cement,2025-11-24,1665.91,Natural Gas,619.03,720.03,26.37,Sell,179,Verified,5484.16,High_Demand,2468.19,0
C060,Steel,2024-06-01,2876.0,Coal,1923.62,2028.62,22.66,Sell,27,Disputed,15802.8,Low_Demand,632.25,0
C041,Energy,2024-01-29,1110.07,Renewable,407.95,437.95,26.29,Buy,193,Disputed,13595.13,Price_Surge,2245.41,1
C067,Manufacturing,2024-12-20,2416.17,Mixed Fuel,1866.93,1695.93,29.87,Buy,179,Verified,14562.64,Low_Demand,1229.35,1
C085,Cement,2024-06-26,2612.91,Renewable,898.44,780.44,22.47,Sell,132,Disputed,7781.66,Price_Surge,1245.7,0
C049,Manufacturing,2025-06-10,2748.34,Mixed Fuel,940.94,1077.94,20.83,Buy,134,Disputed,11187.94,Low_Demand,547.92,1
C023,Energy,2025-07-28,2027.84,Natural Gas,613.88,615.88,33.15,Buy,86,Verified,16392.4,High_Demand,2906.39,1
C089,Manufacturing,2024-08-06,714.85,Natural Gas,351.32,263.32,24.22,Sell,152,Verified,5216.23,Price_Surge,1546.96,0
C057,Steel,2025-05-17,1752.91,Mixed Fuel,1390.42,1242.42,26.14,Buy,145,Disputed,6278.22,Low_Demand,2559.94,1
C081,Manufacturing,2024-08-06,1349.46,Mixed Fuel,1000.54,1101.54,21.07,Sell,63,Verified,5055.6,Price_Surge,2295.31,0
C057,Energy,2024-01-24,2653.8,Coal,1286.64,1244.64,33.68,Buy,22,Disputed,19393.56,Price_Surge,1201.84,1
C088,Manufacturing,2025-09-30,2824.47,Coal,2136.05,2322.05,22.22,Buy,45,Disputed,6020.85,Price_Surge,2963.43,1
C064,Manufacturing,2024-10-31,2994.42,Coal,936.62,779.62,23.77,Buy,36,Disputed,18697.23,Price_Surge,684.46,1
C016,Energy,2025-08-24,954.55,Coal,345.82,149.82,26.38,Sell,99,Verified,16997.59,Price_Surge,743.54,0
C040,Cement,2025-12-07,2076.74,Natural Gas,1311.53,1470.53,24.66,Buy,90,Verified,11821.13,Low_Demand,2648.37,1
C055,Steel,2025-10-13,1321.17,Natural Gas,562.34,652.34,25.13,Buy,73,Verified,17294.42,Low_Demand,1702.11,1
C087,Manufacturing,2025-02-23,2667.79,Renewable,1263.11,1440.11,31.67,Buy,50,Verified,5253.01,Price_Surge,539.0,1
C056,Cement,2024-06-22,1314.8,Coal,439.41,267.41,27.3,Buy,129,Verified,10981.26,Low_Demand,1536.44,1
C005,Manufacturing,2025-11-10,2810.06,Mixed Fuel,1715.16,1557.16,29.22,Sell,80,Disputed,16955.66,Low_Demand,1193.02,0
C033,Manufacturing,2024-11-28,2371.19,Mixed Fuel,1436.29,1636.29,27.69,Buy,109,Disputed,19401.15,Low_Demand,2953.97,1
C052,Steel,2024-08-07,1808.56,Mixed Fuel,802.92,753.92,20.99,Buy,187,Disputed,8698.06,Low_Demand,1647.63,1
C065,Steel,2024-08-16,2377.96,Natural Gas,1546.89,1378.89,34.19,Buy,27,Verified,14358.19,High_Demand,2074.83,1
C019,Energy,2025-06-04,2814.06,Coal,1010.95,848.95,27.12,Buy,97,Verified,9520.92,High_Demand,1205.78,1
C088,Cement,2025-04-05,2281.79,Mixed Fuel,834.19,986.19,26.96,Sell,99,Verified,12346.94,Low_Demand,2428.53,0
C068,Cement,2025-01-17,1807.73,Renewable,1366.47,1245.47,24.29,Buy,120,Verified,6874.47,Low_Demand,1564.87,1
C051,Cement,2024-05-12,1641.01,Coal,1300.29,1147.29,28.56,Buy,42,Verified,5131.7,Low_Demand,1265.6,1
C070,Manufacturing,2024-02-10,1654.21,Natural Gas,599.94,525.94,33.28,Sell,186,Disputed,8332.61,High_Demand,1305.14,0
C090,Cement,2025-03-08,1019.51,Natural Gas,446.24,624.24,30.98,Sell,124,Verified,7303.8,High_Demand,2787.28,0
C078,Manufacturing,2025-06-12,1010.3,Natural Gas,687.36,835.36,30.31,Buy,94,Disputed,13967.18,Price_Surge,1500.21,1
C061,Cement,2025-11-03,1761.56,Natural Gas,1264.62,1367.62,33.69,Sell,168,Verified,6933.03,Low_Demand,1128.4,0
C060,Energy,2024-10-27,2001.17,Mixed Fuel,1581.95,1698.95,27.09,Sell,92,Verified,12705.18,Price_Surge,1483.34,0
C038,Cement,2024-11-26,2004.44,Coal,1443.51,1397.51,24.24,Buy,178,Verified,10772.7,Price_Surge,1778.73,1
C055,Manufacturing,2024-01-01,2694.55,Coal,1366.49,1526.49,31.07,Buy,112,Disputed,7008.76,High_Demand,1292.45,1
C043,Manufacturing,2024-06-28,2635.45,Natural Gas,1350.71,1246.71,22.34,Buy,89,Disputed,13920.73,Low_Demand,864.71,1
C100,Manufacturing,2024-06-16,1328.33,Mixed Fuel,960.94,839.94,28.62,Buy,193,Verified,12141.28,Low_Demand,1938.65,1
C098,Energy,2024-10-20,2799.41,Coal,1380.89,1391.89,31.08,Buy,189,Verified,18541.49,High_Demand,1828.61,1
C016,Steel,2024-06-12,707.52,Mixed Fuel,410.34,540.3399999999999,33.29,Sell,49,Disputed,12090.48,Low_Demand,1093.17,0
C014,Manufacturing,2025-05-08,1383.19,Natural Gas,1104.61,1183.61,21.81,Sell,62,Disputed,18796.04,Low_Demand,2813.5,0
C020,Steel,2024-10-16,866.62,Mixed Fuel,548.33,665.33,29.94,Buy,44,Verified,19901.07,Low_Demand,1086.42,1
C076,Steel,2025-11-21,880.75,Renewable,462.33,404.33,27.42,Buy,74,Disputed,13192.76,Low_Demand,2279.2,1
C043,Manufacturing,2024-12-30,2042.15,Renewable,1516.79,1454.79,29.81,Sell,100,Disputed,16271.96,Price_Surge,2253.95,0
C074,Energy,2024-06-05,711.8,Coal,521.81,348.80999999999995,29.5,Sell,103,Disputed,16704.71,High_Demand,586.52,0
C075,Steel,2024-08-24,643.56,Renewable,215.3,330.3,27.51,Sell,116,Verified,8609.72,Low_Demand,2328.78,0
C040,Energy,2025-05-15,2473.11,Coal,1037.68,1052.68,23.08,Buy,154,Verified,16931.32,Price_Surge,1220.28,1
C055,Steel,2024-08-24,1243.47,Renewable,573.01,612.01,23.85,Buy,100,Verified,11387.83,Low_Demand,1135.22,1
C056,Steel,2025-01-10,2317.71,Mixed Fuel,1697.96,1652.96,22.15,Sell,175,Verified,13822.71,Price_Surge,2343.53,0
C045,Energy,2024-07-01,2307.25,Coal,1770.9,1573.9,26.07,Sell,60,Disputed,13980.57,Low_Demand,2847.48,0
C054,Energy,2025-01-13,2171.12,Mixed Fuel,1602.24,1767.24,22.61,Sell,129,Disputed,11119.9,Low_Demand,2850.24,0
C007,Cement,2025-03-06,2360.26,Mixed Fuel,1775.39,1730.39,34.95,Sell,184,Disputed,14466.34,High_Demand,1030.28,0
C006,Steel,2025-07-13,2750.64,Natural Gas,878.06,745.06,26.24,Buy,147,Disputed,17641.53,Price_Surge,886.43,1
C062,Energy,2024-05-29,713.34,Renewable,443.17,536.1700000000001,22.45,Buy,48,Disputed,14279.68,Price_Surge,1577.59,1
C064,Steel,2024-11-20,1931.84,Mixed Fuel,1235.85,1121.85,29.53,Buy,165,Verified,9448.02,Low_Demand,2548.01,1
C028,Cement,2024-12-18,2541.14,Renewable,1248.89,1114.89,20.88,Buy,80,Verified,15572.17,Price_Surge,1207.89,1
C063,Energy,2025-11-22,1096.86,Mixed Fuel,593.68,723.68,29.59,Sell,160,Disputed,11628.99,High_Demand,2248.2,0
C059,Energy,2024-01-07,1339.07,Renewable,1049.46,923.46,26.03,Buy,131,Verified,11483.87,High_Demand,1174.04,1
C001,Manufacturing,2024-06-14,657.18,Coal,207.1,383.1,29.85,Buy,145,Disputed,12952.06,High_Demand,741.26,1
C017,Energy,2025-09-21,1165.71,Natural Gas,503.34,397.34,22.98,Sell,185,Disputed,14661.95,High_Demand,610.2,0
C037,Manufacturing,2024-04-06,619.76,Renewable,240.47,267.47,22.73,Buy,33,Verified,18941.78,High_Demand,1134.76,1
C089,Cement,2025-09-27,2219.04,Renewable,1215.96,1187.96,27.14,Buy,133,Verified,11421.44,Price_Surge,780.04,1
C078,Manufacturing,2025-11-23,2532.46,Renewable,1811.44,1838.44,34.95,Buy,131,Disputed,17347.77,High_Demand,600.97,1
C039,Steel,2024-10-30,2188.35,Mixed Fuel,706.42,793.42,26.09,Sell,183,Disputed,5289.42,High_Demand,1183.49,0
C037,Manufacturing,2024-10-15,1993.71,Natural Gas,909.89,740.89,34.02,Buy,91,Verified,17802.61,High_Demand,2076.69,1
C013,Steel,2025-04-10,2605.01,Mixed Fuel,2068.98,1981.98,24.55,Buy,187,Disputed,19165.36,High_Demand,564.96,1
C080,Cement,2024-11-08,1574.35,Natural Gas,905.13,740.13,31.55,Sell,106,Disputed,16155.21,Low_Demand,1805.78,0
C080,Cement,2024-11-12,1007.73,Coal,613.06,663.06,29.23,Buy,48,Disputed,9932.65,High_Demand,1623.78,1
C032,Energy,2025-10-29,2472.8,Mixed Fuel,1522.35,1475.35,31.91,Sell,118,Disputed,12553.91,Price_Surge,1965.46,0
C011,Energy,2025-02-27,2344.96,Renewable,1529.34,1635.34,26.11,Buy,20,Disputed,14600.42,Price_Surge,2543.11,1
C093,Manufacturing,2025-02-21,1152.27,Mixed Fuel,485.86,597.86,30.52,Buy,118,Verified,16933.3,High_Demand,2624.47,1
C099,Cement,2025-01-14,2084.46,Coal,739.83,559.83,31.4,Buy,45,Verified,15948.42,Low_Demand,1588.65,1
C041,Energy,2024-04-12,1293.16,Mixed Fuel,543.57,598.57,34.73,Sell,183,Verified,16882.95,High_Demand,2124.51,0
C054,Cement,2025-04-14,2548.42,Mixed Fuel,1591.73,1697.73,29.58,Sell,82,Verified,15551.58,Low_Demand,2895.97,0
C004,Manufacturing,2025-06-28,1592.01,Mixed Fuel,1062.16,1051.16,30.6,Sell,130,Disputed,15313.87,Low_Demand,754.15,0
C034,Manufacturing,2025-04-24,2365.04,Coal,1502.43,1469.43,32.18,Buy,126,Verified,9812.93,Price_Surge,2290.71,1
C098,Steel,2025-06-20,2995.93,Renewable,2148.07,2232.07,29.51,Buy,51,Disputed,19434.01,Price_Surge,1341.38,1
C007,Cement,2025-08-20,1507.3,Mixed Fuel,580.77,758.77,22.81,Sell,103,Disputed,9675.91,Price_Surge,2862.93,0
C040,Steel,2025-10-17,2674.34,Natural Gas,1940.3,1943.3,31.3,Buy,181,Disputed,7266.76,Price_Surge,815.98,1
C044,Energy,2025-06-13,1138.71,Natural Gas,877.16,1069.1599999999999,24.02,Sell,97,Disputed,13939.77,Price_Surge,939.64,0
C021,Steel,2025-10-14,1367.35,Mixed Fuel,840.95,730.95,21.84,Buy,181,Verified,6061.31,Price_Surge,949.64,1
C098,Manufacturing,2024-07-27,907.87,Mixed Fuel,323.81,268.81,26.07,Sell,30,Disputed,11974.1,Low_Demand,1181.5,0
C062,Energy,2025-03-08,956.94,Coal,351.78,382.78,23.57,Sell,29,Verified,10125.24,High_Demand,744.64,0
C090,Manufacturing,2024-12-19,2857.02,Mixed Fuel,1458.13,1351.13,25.63,Sell,155,Verified,10559.54,High_Demand,561.75,0
C015,Energy,2024-12-22,1974.99,Renewable,1468.69,1600.69,23.54,Buy,130,Disputed,5792.87,Price_Surge,1903.61,1
C010,Steel,2025-08-07,1770.26,Mixed Fuel,775.38,715.38,21.37,Sell,161,Disputed,10781.44,High_Demand,1664.05,0
C081,Energy,2025-10-18,1755.47,Natural Gas,715.32,795.32,20.79,Sell,168,Disputed,12896.04,Price_Surge,852.64,0
C098,Energy,2024-03-05,2733.79,Mixed Fuel,1472.47,1354.47,25.99,Sell,77,Verified,11007.28,Low_Demand,2489.82,0
C099,Steel,2024-07-09,2281.63,Natural Gas,1454.14,1568.14,32.21,Buy,55,Verified,12308.14,Price_Surge,2621.3,1
C015,Cement,2025-10-28,2730.64,Natural Gas,1790.77,1866.77,32.19,Sell,115,Verified,18941.58,Price_Surge,2488.57,0
C004,Steel,2024-04-25,1797.73,Natural Gas,1287.85,1274.85,23.34,Sell,116,Disputed,12815.55,Price_Surge,1423.51,0
C025,Energy,2024-08-15,1504.11,Coal,1119.52,1038.52,26.61,Sell,94,Disputed,14305.52,Low_Demand,2897.95,0
C035,Manufacturing,2024-03-08,1972.31,Natural Gas,1125.31,1050.31,33.81,Buy,182,Verified,17046.18,Price_Surge,991.26,1
C054,Manufacturing,2025-05-24,761.24,Mixed Fuel,303.21,265.21,20.43,Sell,194,Verified,7848.64,Price_Surge,1192.68,0
C098,Manufacturing,2024-04-10,2769.74,Coal,1036.95,876.95,24.28,Buy,199,Disputed,13001.64,High_Demand,781.44,1
C021,Steel,2024-05-20,1079.57,Coal,457.51,488.51,23.04,Buy,32,Verified,12994.09,Price_Surge,960.9,1
C089,Steel,2025-03-02,529.56,Renewable,216.79,86.78999999999999,27.93,Sell,57,Disputed,9537.49,Low_Demand,2195.55,0
C078,Manufacturing,2025-06-02,2593.43,Coal,1011.55,1073.55,28.24,Buy,87,Disputed,8254.45,Low_Demand,2513.61,1
C021,Steel,2025-02-12,1952.88,Natural Gas,793.54,624.54,30.63,Sell,113,Verified,19069.46,High_Demand,1453.84,0
C014,Cement,2025-03-03,1920.92,Renewable,1092.59,1278.59,25.4,Buy,190,Disputed,8718.24,High_Demand,1489.25,1
C074,Manufacturing,2025-02-11,1030.47,Natural Gas,560.77,662.77,20.72,Buy,41,Disputed,16092.85,Price_Surge,891.57,1
C080,Energy,2024-03-27,696.35,Coal,355.26,187.26,27.79,Sell,128,Disputed,12683.26,Price_Surge,535.73,0
C044,Cement,2024-04-18,1328.63,Mixed Fuel,404.22,537.22,21.33,Buy,85,Verified,5528.15,High_Demand,1925.14,1
C091,Manufacturing,2024-02-17,904.21,Mixed Fuel,455.39,283.39,20.63,Sell,148,Disputed,16546.21,Low_Demand,2436.92,0
C062,Steel,2025-04-18,2289.72,Natural Gas,1078.45,1178.45,27.55,Sell,168,Disputed,19662.95,Low_Demand,1845.38,0
C020,Cement,2024-09-07,565.88,Natural Gas,392.57,285.57,32.35,Buy,168,Verified,10237.26,Price_Surge,1846.76,1
C006,Energy,2025-02-17,1720.35,Coal,1369.2,1213.2,24.81,Sell,39,Disputed,10913.88,Price_Surge,2624.14,0
C051,Energy,2025-07-22,1859.12,Mixed Fuel,1485.15,1528.15,28.94,Sell,130,Verified,11523.16,Low_Demand,2569.78,0
C089,Cement,2024-07-16,1450.07,Coal,820.27,725.27,23.34,Sell,23,Disputed,9420.08,Price_Surge,2140.52,0
C090,Cement,2024-04-27,1365.41,Mixed Fuel,900.25,726.25,33.2,Buy,164,Disputed,10739.4,Price_Surge,2747.84,1
C066,Energy,2024-05-24,1920.72,Coal,973.23,836.23,25.12,Sell,105,Verified,17141.66,Low_Demand,522.91,0
C013,Energy,2024-04-06,2206.77,Renewable,855.67,992.67,33.31,Buy,199,Verified,14816.8,High_Demand,2687.71,1
C003,Steel,2025-10-26,1865.2,Coal,1133.11,999.1099999999999,28.47,Sell,114,Verified,8153.35,Low_Demand,2122.55,0
C069,Energy,2025-01-03,1067.24,Mixed Fuel,791.32,901.32,26.6,Buy,116,Verified,7774.86,High_Demand,1318.9,1
C037,Steel,2025-07-25,1030.97,Natural Gas,656.39,661.39,34.42,Buy,52,Disputed,8509.2,Price_Surge,1362.83,1
C083,Manufacturing,2025-07-17,1245.7,Natural Gas,753.74,712.74,23.85,Buy,125,Verified,6580.04,Low_Demand,742.06,1
C080,Manufacturing,2025-08-21,1319.31,Coal,664.67,634.67,30.34,Buy,169,Disputed,6655.75,Low_Demand,596.84,1
C082,Cement,2025-12-05,796.44,Natural Gas,617.06,596.06,29.28,Buy,30,Disputed,14133.32,Low_Demand,2736.06,1
C007,Steel,2024-07-23,2527.45,Natural Gas,1279.74,1425.74,20.08,Buy,104,Disputed,11928.8,Low_Demand,1120.62,1
C079,Manufacturing,2025-04-08,754.59,Renewable,226.69,129.69,22.46,Sell,169,Verified,17594.13,Low_Demand,919.25,0
C008,Energy,2025-01-02,1304.47,Coal,552.78,406.78,30.67,Sell,98,Verified,9674.14,High_Demand,2906.36,0
C020,Cement,2024-03-10,2682.79,Coal,941.4,1126.4,21.71,Buy,148,Disputed,6720.64,Low_Demand,814.69,1
C065,Energy,2024-09-02,2027.07,Natural Gas,1431.31,1356.31,27.57,Buy,178,Disputed,18298.9,Low_Demand,2921.01,1
C054,Steel,2025-11-30,2445.31,Renewable,1059.23,989.23,23.16,Buy,185,Disputed,11462.72,High_Demand,2108.82,1
C037,Energy,2024-11-15,1634.85,Natural Gas,997.28,1183.28,26.14,Sell,189,Disputed,12538.49,Low_Demand,2143.32,0
C080,Energy,2025-04-06,2950.6,Coal,1352.34,1546.34,31.52,Buy,128,Disputed,5652.12,Low_Demand,1456.25,1
C049,Steel,2024-12-31,1381.73,Natural Gas,741.65,679.65,20.72,Sell,100,Disputed,18856.36,High_Demand,1861.69,0
C076,Energy,2025-05-02,2504.77,Renewable,1703.64,1805.64,29.22,Buy,154,Disputed,12295.67,Low_Demand,2481.81,1
C097,Steel,2025-04-03,2648.55,Mixed Fuel,1659.12,1818.12,34.1,Sell,132,Disputed,17985.32,High_Demand,713.79,0
C068,Manufacturing,2025-05-31,1351.7,Natural Gas,891.99,932.99,21.27,Buy,188,Disputed,12644.17,Low_Demand,1826.36,1
C003,Manufacturing,2025-07-02,2785.07,Natural Gas,859.62,901.62,31.32,Buy,170,Verified,18129.03,Low_Demand,2101.4,1
C096,Cement,2024-06-09,2977.89,Coal,1209.46,1308.46,21.72,Sell,156,Disputed,8798.89,Low_Demand,2954.28,0
C028,Manufacturing,2024-08-13,2898.62,Coal,2266.92,2151.92,25.05,Sell,33,Disputed,16712.42,High_Demand,2217.81,0
C023,Cement,2024-03-30,1888.37,Renewable,1118.13,986.1300000000001,29.86,Sell,96,Verified,8292.37,High_Demand,1069.37,0
C006,Steel,2024-03-10,1672.63,Coal,1208.16,1269.16,23.91,Sell,108,Disputed,17137.15,Low_Demand,2254.76,0
C028,Manufacturing,2025-08-04,2536.89,Renewable,910.54,1018.54,33.2,Sell,171,Verified,8897.7,Price_Surge,2527.66,0
C093,Manufacturing,2024-01-02,1173.46,Natural Gas,879.3,978.3,20.44,Buy,82,Disputed,14860.33,Price_Surge,1243.72,1
C001,Cement,2024-12-04,2812.62,Renewable,1937.14,2022.14,28.89,Sell,180,Verified,6024.8,Low_Demand,1390.63,0
C097,Manufacturing,2024-11-10,1831.1,Natural Gas,1080.92,898.9200000000001,28.53,Buy,32,Verified,7108.4,High_Demand,1429.77,1
C098,Manufacturing,2024-09-28,2479.47,Natural Gas,934.27,761.27,29.07,Buy,73,Verified,10206.34,Price_Surge,1982.57,1
C083,Energy,2025-04-04,877.22,Coal,395.71,521.71,32.17,Buy,154,Verified,18221.06,High_Demand,2981.34,1
C058,Steel,2024-10-02,2400.65,Natural Gas,1443.54,1368.54,30.75,Sell,27,Disputed,11527.28,Low_Demand,1978.29,0
C012,Manufacturing,2024-08-19,1071.6,Natural Gas,712.92,732.92,33.04,Buy,51,Verified,13872.97,Low_Demand,1749.19,1
C075,Manufacturing,2024-05-11,2621.03,Natural Gas,2059.4,1909.4,29.09,Buy,73,Disputed,17305.04,Low_Demand,914.06,1
C048,Energy,2025-10-17,1137.28,Mixed Fuel,584.5,421.5,28.5,Sell,153,Verified,6910.48,Low_Demand,2541.32,0
C036,Energy,2024-01-09,2274.5,Renewable,1734.62,1760.62,33.99,Buy,154,Disputed,17895.11,Price_Surge,1823.3,1
C027,Manufacturing,2025-01-06,2090.51,Renewable,1223.76,1194.76,26.95,Sell,105,Disputed,17230.76,Price_Surge,1530.08,0
C098,Steel,2024-09-12,2878.94,Renewable,2234.05,2037.0500000000002,23.58,Buy,176,Verified,7993.51,High_Demand,2354.76,1
C055,Cement,2025-11-29,1069.49,Natural Gas,823.09,931.09,29.98,Buy,50,Verified,13687.6,Price_Surge,1089.85,1
C039,Manufacturing,2025-04-16,2808.45,Mixed Fuel,1884.15,2040.15,22.02,Buy,175,Verified,8887.81,Low_Demand,2002.63,1
C071,Manufacturing,2025-10-20,1836.51,Coal,1192.76,1299.76,20.9,Buy,138,Verified,14205.58,Low_Demand,1283.03,1
C069,Cement,2025-06-26,2386.37,Renewable,758.22,621.22,31.93,Sell,118,Verified,12461.38,High_Demand,1039.1,0
C004,Energy,2025-02-20,795.37,Natural Gas,366.6,288.6,20.28,Sell,67,Disputed,10985.88,Price_Surge,1376.24,0
C098,Manufacturing,2025-01-17,2138.18,Natural Gas,1626.44,1511.44,20.2,Buy,41,Verified,9445.83,Low_Demand,1914.1,1
C018,Steel,2024-09-18,1366.12,Natural Gas,942.72,824.72,21.03,Buy,121,Verified,15424.52,Price_Surge,1259.03,1
C011,Energy,2025-02-02,1614.25,Mixed Fuel,871.16,1026.1599999999999,26.12,Buy,109,Verified,18297.93,Low_Demand,2786.07,1
C091,Manufacturing,2024-11-14,1039.28,Natural Gas,714.42,666.42,23.2,Buy,32,Verified,12411.28,High_Demand,2747.81,1
C047,Energy,2025-04-23,2135.01,Coal,1184.61,1090.61,31.06,Sell,188,Verified,9194.1,High_Demand,1399.02,0
C049,Steel,2025-10-20,1780.81,Natural Gas,781.57,789.57,21.62,Sell,134,Disputed,12292.86,Price_Surge,2008.06,0
C060,Manufacturing,2024-07-22,2823.37,Mixed Fuel,1597.97,1583.97,24.61,Sell,57,Disputed,7777.98,Low_Demand,1221.47,0
C009,Steel,2024-02-11,1166.0,Renewable,726.73,913.73,27.11,Buy,185,Verified,8373.74,High_Demand,2032.9,1
C064,Steel,2025-09-09,1930.08,Mixed Fuel,1317.58,1301.58,26.64,Buy,87,Verified,12125.44,Price_Surge,1572.92,1
C021,Steel,2025-03-01,1792.75,Coal,816.61,655.61,27.18,Sell,128,Disputed,18177.68,High_Demand,1481.56,0
C081,Manufacturing,2025-10-09,2681.01,Renewable,1874.65,2045.65,31.83,Sell,74,Verified,15612.92,Low_Demand,622.51,0
C072,Energy,2025-02-16,2348.92,Coal,1495.0,1477.0,24.68,Buy,111,Disputed,6876.89,Price_Surge,2238.68,1
C008,Manufacturing,2024-05-29,1685.24,Mixed Fuel,1207.11,1262.11,32.19,Buy,171,Verified,6559.4,Low_Demand,2602.46,1
C087,Manufacturing,2024-04-15,638.0,Natural Gas,356.42,286.42,33.63,Sell,42,Disputed,10985.02,High_Demand,811.3,0
C013,Cement,2025-11-10,1727.29,Renewable,1024.83,1048.83,30.8,Sell,87,Verified,18105.3,Low_Demand,2041.29,0
C008,Manufacturing,2024-01-26,2823.97,Natural Gas,1798.77,1909.77,25.02,Sell,130,Disputed,18838.05,High_Demand,637.42,0
C016,Steel,2024-09-26,1684.2,Coal,820.1,743.1,31.16,Sell,34,Verified,7517.34,Price_Surge,2988.76,0
C031,Manufacturing,2024-11-15,2356.27,Mixed Fuel,1655.59,1762.59,31.29,Buy,24,Disputed,14057.86,Price_Surge,2297.24,1
C019,Energy,2025-09-24,2639.6,Mixed Fuel,983.37,947.37,33.77,Sell,97,Verified,14659.56,Price_Surge,1131.14,0
C085,Energy,2024-02-19,2255.1,Coal,1311.88,1160.88,24.47,Sell,147,Disputed,6695.54,High_Demand,1923.29,0
C031,Energy,2024-12-25,1404.33,Natural Gas,578.13,713.13,21.25,Sell,157,Verified,16987.58,Price_Surge,1205.95,0
C038,Energy,2025-02-18,2867.46,Mixed Fuel,1120.59,1080.59,28.88,Sell,55,Verified,7223.28,Low_Demand,928.9,0
C037,Energy,2025-05-17,587.33,Renewable,244.81,130.81,25.28,Buy,42,Disputed,13502.09,Low_Demand,1194.12,1
C092,Cement,2025-04-05,1631.77,Natural Gas,1193.82,1368.82,25.87,Buy,52,Verified,10232.47,High_Demand,857.29,1
C093,Energy,2024-07-04,1610.34,Mixed Fuel,976.62,1059.62,23.83,Sell,111,Disputed,7706.17,Price_Surge,668.83,0
C078,Energy,2024-05-04,1467.18,Coal,1097.58,952.5799999999999,25.79,Sell,160,Verified,18371.82,High_Demand,2839.89,0
C018,Cement,2025-04-03,2952.1,Natural Gas,1539.9,1406.9,29.03,Sell,38,Verified,15523.11,Low_Demand,1780.29,0
C083,Cement,2024-02-27,1308.06,Coal,734.84,597.84,20.7,Sell,180,Verified,19334.76,Low_Demand,1565.1,0
C033,Energy,2024-08-02,2114.59,Coal,1102.35,1027.35,21.64,Sell,183,Disputed,11789.67,Low_Demand,2750.71,0
C007,Energy,2025-06-24,1264.87,Mixed Fuel,472.95,642.95,24.89,Buy,130,Verified,14480.0,Low_Demand,686.15,1
C063,Cement,2025-12-23,1151.86,Natural Gas,772.28,700.28,27.28,Buy,85,Disputed,8393.56,Price_Surge,1427.95,1
C016,Energy,2024-05-13,1730.89,Renewable,1199.28,1134.28,23.23,Buy,42,Verified,7269.04,Price_Surge,1913.56,1
C089,Manufacturing,2025-10-27,2267.49,Natural Gas,1085.73,1175.73,29.1,Sell,138,Verified,7902.27,Price_Surge,2066.54,0
C027,Cement,2024-10-21,2817.98,Natural Gas,1296.89,1427.89,30.04,Buy,196,Disputed,14695.8,Low_Demand,2616.6,1
C073,Energy,2024-04-21,1114.96,Mixed Fuel,526.0,530.0,33.2,Buy,156,Verified,10040.17,Price_Surge,1883.25,1
C023,Steel,2024-10-16,2911.01,Mixed Fuel,1565.11,1552.11,21.72,Buy,61,Verified,6632.49,Price_Surge,2449.03,1
C002,Energy,2025-12-06,515.9,Coal,394.16,337.16,21.47,Sell,89,Verified,12362.69,Low_Demand,2523.49,0
C088,Steel,2025-10-15,775.54,Mixed Fuel,613.14,636.14,26.76,Buy,62,Verified,6802.77,Low_Demand,1229.79,1
C088,Cement,2024-12-17,580.75,Renewable,193.71,216.71,31.24,Buy,147,Disputed,18855.23,Low_Demand,1517.46,1
C020,Manufacturing,2024-12-12,1794.01,Natural Gas,860.79,743.79,20.17,Sell,79,Disputed,8130.73,Price_Surge,1524.54,0
C017,Manufacturing,2025-01-26,2033.19,Natural Gas,1342.11,1502.11,29.02,Sell,69,Verified,6353.99,High_Demand,2091.04,0
C024,Energy,2025-08-10,2051.82,Mixed Fuel,1113.42,1170.42,29.87,Buy,31,Verified,5214.37,Low_Demand,546.38,1
C042,Steel,2025-03-06,1419.06,Mixed Fuel,535.99,687.99,33.33,Sell,99,Verified,19091.24,Price_Surge,2603.91,0
C027,Steel,2025-11-08,1866.39,Coal,1264.92,1143.92,23.94,Buy,46,Disputed,8209.64,High_Demand,1246.9,1
C029,Steel,2024-04-05,2146.65,Natural Gas,1083.03,1127.03,23.0,Sell,77,Verified,13221.34,High_Demand,1427.39,0
C018,Steel,2024-06-23,1384.22,Coal,880.78,850.78,21.13,Buy,189,Disputed,12499.07,High_Demand,1116.54,1
C033,Steel,2025-04-22,1155.32,Natural Gas,793.71,970.71,27.38,Sell,136,Verified,17478.0,High_Demand,723.11,0
C088,Energy,2025-09-15,704.91,Coal,389.68,476.68,24.65,Sell,41,Verified,9287.27,Price_Surge,1303.43,0
C054,Energy,2025-11-14,1293.66,Mixed Fuel,872.07,755.07,26.6,Buy,41,Verified,19217.35,High_Demand,1641.15,1
C008,Energy,2025-09-29,2297.6,Coal,824.2,719.2,25.63,Sell,104,Verified,6214.2,Low_Demand,2913.68,0
C048,Cement,2024-02-18,820.94,Coal,467.64,449.64,27.32,Buy,65,Disputed,19006.0,High_Demand,2989.24,1
C015,Cement,2025-04-16,2346.79,Coal,1377.28,1574.28,28.79,Buy,169,Disputed,11456.02,High_Demand,2545.37,1
C078,Manufacturing,2024-11-15,1629.59,Mixed Fuel,1176.36,1227.36,27.5,Sell,158,Disputed,14403.65,Price_Surge,551.2,0
C074,Energy,2025-12-21,2871.61,Natural Gas,1421.67,1539.67,33.18,Buy,127,Disputed,16795.82,Low_Demand,2732.48,1
C081,Manufacturing,2024-12-19,1537.59,Natural Gas,1220.88,1137.88,35.0,Buy,94,Disputed,5952.42,High_Demand,1989.57,1
C069,Manufacturing,2024-01-06,1489.76,Coal,875.28,798.28,24.81,Buy,110,Verified,19193.51,High_Demand,2030.92,1
C100,Steel,2025-02-05,1947.77,Natural Gas,1425.53,1380.53,20.37,Sell,99,Disputed,8608.72,Low_Demand,1483.77,0
C001,Manufacturing,2025-03-02,721.08,Renewable,396.37,231.37,31.27,Buy,110,Disputed,15800.83,High_Demand,860.38,1
C061,Manufacturing,2025-09-09,1542.77,Renewable,707.3,565.3,22.73,Buy,120,Verified,8381.56,High_Demand,2327.76,1
C018,Cement,2024-09-01,2797.15,Mixed Fuel,2159.3,2119.3,23.64,Buy,143,Verified,15807.24,Low_Demand,627.31,1
C047,Manufacturing,2025-11-04,1484.72,Renewable,733.86,928.86,25.25,Sell,149,Disputed,14098.06,Low_Demand,1220.54,0
C042,Steel,2025-01-22,799.6,Renewable,290.35,416.35,30.27,Sell,166,Verified,8175.67,Low_Demand,1676.03,0
C079,Manufacturing,2024-09-03,2750.06,Natural Gas,1909.51,1794.51,24.14,Sell,163,Disputed,17832.04,High_Demand,754.84,0
C068,Energy,2025-11-29,1743.07,Renewable,1373.67,1303.67,20.46,Sell,149,Disputed,19232.55,High_Demand,2629.11,0
C091,Manufacturing,2025-11-01,2569.59,Renewable,1203.72,1307.72,21.94,Sell,160,Verified,17830.65,High_Demand,1101.73,0
C071,Steel,2025-01-22,829.84,Natural Gas,297.31,98.31,26.88,Buy,146,Verified,18786.09,Low_Demand,2871.32,1
C027,Steel,2025-12-20,2892.39,Coal,1193.24,1227.24,31.45,Buy,65,Disputed,15670.67,High_Demand,1680.87,1
C021,Steel,2024-05-14,2438.83,Natural Gas,1813.5,1756.5,25.56,Buy,75,Disputed,18467.35,High_Demand,1190.02,1
C052,Cement,2024-12-01,780.2,Coal,596.48,631.48,25.71,Sell,142,Verified,7345.93,Price_Surge,2917.0,0
C031,Steel,2024-11-06,529.68,Mixed Fuel,222.07,44.06999999999999,26.23,Buy,42,Disputed,6757.38,High_Demand,1014.55,1
C025,Cement,2024-10-19,681.19,Renewable,333.88,518.88,25.26,Sell,73,Verified,15151.72,Price_Surge,2616.74,0
C080,Cement,2025-05-02,1708.68,Mixed Fuel,931.98,1033.98,21.91,Sell,119,Disputed,8522.3,Price_Surge,1249.33,0
C065,Manufacturing,2024-04-19,1392.21,Coal,691.5,513.5,34.85,Buy,48,Disputed,8679.39,Price_Surge,2471.02,1
C076,Energy,2025-03-18,630.5,Coal,211.71,123.71000000000001,23.55,Buy,105,Disputed,8616.73,Price_Surge,1206.95,1
C064,Energy,2024-08-30,2535.22,Natural Gas,1706.01,1582.01,30.56,Sell,123,Disputed,10025.64,Price_Surge,1697.03,0
C079,Energy,2025-07-17,1472.08,Mixed Fuel,766.58,856.58,27.55,Sell,35,Verified,8495.24,Low_Demand,938.03,0
C001,Steel,2025-12-28,1865.24,Renewable,937.04,1113.04,33.4,Sell,133,Disputed,10372.01,High_Demand,1880.54,0
C096,Cement,2024-02-16,2907.31,Renewable,1535.57,1337.57,33.74,Sell,36,Verified,9662.61,High_Demand,1048.72,0
C011,Energy,2024-06-26,1532.14,Mixed Fuel,545.49,395.49,25.32,Sell,140,Verified,16338.26,Low_Demand,2385.6,0
C090,Energy,2024-12-16,1361.29,Coal,673.38,861.38,32.04,Sell,176,Disputed,9880.98,Low_Demand,1859.51,0
C048,Steel,2025-01-31,1928.98,Renewable,1079.38,916.3800000000001,22.11,Buy,103,Disputed,16165.91,Price_Surge,1407.48,1
C098,Steel,2024-08-03,2916.45,Renewable,1798.86,1854.86,27.95,Sell,51,Verified,14998.6,Low_Demand,2653.79,0
C001,Manufacturing,2024-09-30,751.69,Coal,479.18,348.18,27.97,Sell,133,Verified,15961.6,Price_Surge,2943.78,0
C082,Energy,2024-09-22,2493.22,Mixed Fuel,1775.98,1920.98,27.34,Sell,64,Disputed,17242.56,Low_Demand,1824.34,0
C076,Manufacturing,2024-05-28,2966.88,Mixed Fuel,1639.12,1717.12,20.36,Sell,164,Disputed,19763.67,High_Demand,1455.39,0
C090,Manufacturing,2025-05-24,2168.32,Mixed Fuel,853.29,722.29,24.25,Sell,99,Verified,9359.7,Price_Surge,1451.59,0
C060,Energy,2025-12-29,1337.85,Natural Gas,575.43,499.42999999999995,26.95,Buy,63,Disputed,6112.71,Price_Surge,881.35,1
C037,Cement,2025-05-30,1754.47,Mixed Fuel,1274.23,1474.23,27.45,Sell,174,Verified,7552.76,Price_Surge,877.42,0
C046,Energy,2025-09-23,2884.0,Natural Gas,1080.8,1189.8,22.8,Sell,151,Verified,19597.79,Low_Demand,2823.0,0
C092,Manufacturing,2025-09-28,2715.28,Natural Gas,859.59,731.59,33.14,Sell,82,Disputed,16623.8,High_Demand,1804.96,0
C056,Cement,2024-04-04,2164.82,Renewable,1007.27,1180.27,32.21,Buy,97,Verified,14693.81,Low_Demand,1598.02,1
C041,Steel,2025-12-09,2658.01,Natural Gas,1137.84,1114.84,33.02,Sell,52,Verified,14048.27,Price_Surge,540.38,0
C097,Energy,2025-11-27,1752.83,Coal,950.74,996.74,29.36,Buy,140,Verified,13575.66,Low_Demand,553.84,1
C074,Cement,2025-03-27,680.08,Mixed Fuel,341.12,337.12,23.06,Sell,139,Verified,6407.38,High_Demand,2770.33,0
C021,Manufacturing,2025-05-22,2490.91,Natural Gas,755.75,837.75,23.39,Sell,179,Verified,11348.56,High_Demand,670.44,0
C045,Manufacturing,2024-01-15,2413.92,Natural Gas,732.31,596.31,24.84,Sell,153,Disputed,10369.15,High_Demand,1568.25,0
C065,Energy,2024-12-27,1971.15,Mixed Fuel,1022.19,900.19,20.68,Sell,145,Verified,7798.95,Low_Demand,2363.02,0
C022,Cement,2025-11-13,1731.28,Coal,823.53,677.53,28.09,Buy,67,Disputed,5309.3,Low_Demand,2189.09,1
C077,Energy,2025-01-19,2876.42,Mixed Fuel,2033.27,1890.27,22.97,Sell,154,Disputed,18324.19,Low_Demand,1906.09,0
C065,Energy,2024-05-30,1044.73,Coal,329.04,491.04,30.45,Sell,53,Verified,17400.17,High_Demand,2281.74,0
C035,Energy,2025-04-13,951.39,Renewable,702.2,677.2,23.96,Sell,55,Disputed,15244.46,High_Demand,2839.96,0
C026,Energy,2024-02-18,1848.64,Natural Gas,1216.81,1376.81,29.24,Sell,151,Disputed,14475.28,High_Demand,1142.78,0
C011,Energy,2024-01-11,2309.06,Renewable,1291.44,1368.44,28.15,Sell,83,Disputed,11382.58,Price_Surge,1460.48,0
C024,Energy,2024-04-30,1058.8,Natural Gas,503.67,487.67,22.02,Sell,65,Disputed,18536.16,Low_Demand,569.87,0
C030,Steel,2024-01-02,1730.11,Mixed Fuel,873.61,845.61,25.59,Buy,26,Disputed,14928.44,High_Demand,1184.44,1
C056,Manufacturing,2024-09-03,1468.08,Mixed Fuel,769.26,589.26,27.5,Sell,69,Disputed,11256.88,Price_Surge,2396.78,0
C032,Cement,2024-09-09,2016.63,Renewable,1330.7,1206.7,30.82,Sell,143,Disputed,13643.29,Low_Demand,775.91,0
C013,Cement,2025-01-16,2344.53,Natural Gas,1294.7,1242.7,28.33,Buy,109,Disputed,10836.89,Low_Demand,2345.51,1
C043,Energy,2025-03-26,2261.78,Renewable,1325.32,1271.32,23.68,Sell,114,Verified,11824.07,High_Demand,1943.89,0
C042,Steel,2024-04-12,1606.4,Natural Gas,505.7,633.7,23.91,Sell,28,Verified,19937.41,Price_Surge,2553.36,0
C087,Energy,2024-08-30,699.42,Coal,485.9,321.9,29.03,Sell,44,Disputed,13866.99,Price_Surge,2117.17,0
C025,Steel,2024-05-09,537.53,Mixed Fuel,354.6,193.60000000000002,25.64,Buy,116,Verified,12814.17,High_Demand,1085.61,1
C027,Cement,2025-01-23,1996.02,Mixed Fuel,1594.0,1533.0,31.59,Sell,136,Disputed,12744.08,Low_Demand,1607.66,0
C078,Cement,2024-02-28,738.76,Coal,460.27,396.27,22.5,Sell,132,Disputed,8520.9,Price_Surge,2518.01,0
C086,Energy,2025-01-01,630.62,Coal,370.32,467.32,23.7,Sell,70,Disputed,16973.16,Price_Surge,2841.49,0
C035,Energy,2024-01-05,1221.02,Coal,408.03,311.03,21.09,Buy,25,Disputed,8939.09,Price_Surge,714.09,1
C074,Manufacturing,2025-07-21,1664.53,Natural Gas,824.49,727.49,20.74,Buy,91,Disputed,14232.26,Low_Demand,1243.17,1
C074,Steel,2025-06-14,556.14,Renewable,425.05,291.05,31.01,Sell,178,Disputed,6139.27,Price_Surge,2649.11,0
C086,Manufacturing,2025-05-30,2488.19,Coal,1771.98,1751.98,33.58,Sell,66,Disputed,14942.13,High_Demand,2018.17,0
C001,Manufacturing,2025-02-17,2246.37,Renewable,1774.52,1581.52,25.74,Buy,20,Verified,7222.57,Low_Demand,2814.45,1
C057,Energy,2024-07-24,2729.63,Mixed Fuel,2117.73,2103.73,34.93,Sell,142,Verified,11783.52,High_Demand,2109.59,0
C089,Energy,2024-01-03,2410.27,Renewable,1351.73,1351.73,32.22,Sell,65,Verified,10665.06,Price_Surge,1020.55,0
C021,Steel,2024-01-11,2919.74,Coal,2218.62,2339.62,31.01,Sell,154,Verified,18394.84,Price_Surge,1024.91,0
C078,Energy,2024-10-27,1147.38,Coal,473.97,493.97,21.63,Sell,185,Verified,6427.26,High_Demand,1577.13,0
C017,Cement,2024-09-21,2546.86,Renewable,1135.55,1328.55,25.48,Sell,34,Verified,13513.57,High_Demand,2050.68,0
C094,Steel,2024-08-08,574.21,Mixed Fuel,178.93,343.93,28.0,Sell,144,Verified,17869.29,High_Demand,2044.49,0
C058,Energy,2025-01-26,1231.04,Mixed Fuel,822.25,746.25,25.9,Sell,74,Verified,11396.73,Low_Demand,1961.84,0
C015,Manufacturing,2024-07-25,2564.37,Natural Gas,1717.38,1601.38,27.73,Buy,61,Verified,12298.58,Price_Surge,1453.11,1
C075,Cement,2025-11-27,1487.44,Mixed Fuel,556.98,625.98,26.25,Buy,194,Verified,12764.82,Low_Demand,1925.63,1
C041,Cement,2025-11-05,1556.81,Natural Gas,706.8,562.8,33.85,Sell,83,Verified,12155.35,High_Demand,2503.19,0
C073,Energy,2025-09-12,2148.65,Mixed Fuel,1414.47,1403.47,28.44,Sell,83,Verified,17966.38,Price_Surge,1613.69,0
C097,Manufacturing,2024-03-25,1922.48,Coal,1323.61,1340.61,29.17,Buy,49,Disputed,6473.08,High_Demand,2788.1,1
C041,Energy,2025-05-02,1644.6,Natural Gas,1008.84,816.84,24.91,Buy,195,Verified,10322.18,Low_Demand,777.39,1
C085,Steel,2025-05-02,2708.68,Renewable,2023.89,2223.8900000000003,29.82,Buy,141,Disputed,10500.73,High_Demand,1519.36,1
C090,Cement,2024-06-21,1042.17,Coal,816.97,832.97,25.56,Sell,53,Verified,9637.16,High_Demand,2638.53,0
C002,Energy,2024-09-29,2927.95,Mixed Fuel,1191.82,1259.82,24.56,Buy,159,Verified,12415.35,High_Demand,1769.26,1
C090,Cement,2025-08-24,649.27,Mixed Fuel,329.24,148.24,30.36,Buy,49,Disputed,10051.07,Price_Surge,2905.64,1
C081,Cement,2025-05-11,1488.13,Mixed Fuel,769.72,764.72,22.19,Sell,42,Disputed,8014.78,Price_Surge,943.15,0
C093,Cement,2025-07-20,2461.04,Natural Gas,948.74,1107.74,22.57,Sell,174,Disputed,13301.91,High_Demand,2856.28,0
C017,Energy,2024-11-23,895.94,Natural Gas,365.9,415.9,26.93,Buy,198,Verified,7396.59,Low_Demand,1509.86,1
C035,Steel,2025-01-11,1469.73,Natural Gas,642.66,692.66,34.02,Buy,57,Verified,13276.34,Low_Demand,1060.28,1
C082,Manufacturing,2024-06-12,2519.88,Natural Gas,1799.85,1856.85,22.77,Sell,20,Disputed,14035.62,High_Demand,2010.3,0
C025,Manufacturing,2024-01-11,2613.43,Natural Gas,1298.07,1382.07,32.88,Sell,62,Disputed,9595.62,High_Demand,2919.76,0
C016,Cement,2025-11-28,1818.71,Natural Gas,1091.0,1117.0,30.17,Buy,168,Disputed,19028.88,Low_Demand,625.13,1
C099,Energy,2024-05-14,1040.96,Mixed Fuel,466.77,597.77,31.09,Sell,130,Disputed,16779.8,High_Demand,1209.28,0
C027,Manufacturing,2025-12-29,1050.72,Coal,332.96,382.96,34.29,Sell,136,Disputed,15637.4,High_Demand,1601.61,0
C093,Steel,2024-09-18,2705.9,Renewable,882.92,1009.92,23.44,Sell,64,Verified,9732.93,High_Demand,2597.86,0
C078,Steel,2024-05-29,1189.6,Renewable,537.16,424.15999999999997,30.38,Buy,174,Verified,11365.25,Low_Demand,911.82,1
C006,Manufacturing,2024-04-22,2728.31,Renewable,910.68,912.68,23.35,Buy,30,Disputed,16212.87,Price_Surge,1632.4,1
C004,Steel,2024-08-24,1793.02,Mixed Fuel,1295.28,1269.28,32.69,Buy,137,Disputed,15940.91,Low_Demand,2093.97,1
C030,Cement,2025-08-17,1207.34,Renewable,624.89,753.89,24.17,Buy,97,Verified,11620.58,Price_Surge,1026.45,1
C049,Energy,2025-10-02,2419.26,Mixed Fuel,1307.28,1188.28,30.76,Buy,131,Disputed,5281.59,Low_Demand,1414.3,1
C065,Energy,2025-05-06,1496.05,Coal,1056.52,1139.52,31.04,Sell,111,Disputed,18161.57,Low_Demand,1505.33,0
C029,Steel,2024-11-17,2446.65,Renewable,1119.14,1166.14,27.69,Sell,36,Disputed,19305.23,Low_Demand,2941.52,0
C007,Cement,2024-12-15,2397.9,Renewable,916.21,1041.21,33.64,Buy,52,Disputed,14240.69,High_Demand,605.89,1
C023,Cement,2024-02-13,1896.49,Coal,858.8,833.8,22.62,Sell,183,Verified,13515.42,Low_Demand,905.86,0
C016,Energy,2024-04-01,2313.0,Renewable,1777.84,1781.84,23.66,Sell,175,Disputed,9365.96,High_Demand,1570.46,0
C041,Manufacturing,2025-07-31,1798.53,Mixed Fuel,1142.64,1085.64,20.68,Sell,163,Verified,7200.23,High_Demand,827.8,0
C064,Energy,2024-01-27,1134.9,Natural Gas,844.87,762.87,28.52,Sell,163,Verified,18752.64,Low_Demand,1589.37,0
C075,Steel,2025-11-03,1501.82,Mixed Fuel,856.21,948.21,28.32,Buy,200,Verified,17039.35,High_Demand,1797.55,1
C069,Manufacturing,2025-03-30,1222.76,Mixed Fuel,922.35,788.35,22.52,Sell,96,Disputed,18111.53,Price_Surge,1641.78,0
C075,Energy,2025-09-19,1017.26,Natural Gas,553.52,507.52,20.07,Buy,86,Verified,16179.15,Price_Surge,758.67,1
C056,Manufacturing,2025-06-27,985.77,Natural Gas,738.93,582.93,21.62,Buy,46,Verified,17260.64,High_Demand,802.1,1
C006,Steel,2025-02-01,2215.05,Renewable,1287.42,1398.42,33.02,Buy,156,Disputed,12665.82,High_Demand,1276.7,1
C088,Manufacturing,2024-12-17,1496.15,Renewable,562.75,736.75,24.35,Buy,80,Verified,18091.18,Low_Demand,2052.92,1
C005,Steel,2024-04-24,2813.45,Mixed Fuel,1756.23,1744.23,24.14,Sell,24,Disputed,13973.02,Price_Surge,1848.69,0
C025,Steel,2025-05-17,2365.85,Mixed Fuel,761.8,711.8,20.33,Sell,143,Disputed,19424.87,Low_Demand,1461.95,0
C030,Manufacturing,2024-01-21,1742.81,Renewable,1367.56,1496.56,29.58,Sell,176,Disputed,17723.77,Price_Surge,2729.93,0
C076,Cement,2025-06-11,2114.73,Natural Gas,992.11,1112.1100000000001,29.67,Buy,116,Disputed,9372.07,High_Demand,2602.01,1
C017,Energy,2025-02-15,2455.9,Coal,925.01,983.01,24.51,Buy,83,Disputed,13301.01,High_Demand,1642.12,1
C012,Manufacturing,2024-02-26,1544.46,Natural Gas,480.64,292.64,23.22,Sell,171,Verified,12819.66,High_Demand,705.55,0
C046,Steel,2024-06-29,579.21,Renewable,280.4,384.4,31.14,Buy,113,Verified,10321.91,High_Demand,1611.7,1
C056,Steel,2025-05-26,2885.06,Coal,879.69,682.69,23.31,Sell,21,Verified,17045.95,High_Demand,1031.34,0
C046,Steel,2024-11-20,2623.68,Coal,1175.62,1353.62,23.65,Sell,100,Disputed,6268.25,High_Demand,506.76,0
C085,Steel,2024-09-16,2511.66,Natural Gas,1731.59,1650.59,24.62,Sell,154,Disputed,14555.5,High_Demand,2643.72,0
C060,Cement,2024-08-11,2020.27,Renewable,1349.06,1268.06,31.26,Buy,150,Verified,18497.78,Low_Demand,2489.65,1
C032,Steel,2024-06-15,1443.17,Renewable,481.08,567.0799999999999,27.09,Sell,21,Verified,5918.68,Low_Demand,525.04,0
C064,Energy,2025-02-03,838.82,Renewable,362.8,474.8,27.38,Buy,33,Disputed,14630.14,High_Demand,1076.34,1
C088,Steel,2024-02-26,2983.22,Mixed Fuel,937.3,797.3,34.74,Sell,132,Disputed,16971.22,Price_Surge,1584.01,0
C095,Energy,2025-05-16,1255.11,Natural Gas,683.63,656.63,21.08,Buy,131,Disputed,16882.52,High_Demand,2395.9,1
C029,Cement,2025-06-19,1198.16,Coal,740.17,938.17,31.56,Sell,183,Disputed,9364.92,High_Demand,2270.91,0
C031,Manufacturing,2025-07-06,1409.97,Natural Gas,945.92,1035.92,32.01,Sell,141,Verified,14579.82,Price_Surge,1886.15,0
C001,Manufacturing,2025-09-05,1103.61,Coal,836.62,879.62,26.95,Sell,164,Verified,13208.77,Low_Demand,1268.95,0
C047,Cement,2024-10-26,1905.55,Renewable,674.61,734.61,21.53,Sell,99,Verified,11327.36,Price_Surge,937.14,0
C048,Steel,2025-12-01,859.5,Mixed Fuel,265.1,167.10000000000002,33.31,Sell,168,Disputed,17491.68,Price_Surge,2982.82,0
C081,Energy,2025-11-27,2548.33,Renewable,1798.5,1817.5,29.05,Sell,133,Disputed,18484.35,High_Demand,2395.54,0
C087,Steel,2024-03-12,1572.06,Natural Gas,786.33,590.33,22.89,Sell,98,Disputed,17280.32,High_Demand,1229.27,0
C066,Energy,2024-03-31,1781.09,Natural Gas,1004.04,1013.04,27.66,Sell,135,Verified,17651.46,Low_Demand,2347.85,0
C057,Cement,2025-07-22,1682.9,Natural Gas,647.15,533.15,28.66,Buy,50,Verified,7040.77,High_Demand,2658.52,1
C066,Energy,2025-12-26,2809.3,Renewable,2064.26,2048.26,32.26,Buy,159,Disputed,16008.23,Price_Surge,688.09,1
C045,Cement,2024-06-28,2869.44,Natural Gas,885.23,850.23,24.28,Sell,68,Verified,7984.3,Low_Demand,2949.77,0
C082,Manufacturing,2024-12-21,1668.24,Renewable,724.99,585.99,28.47,Sell,159,Disputed,18802.75,High_Demand,2994.06,0
C008,Steel,2024-09-15,845.6,Coal,467.61,602.61,24.82,Buy,57,Verified,13651.7,Price_Surge,2555.21,1
C082,Steel,2024-09-13,1180.33,Natural Gas,409.48,504.48,21.04,Buy,184,Verified,7818.4,High_Demand,2617.86,1
C065,Energy,2025-04-26,1243.14,Renewable,798.99,646.99,23.85,Sell,162,Disputed,12662.18,Low_Demand,1983.02,0
C078,Manufacturing,2025-05-31,1117.32,Mixed Fuel,491.48,293.48,22.53,Sell,188,Disputed,19598.04,Price_Surge,1701.29,0
C058,Energy,2025-09-18,1393.97,Natural Gas,762.06,882.06,26.51,Sell,121,Verified,9466.74,High_Demand,1176.73,0
C027,Manufacturing,2025-10-06,2683.6,Renewable,2087.25,2005.25,29.51,Sell,164,Disputed,7730.72,Price_Surge,2258.84,0
C086,Energy,2025-03-28,1301.89,Natural Gas,596.41,586.41,34.99,Sell,132,Verified,13428.69,High_Demand,2514.15,0
C049,Cement,2025-01-05,2876.17,Renewable,1973.55,1963.55,22.65,Sell,159,Verified,9318.47,High_Demand,2095.37,0
C089,Manufacturing,2025-08-03,2513.82,Natural Gas,1015.32,853.32,25.53,Buy,101,Verified,11665.89,Price_Surge,1497.47,1
C017,Manufacturing,2024-04-25,2137.49,Natural Gas,1212.29,1228.29,25.58,Buy,106,Disputed,11159.78,High_Demand,1490.1,1
C047,Energy,2024-05-03,524.45,Natural Gas,243.42,137.42,32.4,Buy,52,Disputed,5802.48,Price_Surge,863.45,1
C030,Manufacturing,2025-10-17,1433.55,Natural Gas,819.69,810.69,23.33,Sell,34,Verified,9586.12,High_Demand,514.28,0
C043,Cement,2025-07-27,1804.24,Mixed Fuel,628.96,661.96,30.99,Sell,46,Disputed,13549.15,High_Demand,1062.46,0
C099,Energy,2025-03-17,1513.08,Natural Gas,1152.85,958.8499999999999,29.61,Buy,54,Verified,15919.68,Low_Demand,2608.67,1
C057,Steel,2024-10-15,1450.46,Natural Gas,1125.76,1302.76,27.51,Buy,67,Disputed,15492.41,High_Demand,1740.11,1
C065,Cement,2024-12-05,1452.8,Natural Gas,779.53,730.53,34.95,Sell,41,Verified,10272.32,High_Demand,1682.93,0
C062,Energy,2024-01-05,2085.13,Renewable,1559.35,1650.35,28.75,Sell,73,Disputed,12990.8,High_Demand,1659.51,0
C034,Steel,2025-06-04,2939.6,Renewable,1442.74,1303.74,27.5,Sell,40,Verified,5711.13,High_Demand,979.6,0
C073,Cement,2024-06-27,1859.92,Natural Gas,738.44,748.44,32.6,Buy,170,Verified,11028.26,Low_Demand,2505.1,1
C061,Cement,2024-09-25,1417.47,Mixed Fuel,537.98,673.98,25.28,Buy,69,Disputed,18845.28,High_Demand,1964.78,1
C064,Manufacturing,2025-12-25,611.95,Coal,260.7,211.7,22.68,Sell,62,Disputed,9315.96,Low_Demand,2568.22,0
C013,Steel,2025-10-05,2779.18,Mixed Fuel,1566.62,1475.62,29.36,Buy,178,Verified,11404.1,Price_Surge,810.46,1
C100,Steel,2024-07-27,1697.26,Mixed Fuel,714.15,875.15,30.21,Sell,107,Disputed,12581.58,Price_Surge,904.74,0
C080,Manufacturing,2024-08-15,2987.09,Coal,1964.22,1809.22,20.36,Buy,156,Verified,8572.32,Low_Demand,1141.65,1
C089,Steel,2024-04-12,1609.19,Renewable,668.74,623.74,22.54,Sell,101,Verified,10735.81,High_Demand,2522.25,0
C050,Steel,2025-12-12,585.15,Coal,300.9,226.89999999999998,25.16,Buy,65,Disputed,7420.95,Price_Surge,902.1,1
C075,Cement,2024-11-20,1767.76,Mixed Fuel,872.23,878.23,20.93,Buy,191,Disputed,15630.69,Price_Surge,659.4,1
C009,Cement,2024-04-22,2140.57,Mixed Fuel,1674.19,1548.19,33.66,Sell,95,Verified,13035.07,Low_Demand,594.69,0
C004,Manufacturing,2024-05-27,676.3,Coal,514.53,474.53,26.42,Buy,92,Verified,9265.75,Price_Surge,2745.05,1
C017,Cement,2025-09-28,568.41,Coal,319.77,205.76999999999998,21.51,Buy,140,Disputed,18377.62,Low_Demand,2887.52,1
C016,Manufacturing,2025-01-20,2383.08,Natural Gas,1381.96,1538.96,34.71,Sell,71,Verified,17303.66,High_Demand,1172.38,0
C044,Manufacturing,2024-04-27,1710.83,Coal,806.28,627.28,29.07,Sell,80,Verified,10539.14,Low_Demand,1167.89,0
C040,Energy,2025-11-03,1948.7,Coal,974.44,823.44,25.96,Buy,60,Verified,19546.51,Price_Surge,1154.67,1
C099,Cement,2024-09-28,667.1,Renewable,396.07,558.0699999999999,26.51,Sell,190,Verified,9863.49,High_Demand,2245.36,0
C046,Manufacturing,2025-12-06,2593.01,Natural Gas,1916.12,1725.12,25.13,Buy,185,Disputed,18849.89,High_Demand,2825.69,1
C100,Cement,2025-12-26,1637.85,Coal,581.71,751.71,23.45,Buy,94,Disputed,17089.21,Low_Demand,672.8,1
C069,Steel,2025-01-16,2409.78,Mixed Fuel,1231.59,1426.59,30.98,Sell,145,Disputed,10033.63,Price_Surge,1438.06,0
C040,Cement,2025-07-21,2375.75,Natural Gas,742.79,558.79,33.84,Buy,167,Verified,14636.66,High_Demand,635.45,1
C028,Energy,2024-05-02,2614.86,Coal,1255.66,1313.66,20.72,Buy,135,Disputed,17023.81,Low_Demand,2764.54,1
C053,Steel,2025-12-29,1923.15,Renewable,1158.84,1193.84,22.48,Buy,177,Disputed,9976.73,Low_Demand,2921.79,1
C018,Energy,2025-09-30,642.29,Coal,478.69,442.69,26.15,Sell,164,Disputed,6791.51,Price_Surge,1431.77,0
C037,Energy,2025-08-30,1074.28,Coal,717.11,688.11,27.94,Sell,63,Disputed,6372.21,High_Demand,2877.02,0
C046,Manufacturing,2024-08-29,1287.98,Mixed Fuel,407.44,464.44,30.97,Sell,46,Disputed,18011.37,High_Demand,2455.8,0
C054,Steel,2025-05-22,2909.19,Mixed Fuel,2147.07,2204.07,32.36,Sell,141,Disputed,14767.2,High_Demand,1309.84,0
C064,Steel,2025-05-16,2944.77,Coal,1840.92,1783.92,33.11,Buy,121,Disputed,13007.0,Low_Demand,2141.02,1
C005,Steel,2024-07-28,2039.09,Coal,1213.95,1399.95,23.32,Sell,197,Disputed,13156.18,Low_Demand,2708.46,0
C045,Energy,2024-01-06,2318.46,Mixed Fuel,837.92,749.92,26.82,Sell,73,Verified,15877.56,High_Demand,1000.59,0
C068,Energy,2024-05-19,1474.08,Coal,850.44,1007.44,32.44,Sell,181,Disputed,9175.48,Low_Demand,2461.06,0
C018,Cement,2024-07-16,1392.7,Renewable,441.76,463.76,23.35,Buy,186,Disputed,18152.67,Low_Demand,1025.25,1
C087,Steel,2025-03-19,2084.09,Coal,949.58,846.58,24.28,Sell,73,Disputed,6535.41,Low_Demand,2222.56,0
C046,Energy,2024-03-20,1435.83,Coal,549.79,562.79,25.86,Buy,179,Disputed,10294.27,High_Demand,1713.64,1
C088,Cement,2024-04-17,2386.7,Natural Gas,847.52,835.52,31.34,Sell,95,Verified,13834.7,Price_Surge,1521.2,0
C085,Steel,2025-06-11,522.88,Natural Gas,338.57,286.57,25.1,Sell,85,Verified,11884.0,Price_Surge,1225.74,0
C094,Cement,2025-01-23,2226.47,Natural Gas,1015.57,825.57,33.89,Buy,136,Disputed,9059.45,Price_Surge,2426.6,1
C066,Manufacturing,2024-09-07,1965.77,Mixed Fuel,1562.37,1624.37,20.66,Sell,100,Verified,10527.6,High_Demand,2575.24,0
C057,Steel,2024-09-16,2037.21,Mixed Fuel,1100.8,1091.8,30.06,Sell,167,Disputed,13013.31,Low_Demand,602.88,0
C081,Cement,2024-04-20,1657.22,Coal,990.9,947.9,34.22,Sell,22,Disputed,16843.95,High_Demand,569.24,0
C050,Manufacturing,2024-11-25,2163.84,Coal,1557.38,1571.38,23.99,Buy,169,Disputed,12353.17,Price_Surge,2704.42,1
C056,Steel,2024-05-13,1903.91,Coal,1154.74,1175.74,31.91,Buy,167,Disputed,16143.3,Low_Demand,2541.31,1
C071,Manufacturing,2025-05-30,2652.77,Renewable,1814.21,1755.21,29.21,Buy,71,Verified,17828.52,High_Demand,1085.61,1
C053,Energy,2025-03-25,957.36,Mixed Fuel,336.23,479.23,26.58,Sell,99,Disputed,11799.55,Low_Demand,1481.67,0
C042,Steel,2025-11-26,606.95,Coal,430.42,272.42,26.66,Buy,79,Verified,13229.37,Price_Surge,978.6,1
C071,Manufacturing,2024-12-22,2481.45,Natural Gas,905.92,774.92,29.84,Buy,68,Verified,8865.05,Price_Surge,609.75,1
C100,Manufacturing,2024-10-26,2235.38,Mixed Fuel,1611.27,1604.27,23.75,Sell,120,Disputed,19861.26,Price_Surge,573.5,0
C001,Energy,2025-05-22,1074.86,Renewable,737.4,704.4,22.7,Sell,179,Disputed,12399.3,Price_Surge,522.12,0
C004,Manufacturing,2025-11-23,2162.15,Renewable,720.77,742.77,23.35,Buy,119,Disputed,12204.34,Low_Demand,1567.41,1
C049,Manufacturing,2024-05-22,823.44,Natural Gas,460.72,260.72,29.03,Buy,132,Verified,17049.16,Low_Demand,2849.34,1
C033,Manufacturing,2025-11-17,605.06,Renewable,335.47,345.47,28.6,Buy,94,Verified,6620.49,Low_Demand,1280.27,1
C093,Energy,2025-08-03,2789.44,Natural Gas,2019.79,1904.79,28.53,Sell,104,Verified,19547.22,High_Demand,1892.94,0
C026,Steel,2024-03-10,2446.58,Natural Gas,1822.42,2012.42,29.12,Sell,140,Disputed,15610.02,High_Demand,2622.47,0
C067,Cement,2024-10-07,2850.01,Mixed Fuel,1727.93,1551.93,33.17,Buy,154,Disputed,14561.39,High_Demand,622.33,1
C056,Manufacturing,2024-08-05,2774.99,Mixed Fuel,1426.63,1445.63,21.53,Buy,155,Verified,5029.15,High_Demand,2414.78,1
C096,Manufacturing,2025-02-18,1922.03,Renewable,1453.73,1602.73,21.02,Buy,119,Disputed,15177.61,Price_Surge,1980.38,1
C032,Energy,2024-02-18,1483.76,Mixed Fuel,719.63,821.63,33.19,Buy,119,Disputed,15668.52,Price_Surge,1447.59,1
C070,Manufacturing,2025-06-21,2734.94,Renewable,2046.09,1882.09,25.02,Sell,128,Disputed,17001.18,High_Demand,2607.7,0
C045,Energy,2025-01-06,1105.06,Coal,422.98,447.98,24.12,Buy,165,Verified,7118.75,Low_Demand,607.64,1
C049,Energy,2024-03-17,1790.78,Mixed Fuel,1245.91,1141.91,23.67,Buy,180,Disputed,6847.47,High_Demand,2380.09,1
C094,Steel,2025-04-16,2441.28,Coal,1883.02,1876.02,30.28,Buy,131,Verified,8297.71,High_Demand,1543.19,1
C017,Manufacturing,2025-05-24,1009.15,Coal,480.76,497.76,20.57,Sell,130,Disputed,7705.87,Low_Demand,2123.42,0
C013,Manufacturing,2025-09-12,2003.15,Mixed Fuel,604.41,510.40999999999997,27.95,Sell,186,Verified,5641.28,Price_Surge,1264.79,0
C029,Cement,2025-05-28,2916.4,Coal,969.81,1005.81,29.59,Buy,42,Disputed,19282.1,Price_Surge,2058.8,1
C088,Energy,2024-07-05,2877.77,Natural Gas,1811.12,1775.12,34.36,Buy,75,Verified,16593.39,Low_Demand,1629.25,1
C040,Energy,2025-12-22,1328.94,Mixed Fuel,801.21,892.21,29.91,Sell,115,Disputed,8653.18,Low_Demand,964.34,0
C065,Cement,2025-07-20,1216.29,Renewable,488.08,508.08,21.85,Sell,191,Disputed,17613.57,High_Demand,2726.38,0
C038,Manufacturing,2025-03-15,2293.54,Renewable,1659.99,1849.99,24.97,Sell,80,Disputed,6477.28,Price_Surge,2802.66,0
C018,Manufacturing,2024-10-23,1985.83,Mixed Fuel,651.58,549.58,25.97,Sell,163,Verified,13292.11,Price_Surge,2744.27,0
C049,Manufacturing,2025-07-09,1551.13,Renewable,923.5,799.5,24.94,Buy,45,Disputed,12601.17,Low_Demand,2579.76,1
C001,Steel,2024-07-26,2078.88,Coal,1459.24,1617.24,29.54,Sell,29,Disputed,18926.56,Low_Demand,2886.83,0
C089,Energy,2024-02-01,1683.27,Mixed Fuel,687.77,775.77,31.01,Buy,88,Verified,17518.9,High_Demand,2010.24,1
C010,Manufacturing,2024-09-26,2615.05,Natural Gas,1264.9,1422.9,33.26,Buy,178,Verified,12041.75,High_Demand,2660.42,1
C005,Steel,2025-05-07,2477.29,Coal,940.51,1056.51,25.28,Buy,125,Verified,10109.98,High_Demand,576.17,1
C013,Manufacturing,2025-10-13,1039.22,Renewable,380.28,355.28,30.97,Sell,106,Verified,18665.28,High_Demand,2173.98,0
C048,Steel,2024-04-01,1292.0,Coal,814.51,914.51,22.89,Buy,147,Disputed,5860.93,Price_Surge,636.58,1
C007,Steel,2025-07-18,2889.46,Mixed Fuel,1891.25,1809.25,30.95,Buy,140,Disputed,12891.67,High_Demand,1492.12,1
C096,Cement,2024-12-02,2346.76,Coal,1205.76,1328.76,27.13,Sell,78,Verified,14668.3,Low_Demand,1402.68,0
C019,Steel,2025-10-19,2115.09,Natural Gas,1629.96,1599.96,26.8,Buy,182,Verified,11361.09,Low_Demand,532.65,1
C092,Manufacturing,2024-09-07,2804.79,Natural Gas,924.55,730.55,34.15,Sell,162,Disputed,7685.12,High_Demand,2917.46,0
C094,Cement,2025-01-20,2762.13,Mixed Fuel,857.06,928.06,32.03,Buy,89,Disputed,15016.01,Low_Demand,1447.08,1
C065,Cement,2024-03-21,1715.26,Renewable,537.41,393.40999999999997,27.36,Sell,61,Disputed,11477.9,Price_Surge,1235.67,0
C051,Cement,2024-10-21,2653.23,Coal,2070.17,1944.17,26.52,Sell,160,Verified,9794.78,High_Demand,1659.13,0
C029,Manufacturing,2024-08-27,2628.38,Mixed Fuel,1365.53,1223.53,33.83,Sell,57,Disputed,11741.85,High_Demand,889.19,0
C026,Cement,2024-02-09,2913.41,Natural Gas,901.02,763.02,27.95,Buy,33,Verified,8724.55,High_Demand,2874.11,1
C056,Energy,2024-08-10,720.09,Mixed Fuel,407.03,471.03,22.79,Sell,183,Verified,14408.56,High_Demand,857.42,0
C009,Energy,2025-06-05,2650.23,Mixed Fuel,2020.95,1940.95,27.43,Buy,164,Verified,14260.17,High_Demand,2291.02,1
C046,Manufacturing,2025-10-27,2663.74,Natural Gas,815.54,928.54,26.37,Sell,73,Verified,7369.48,Price_Surge,2981.94,0
C085,Steel,2024-06-23,1425.55,Coal,805.99,826.99,28.55,Sell,97,Verified,16371.29,Low_Demand,788.39,0
C065,Energy,2025-01-29,2053.35,Renewable,1047.91,851.9100000000001,27.39,Sell,62,Verified,16527.38,High_Demand,1676.72,0
C015,Cement,2025-09-15,2064.47,Mixed Fuel,1020.76,834.76,30.44,Buy,24,Verified,7994.0,High_Demand,2126.74,1
C024,Cement,2025-04-02,1694.08,Renewable,813.86,817.86,21.47,Buy,47,Verified,9139.49,Low_Demand,1440.68,1
C065,Steel,2025-05-03,997.12,Mixed Fuel,747.16,665.16,28.78,Buy,66,Verified,16811.46,Low_Demand,1994.16,1
C008,Energy,2024-11-23,2744.15,Coal,843.87,844.87,23.31,Sell,119,Disputed,11554.0,High_Demand,2907.97,0
C058,Cement,2024-02-15,2523.7,Natural Gas,1681.44,1667.44,30.58,Sell,129,Verified,16152.13,Low_Demand,1729.01,0
C084,Cement,2025-11-24,1628.81,Natural Gas,1054.31,1031.31,26.39,Sell,133,Verified,16476.17,Low_Demand,2561.55,0
C052,Energy,2025-12-14,2454.62,Coal,824.08,777.08,27.8,Sell,24,Disputed,19069.02,Low_Demand,2857.99,0
C008,Manufacturing,2025-12-13,2174.44,Natural Gas,1642.3,1672.3,28.67,Sell,164,Verified,16577.0,High_Demand,1289.94,0
C100,Energy,2024-09-15,1411.9,Mixed Fuel,541.76,373.76,23.06,Buy,99,Disputed,6125.35,Low_Demand,711.88,1
C003,Manufacturing,2025-02-07,2375.9,Mixed Fuel,1126.93,1173.93,21.31,Sell,150,Disputed,8676.86,Low_Demand,1683.6,0
C075,Cement,2025-01-15,1574.92,Mixed Fuel,821.53,762.53,33.11,Sell,100,Disputed,7947.9,Low_Demand,2961.35,0
C036,Steel,2025-09-05,2137.85,Renewable,1025.23,915.23,33.27,Sell,173,Verified,5854.17,Low_Demand,2923.69,0
C026,Energy,2024-04-29,1640.05,Natural Gas,1142.64,1165.64,27.53,Buy,76,Disputed,19400.05,Low_Demand,1976.05,1
C075,Steel,2024-04-27,605.43,Mixed Fuel,255.79,291.78999999999996,22.9,Sell,90,Disputed,11735.99,Price_Surge,1970.4,0
C055,Manufacturing,2024-06-08,1383.4,Mixed Fuel,855.09,684.09,31.84,Buy,169,Verified,12727.1,Price_Surge,1784.63,1
C073,Cement,2024-07-16,1593.86,Mixed Fuel,483.32,643.3199999999999,31.67,Buy,20,Verified,14237.78,High_Demand,2621.87,1
C017,Steel,2024-04-11,2511.23,Mixed Fuel,1336.61,1465.61,33.24,Sell,168,Verified,18845.74,High_Demand,1886.8,0
C026,Manufacturing,2025-10-13,2489.59,Mixed Fuel,757.37,949.37,21.0,Buy,194,Disputed,7334.7,High_Demand,750.2,1
C015,Manufacturing,2025-10-27,2047.74,Renewable,1160.59,1202.59,30.18,Sell,142,Verified,18621.94,Price_Surge,1331.86,0
C049,Manufacturing,2024-04-14,596.71,Renewable,212.75,224.75,30.39,Sell,61,Disputed,12013.01,High_Demand,816.52,0
C052,Manufacturing,2025-04-17,2066.2,Renewable,861.74,739.74,29.46,Buy,61,Verified,10790.5,Low_Demand,2268.11,1
C018,Steel,2025-03-26,2386.33,Mixed Fuel,1218.45,1266.45,20.77,Buy,75,Disputed,6323.56,Low_Demand,2751.82,1
C006,Steel,2025-02-04,1699.77,Natural Gas,760.55,740.55,34.09,Sell,108,Disputed,9674.82,Low_Demand,2249.18,0
C012,Energy,2025-05-03,2001.99,Renewable,1253.95,1240.95,34.41,Sell,126,Verified,7730.04,Low_Demand,2209.4,0
C051,Energy,2024-05-10,1107.82,Natural Gas,643.64,740.64,25.36,Buy,172,Verified,13508.07,Low_Demand,676.52,1
C046,Manufacturing,2024-02-18,1689.45,Coal,574.95,506.95000000000005,32.27,Buy,42,Disputed,9664.57,Low_Demand,2861.62,1
C078,Manufacturing,2024-11-08,911.73,Mixed Fuel,588.51,493.51,20.77,Sell,75,Disputed,12282.12,High_Demand,1322.96,0
C050,Manufacturing,2024-07-04,885.07,Coal,318.84,360.84,29.6,Buy,96,Disputed,9733.51,High_Demand,623.98,1
C014,Steel,2025-10-20,1544.67,Renewable,707.11,667.11,27.55,Buy,63,Verified,8643.76,Low_Demand,2973.13,1
C035,Energy,2025-04-12,1399.6,Mixed Fuel,483.82,319.82,21.69,Buy,49,Verified,16160.55,High_Demand,1702.49,1
C085,Cement,2024-05-14,522.23,Renewable,369.14,300.14,22.83,Buy,198,Disputed,13253.2,High_Demand,1084.21,1
C060,Manufacturing,2025-08-06,2178.91,Renewable,1386.17,1245.17,23.39,Buy,131,Verified,17511.15,High_Demand,2237.93,1
C077,Energy,2024-12-13,916.39,Coal,385.69,538.69,29.04,Buy,106,Verified,19248.39,High_Demand,1653.05,1
C066,Manufacturing,2025-04-09,1237.39,Renewable,393.58,326.58,34.91,Sell,36,Disputed,14772.2,Price_Surge,1972.09,0
C097,Cement,2025-12-13,965.44,Natural Gas,382.05,569.05,22.78,Sell,88,Disputed,5084.26,Low_Demand,2456.53,0
C049,Steel,2025-06-04,2080.44,Renewable,1598.69,1583.69,25.37,Buy,172,Disputed,15710.93,Low_Demand,2782.78,1
C034,Manufacturing,2025-10-24,1991.41,Natural Gas,1226.72,1285.72,25.15,Buy,59,Disputed,9424.21,Low_Demand,575.21,1
C089,Energy,2024-08-03,2485.96,Coal,1143.11,1153.11,32.5,Buy,125,Verified,12978.02,Low_Demand,959.04,1
C023,Energy,2025-03-14,1007.98,Natural Gas,745.18,716.18,23.45,Buy,125,Disputed,8011.58,Price_Surge,1081.12,1
C071,Cement,2025-12-02,2366.43,Renewable,1487.79,1584.79,27.19,Sell,100,Verified,17433.91,Price_Surge,823.04,0
C069,Steel,2025-11-21,1262.24,Mixed Fuel,612.92,491.91999999999996,31.72,Sell,167,Verified,19135.47,High_Demand,855.5,0
C017,Steel,2024-11-16,881.56,Renewable,638.86,773.86,24.84,Sell,50,Disputed,14193.37,Price_Surge,2470.51,0
C072,Cement,2025-05-25,724.49,Renewable,571.08,591.08,24.99,Sell,38,Disputed,19182.42,High_Demand,1043.08,0
C073,Manufacturing,2024-12-23,1124.88,Renewable,871.31,1043.31,21.4,Sell,181,Disputed,13007.56,High_Demand,2043.99,0
C010,Energy,2024-01-13,2326.26,Renewable,826.73,988.73,33.05,Buy,121,Verified,10838.46,High_Demand,2890.01,1
C021,Steel,2025-08-07,2504.32,Natural Gas,970.84,946.84,21.95,Sell,198,Verified,19905.97,Price_Surge,1744.0,0
C005,Cement,2024-07-12,2984.56,Natural Gas,2090.47,2076.47,27.7,Buy,168,Verified,19627.09,Low_Demand,2379.41,1
C050,Cement,2024-06-18,864.76,Natural Gas,660.0,647.0,31.0,Buy,30,Verified,18296.68,Price_Surge,2016.03,1
C005,Manufacturing,2024-01-03,2585.75,Coal,1656.15,1848.15,30.87,Sell,104,Verified,17620.06,Low_Demand,2470.14,0
C092,Manufacturing,2025-07-18,1139.41,Coal,720.53,647.53,22.56,Sell,85,Verified,16839.44,High_Demand,2668.77,0
C021,Cement,2025-02-10,2230.57,Mixed Fuel,1335.88,1143.88,28.2,Sell,21,Disputed,8181.62,Low_Demand,2373.08,0
C059,Manufacturing,2024-01-03,1164.91,Coal,747.03,732.03,29.71,Buy,32,Verified,6967.7,Low_Demand,2431.88,1
C030,Steel,2025-04-25,2839.76,Renewable,1032.45,1213.45,26.62,Sell,63,Verified,10462.45,Low_Demand,2465.65,0
C041,Manufacturing,2024-09-19,553.26,Mixed Fuel,359.09,328.09,20.32,Buy,123,Verified,17759.14,Price_Surge,2284.65,1
C075,Manufacturing,2025-02-02,1952.02,Renewable,1252.86,1193.86,23.23,Sell,131,Disputed,12306.22,Price_Surge,2421.86,0
C094,Cement,2025-09-01,2988.21,Mixed Fuel,1214.94,1233.94,34.7,Sell,178,Disputed,9861.34,Price_Surge,1454.29,0
C059,Steel,2025-02-13,1277.5,Renewable,764.52,833.52,34.84,Sell,193,Disputed,13784.43,Low_Demand,1852.35,0
C058,Steel,2024-09-21,1657.17,Mixed Fuel,807.69,972.69,32.98,Buy,33,Disputed,17210.58,Low_Demand,1896.82,1
C025,Cement,2025-06-30,1659.61,Coal,969.28,812.28,27.64,Sell,80,Verified,11051.44,Low_Demand,2212.37,0
C037,Energy,2025-03-02,2968.35,Natural Gas,1866.88,2023.88,34.36,Sell,166,Disputed,9358.87,High_Demand,2011.22,0
C049,Manufacturing,2025-12-24,1025.2,Mixed Fuel,534.91,608.91,21.76,Sell,168,Verified,15510.15,Price_Surge,772.19,0
C079,Cement,2024-06-03,2336.85,Coal,1564.13,1676.13,28.2,Buy,145,Verified,19078.68,High_Demand,772.8,1
C002,Energy,2025-05-15,940.05,Natural Gas,619.05,491.04999999999995,21.83,Buy,176,Verified,11478.08,High_Demand,1969.48,1
C041,Manufacturing,2024-05-12,568.09,Renewable,229.57,393.57,25.49,Buy,38,Verified,11579.31,Low_Demand,2258.92,1
C042,Steel,2025-08-20,1921.44,Renewable,1234.03,1203.03,22.52,Buy,58,Verified,12010.83,High_Demand,1413.59,1
C020,Manufacturing,2024-12-04,1558.32,Coal,715.1,710.1,21.8,Sell,169,Disputed,6647.72,Price_Surge,1218.0,0
C063,Cement,2024-12-10,2484.91,Natural Gas,1094.11,965.1099999999999,26.77,Sell,44,Disputed,13676.83,Price_Surge,2716.4,0
C059,Manufacturing,2024-10-21,748.48,Mixed Fuel,596.13,423.13,34.24,Buy,70,Verified,5093.74,Price_Surge,2198.03,1
C074,Steel,2024-05-20,1696.44,Coal,1188.19,1115.19,34.28,Buy,184,Disputed,18241.53,High_Demand,553.68,1
C055,Energy,2024-11-03,732.86,Natural Gas,395.85,389.85,20.16,Buy,98,Disputed,18548.68,Low_Demand,1282.66,1
C064,Steel,2024-08-10,1239.3,Mixed Fuel,434.82,497.82,31.19,Sell,139,Verified,14859.31,Low_Demand,1407.19,0
C063,Cement,2024-09-04,1880.26,Mixed Fuel,589.05,583.05,30.97,Sell,81,Disputed,15943.62,Price_Surge,1570.83,0
C003,Cement,2024-10-27,2989.98,Mixed Fuel,1065.84,1068.84,20.91,Sell,171,Verified,6192.28,High_Demand,2256.54,0
C098,Cement,2025-08-18,742.68,Renewable,522.19,664.19,34.63,Buy,80,Disputed,7746.59,Price_Surge,2569.65,1
C061,Cement,2024-10-17,1064.27,Mixed Fuel,559.34,680.34,31.39,Sell,182,Verified,16767.84,High_Demand,845.84,0
C067,Manufacturing,2025-12-23,2627.97,Coal,983.44,812.44,26.32,Sell,147,Disputed,16668.45,High_Demand,2148.16,0
C004,Cement,2024-10-06,2635.98,Coal,1229.97,1312.97,24.04,Sell,182,Disputed,8225.45,High_Demand,2583.49,0
C061,Manufacturing,2025-12-18,1477.44,Coal,1105.98,910.98,22.86,Buy,118,Verified,17727.39,Low_Demand,1730.25,1
C049,Manufacturing,2024-02-18,2688.03,Natural Gas,1580.39,1637.39,29.11,Buy,21,Disputed,6726.77,Low_Demand,795.49,1
C094,Manufacturing,2025-07-15,2428.78,Coal,815.62,659.62,24.08,Sell,137,Disputed,15622.48,High_Demand,1122.92,0
C089,Manufacturing,2024-11-27,1922.78,Coal,888.47,979.47,32.88,Sell,92,Disputed,11054.05,Low_Demand,1936.74,0
C015,Steel,2024-07-16,1097.63,Coal,731.14,867.14,27.82,Sell,28,Verified,19739.2,Low_Demand,2201.81,0
C055,Energy,2024-10-13,1799.55,Mixed Fuel,1067.41,1154.41,29.59,Sell,165,Verified,8498.78,High_Demand,1715.91,0
C066,Cement,2024-05-30,1023.88,Natural Gas,399.99,245.99,20.65,Sell,122,Disputed,15298.79,Price_Surge,718.93,0
C053,Manufacturing,2025-12-12,1283.0,Coal,968.24,828.24,28.57,Sell,72,Disputed,19906.71,Price_Surge,1131.63,0
C004,Cement,2024-12-02,1064.76,Mixed Fuel,636.49,475.49,24.51,Sell,89,Verified,17853.84,Price_Surge,1773.72,0
C015,Manufacturing,2024-07-08,838.36,Mixed Fuel,529.92,723.92,31.4,Buy,125,Verified,12588.82,Price_Surge,861.12,1
C023,Cement,2024-05-01,2488.75,Renewable,1425.12,1347.12,25.91,Sell,159,Verified,7429.07,Low_Demand,1410.27,0
C061,Energy,2025-07-02,2711.71,Mixed Fuel,1444.12,1300.12,22.24,Sell,115,Disputed,18714.69,High_Demand,1021.59,0
C074,Steel,2024-09-04,1499.03,Coal,755.65,887.65,21.64,Buy,80,Verified,17276.23,High_Demand,2433.2,1
C068,Manufacturing,2025-06-26,632.27,Natural Gas,396.84,275.84,26.44,Buy,86,Disputed,14545.39,High_Demand,1753.79,1
C065,Energy,2024-11-24,1714.09,Renewable,638.42,577.42,29.84,Buy,143,Verified,6776.44,Low_Demand,613.92,1
C036,Steel,2025-08-09,1933.26,Mixed Fuel,662.61,601.61,26.16,Buy,126,Verified,18390.44,Price_Surge,819.01,1
C095,Steel,2025-11-06,1498.62,Renewable,567.04,397.03999999999996,25.94,Sell,155,Disputed,17704.95,Low_Demand,2241.81,0
C085,Cement,2025-05-01,1533.21,Mixed Fuel,772.05,705.05,34.96,Buy,124,Disputed,12758.34,High_Demand,1067.05,1
C084,Manufacturing,2025-10-25,1354.97,Coal,552.62,371.62,26.68,Buy,124,Verified,15820.64,Low_Demand,1211.38,1
C031,Manufacturing,2025-04-25,2300.9,Natural Gas,1109.53,1099.53,20.28,Sell,107,Disputed,5402.37,Price_Surge,638.75,0
C077,Manufacturing,2024-08-05,2107.94,Mixed Fuel,1255.23,1206.23,21.47,Sell,38,Disputed,18430.58,Price_Surge,566.72,0
C029,Manufacturing,2025-10-01,2846.84,Coal,2125.26,2053.26,32.22,Sell,79,Verified,16369.94,Price_Surge,533.72,0
C021,Cement,2024-11-29,761.6,Natural Gas,542.09,389.09000000000003,23.2,Buy,91,Disputed,12340.47,High_Demand,2228.27,1
C098,Manufacturing,2025-04-24,503.91,Natural Gas,212.0,382.0,24.98,Sell,137,Verified,17524.76,Price_Surge,2609.3,0
C075,Cement,2024-06-21,1309.14,Mixed Fuel,943.92,784.92,34.08,Sell,187,Verified,12870.02,Price_Surge,2023.1,0
C041,Energy,2024-10-16,1861.73,Natural Gas,949.73,929.73,32.68,Sell,122,Verified,5673.86,Price_Surge,2737.61,0
C005,Cement,2024-08-21,2562.47,Mixed Fuel,1916.26,2048.26,29.1,Buy,27,Disputed,13371.45,High_Demand,587.13,1
C061,Manufacturing,2024-10-12,1893.08,Renewable,674.97,600.97,34.91,Sell,37,Verified,17872.3,Low_Demand,1681.4,0
C028,Cement,2025-02-19,1758.98,Renewable,678.74,699.74,33.48,Sell,116,Verified,7652.77,Low_Demand,1806.59,0
C025,Energy,2024-02-16,2488.29,Renewable,754.71,865.71,33.0,Sell,84,Verified,18945.83,High_Demand,2841.3,0
C062,Manufacturing,2025-01-01,2380.58,Coal,1591.17,1682.17,33.73,Buy,30,Disputed,12312.09,High_Demand,1420.97,1
C068,Steel,2024-10-08,2176.25,Mixed Fuel,945.0,979.0,32.07,Sell,23,Verified,9315.82,Price_Surge,1343.4,0
C014,Energy,2024-02-13,2148.19,Natural Gas,1545.38,1682.38,21.75,Buy,128,Verified,7140.09,High_Demand,1060.64,1
C063,Steel,2025-04-23,1907.73,Mixed Fuel,675.71,673.71,25.65,Buy,77,Verified,10809.78,High_Demand,1137.98,1
C042,Energy,2024-10-21,2424.01,Natural Gas,1463.17,1472.17,24.26,Buy,29,Verified,10867.73,Low_Demand,2834.94,1
C078,Cement,2024-03-24,678.72,Natural Gas,308.63,310.63,34.54,Buy,163,Disputed,13247.51,Low_Demand,2112.06,1
C059,Manufacturing,2024-02-28,1083.33,Natural Gas,457.85,596.85,22.83,Buy,112,Disputed,12825.03,Low_Demand,616.88,1
C054,Energy,2025-12-03,1850.28,Natural Gas,646.28,488.28,22.37,Sell,166,Verified,7441.28,Price_Surge,2776.76,0
C015,Steel,2025-11-11,1556.52,Mixed Fuel,842.15,808.15,33.0,Sell,190,Disputed,7391.99,Price_Surge,1099.93,0
C065,Energy,2024-11-10,549.93,Renewable,243.82,302.82,31.68,Sell,155,Verified,10129.27,Price_Surge,2781.57,0
C044,Manufacturing,2025-07-24,2021.92,Coal,1614.62,1651.62,23.34,Buy,111,Verified,9606.98,Price_Surge,642.22,1
C044,Steel,2024-06-14,1456.41,Renewable,759.41,849.41,32.06,Buy,104,Verified,8474.17,Low_Demand,2683.14,1
C078,Manufacturing,2024-03-17,2313.86,Mixed Fuel,1825.2,1702.2,32.82,Buy,129,Disputed,8599.08,Price_Surge,810.98,1
C099,Energy,2025-01-31,978.26,Coal,642.53,557.53,27.97,Sell,94,Verified,19875.55,Price_Surge,2566.99,0
C009,Cement,2025-11-12,509.16,Natural Gas,248.54,185.54,22.56,Sell,65,Verified,7447.09,Price_Surge,643.01,0
C055,Manufacturing,2024-07-27,1180.38,Renewable,588.95,589.95,25.38,Buy,71,Verified,7755.08,Low_Demand,706.1,1
C027,Energy,2025-06-13,1505.27,Mixed Fuel,1141.18,966.1800000000001,22.15,Buy,34,Disputed,9920.6,Price_Surge,2831.2,1
C010,Energy,2025-05-22,1955.85,Renewable,1419.6,1338.6,20.46,Buy,25,Disputed,7120.88,Low_Demand,805.67,1
C081,Cement,2024-07-18,1291.62,Mixed Fuel,765.73,913.73,28.44,Buy,186,Disputed,15864.87,High_Demand,1380.59,1
C072,Steel,2025-02-17,2236.8,Mixed Fuel,1543.34,1419.34,28.86,Sell,185,Verified,18879.74,Price_Surge,1634.12,0
C013,Manufacturing,2025-01-06,721.22,Renewable,476.9,508.9,34.64,Sell,148,Disputed,12648.73,High_Demand,2132.98,0
C044,Steel,2024-07-17,1271.56,Mixed Fuel,533.54,477.53999999999996,32.28,Buy,164,Disputed,9540.57,Price_Surge,1903.45,1
C058,Cement,2024-02-24,2458.68,Coal,1801.86,1932.86,29.96,Sell,41,Disputed,16424.99,Low_Demand,639.74,0
C085,Manufacturing,2024-08-13,1341.25,Mixed Fuel,1068.57,883.5699999999999,20.94,Sell,78,Disputed,13829.11,Low_Demand,2938.82,0
C007,Steel,2024-10-18,1987.75,Renewable,1405.0,1334.0,31.77,Buy,77,Verified,11367.28,Price_Surge,730.23,1
C071,Energy,2025-06-30,762.14,Natural Gas,586.51,424.51,22.59,Buy,129,Disputed,11983.75,High_Demand,1332.9,1
C064,Manufacturing,2025-06-15,2312.32,Coal,1728.0,1858.0,34.15,Buy,178,Verified,6759.03,Price_Surge,2259.8,1
C045,Steel,2025-06-22,808.85,Renewable,412.64,331.64,34.4,Sell,40,Verified,6965.16,High_Demand,727.42,0
C046,Cement,2025-10-02,862.3,Coal,683.78,493.78,25.64,Sell,165,Disputed,13247.66,Low_Demand,1095.55,0
C060,Cement,2024-04-29,1238.29,Renewable,961.27,840.27,22.66,Sell,65,Disputed,8684.62,Low_Demand,2639.01,0
C050,Steel,2025-10-26,2542.95,Coal,1586.72,1720.72,34.47,Sell,115,Disputed,12880.02,Price_Surge,1765.76,0
C038,Cement,2024-08-15,1971.34,Coal,1183.06,1173.06,31.89,Sell,171,Disputed,15044.43,High_Demand,2306.96,0
C095,Steel,2025-06-30,2779.23,Natural Gas,855.86,966.86,27.33,Sell,73,Verified,6116.81,Price_Surge,1441.08,0
C093,Cement,2024-05-23,1962.95,Renewable,819.57,891.57,27.12,Sell,131,Disputed,18634.23,Price_Surge,1330.54,0
C001,Manufacturing,2024-09-18,1428.8,Natural Gas,1057.12,1256.12,29.06,Sell,92,Verified,11390.69,High_Demand,2379.56,0
C029,Manufacturing,2025-03-09,2036.25,Mixed Fuel,1595.0,1769.0,25.25,Buy,81,Disputed,11126.14,Price_Surge,1688.36,1
C086,Steel,2025-12-12,1348.62,Natural Gas,848.96,778.96,30.67,Buy,86,Disputed,18527.34,High_Demand,2206.29,1
C040,Steel,2025-09-09,659.96,Mixed Fuel,259.07,361.07,24.83,Buy,116,Verified,14164.31,Low_Demand,1746.42,1
C030,Energy,2024-10-29,2602.06,Natural Gas,1730.18,1566.18,34.39,Buy,180,Disputed,17630.11,High_Demand,1503.03,1
C029,Energy,2025-11-23,2520.53,Natural Gas,1842.41,1704.41,31.97,Sell,135,Disputed,6793.44,Price_Surge,782.26,0
C081,Energy,2025-06-06,2702.51,Renewable,999.47,1106.47,30.66,Sell,152,Disputed,18545.32,High_Demand,2528.87,0
C048,Steel,2025-08-23,1429.05,Coal,1106.49,1154.49,26.25,Sell,191,Disputed,18153.34,Low_Demand,1427.27,0
C089,Steel,2025-12-07,854.09,Natural Gas,423.06,486.06,26.08,Buy,84,Verified,5513.29,Price_Surge,1436.0,1
C072,Steel,2024-07-24,731.43,Mixed Fuel,413.49,562.49,29.42,Sell,35,Disputed,17656.56,High_Demand,560.01,0
C055,Cement,2024-10-06,1830.52,Natural Gas,786.23,855.23,28.44,Sell,46,Disputed,9982.01,Low_Demand,2253.22,0
C086,Cement,2025-09-23,1891.37,Natural Gas,1441.53,1338.53,27.22,Buy,101,Disputed,17534.15,High_Demand,1084.02,1
C084,Steel,2024-03-09,877.15,Renewable,464.22,313.22,31.78,Sell,110,Verified,8189.5,Low_Demand,1189.48,0
C095,Cement,2024-02-13,2145.21,Mixed Fuel,1122.37,957.3699999999999,23.95,Buy,169,Disputed,6085.4,Low_Demand,2618.97,1
C089,Cement,2024-09-16,2031.59,Mixed Fuel,871.94,930.94,26.46,Buy,173,Verified,17606.43,High_Demand,2273.0,1
C014,Energy,2025-02-12,2778.18,Coal,853.59,679.59,25.2,Buy,129,Verified,6321.2,High_Demand,1091.07,1
C027,Manufacturing,2024-02-10,739.06,Renewable,292.44,490.44,26.33,Sell,113,Verified,11404.82,High_Demand,933.7,0
C032,Energy,2025-08-10,1487.97,Renewable,765.95,948.95,22.82,Sell,57,Verified,13980.4,High_Demand,1270.33,0
C055,Energy,2024-11-30,1487.72,Mixed Fuel,513.06,428.05999999999995,21.8,Buy,121,Disputed,12931.7,Price_Surge,2565.02,1
C085,Cement,2024-09-22,1772.36,Mixed Fuel,674.7,747.7,25.0,Sell,87,Verified,12631.0,Price_Surge,2876.92,0
C046,Energy,2025-08-10,1397.34,Renewable,895.69,710.69,34.03,Buy,59,Verified,12664.37,Price_Surge,2015.67,1
C025,Energy,2025-07-30,1290.9,Coal,701.91,683.91,27.08,Sell,134,Disputed,13205.28,Price_Surge,2912.72,0
C044,Energy,2024-08-01,2915.93,Natural Gas,1379.08,1330.08,30.75,Buy,191,Verified,6469.45,Low_Demand,2274.4,1
C010,Cement,2024-09-29,1626.37,Coal,841.08,790.08,21.89,Sell,74,Verified,15445.21,Low_Demand,627.32,0
C088,Energy,2025-12-23,977.51,Renewable,418.88,569.88,25.73,Buy,196,Disputed,18159.2,High_Demand,1795.3,1
C097,Steel,2024-03-27,2461.83,Natural Gas,865.87,682.87,25.18,Sell,177,Disputed,17210.2,Low_Demand,1536.31,0
C084,Manufacturing,2024-04-29,924.24,Natural Gas,311.5,277.5,27.81,Buy,86,Disputed,8319.84,Price_Surge,1246.92,1
C050,Cement,2024-11-05,2082.24,Renewable,970.72,886.72,30.78,Buy,57,Verified,12517.28,Price_Surge,1587.01,1
C093,Cement,2024-06-24,1217.39,Mixed Fuel,856.13,875.13,32.99,Sell,59,Verified,19249.38,Low_Demand,952.91,0
C092,Cement,2024-01-29,1139.57,Renewable,577.23,685.23,27.55,Buy,63,Verified,17077.44,High_Demand,2031.16,1
C080,Cement,2024-06-19,1836.21,Coal,914.41,855.41,29.52,Buy,119,Disputed,11035.55,Price_Surge,2393.57,1
C095,Manufacturing,2024-09-06,1140.79,Coal,773.36,810.36,25.69,Buy,90,Verified,17095.34,Low_Demand,619.46,1
C029,Energy,2024-01-01,1021.14,Coal,538.28,468.28,20.41,Sell,49,Disputed,15500.67,Low_Demand,788.84,0
C015,Cement,2024-11-17,1013.28,Natural Gas,544.6,682.6,30.28,Sell,30,Disputed,13705.43,High_Demand,568.35,0
C007,Manufacturing,2025-06-19,1683.65,Natural Gas,713.78,791.78,23.43,Buy,180,Verified,13005.14,Low_Demand,2605.05,1
C023,Manufacturing,2024-02-28,1529.31,Renewable,1177.53,1221.53,33.99,Sell,106,Verified,11221.21,Low_Demand,2632.52,0
C098,Manufacturing,2024-10-16,2201.14,Mixed Fuel,1339.65,1455.65,29.89,Sell,34,Disputed,18798.44,Low_Demand,2062.03,0
C070,Energy,2024-06-23,2043.73,Mixed Fuel,1358.8,1181.8,30.15,Buy,186,Verified,14289.9,Price_Surge,1171.84,1
C021,Manufacturing,2024-10-31,2867.96,Renewable,1813.18,1796.18,27.94,Sell,100,Verified,14222.57,Price_Surge,2729.94,0
C051,Cement,2025-11-17,1037.3,Coal,552.68,517.68,32.94,Sell,162,Verified,16410.78,Price_Surge,2867.84,0
C100,Manufacturing,2025-11-22,2755.38,Natural Gas,1153.24,1076.24,20.75,Buy,105,Disputed,9519.14,High_Demand,2688.83,1
C047,Cement,2024-05-30,977.07,Coal,579.64,467.64,30.69,Sell,62,Verified,7819.49,Price_Surge,2405.88,0
C020,Energy,2025-10-16,2046.49,Renewable,1014.12,1189.12,28.6,Buy,129,Disputed,19266.15,Price_Surge,2124.57,1
C091,Energy,2025-10-05,2237.03,Renewable,951.68,904.68,23.9,Buy,43,Verified,6143.09,High_Demand,1424.39,1
C062,Energy,2025-03-05,1220.66,Natural Gas,748.99,911.99,21.55,Sell,22,Verified,19562.38,Price_Surge,1826.82,0
C027,Energy,2025-01-21,1675.76,Coal,584.7,562.7,24.46,Buy,199,Verified,17868.09,Low_Demand,2301.88,1
C004,Steel,2025-07-26,1386.56,Natural Gas,563.89,466.89,33.78,Sell,116,Verified,18026.81,Price_Surge,1510.83,0
C054,Steel,2025-10-08,2514.71,Renewable,1964.81,1802.81,27.43,Buy,88,Verified,9929.65,Price_Surge,2297.42,1
C035,Steel,2025-05-27,1656.84,Mixed Fuel,1250.81,1250.81,34.37,Sell,103,Disputed,14137.87,Price_Surge,1484.6,0
C020,Manufacturing,2025-09-18,688.71,Coal,257.36,155.36,27.16,Sell,179,Disputed,16554.5,Low_Demand,2237.11,0
C044,Manufacturing,2024-05-29,2894.93,Mixed Fuel,1539.58,1392.58,28.74,Buy,59,Verified,17237.65,Price_Surge,2131.83,1
C027,Manufacturing,2024-12-23,2770.37,Renewable,1499.69,1367.69,29.66,Sell,124,Verified,13805.48,Low_Demand,2809.52,0
C069,Energy,2025-03-10,2646.82,Mixed Fuel,1001.58,923.58,26.77,Buy,100,Disputed,12792.59,Low_Demand,1629.33,1
C060,Cement,2025-04-23,505.34,Mixed Fuel,219.64,263.64,32.68,Sell,37,Verified,12730.89,High_Demand,1891.96,0
C040,Steel,2024-11-30,2599.82,Natural Gas,1331.42,1373.42,24.37,Sell,67,Disputed,15364.37,Price_Surge,1270.22,0
C097,Cement,2025-10-18,1297.37,Natural Gas,754.33,660.33,25.39,Buy,138,Disputed,6590.76,High_Demand,1701.27,1
C047,Cement,2024-05-23,1057.09,Coal,342.05,179.05,21.9,Sell,159,Verified,12176.28,Low_Demand,2746.15,0
C047,Steel,2024-03-30,2188.89,Renewable,1050.78,979.78,22.38,Buy,150,Disputed,6696.15,Price_Surge,2151.46,1
C023,Energy,2025-12-14,1477.59,Mixed Fuel,979.5,964.5,32.39,Sell,53,Disputed,8885.84,High_Demand,533.07,0
C017,Steel,2024-06-06,2540.53,Renewable,1792.78,1640.78,22.49,Buy,54,Verified,15280.8,Price_Surge,1669.13,1
C014,Energy,2025-04-22,1999.98,Coal,1393.97,1374.97,25.21,Sell,54,Verified,8537.36,High_Demand,1561.88,0
C093,Manufacturing,2025-12-22,2079.16,Mixed Fuel,641.04,780.04,32.17,Sell,175,Disputed,11069.73,Price_Surge,1173.81,0
C029,Steel,2025-10-08,2157.87,Mixed Fuel,1286.1,1231.1,23.3,Buy,135,Verified,11870.21,Price_Surge,583.6,1
C045,Energy,2025-08-05,2878.05,Renewable,1106.0,1103.0,34.55,Sell,124,Verified,12426.37,Low_Demand,2638.54,0
C028,Cement,2025-02-06,1696.79,Renewable,1103.22,954.22,23.2,Sell,70,Verified,16293.83,Low_Demand,1594.96,0
C076,Cement,2024-07-04,1733.3,Mixed Fuel,648.69,566.69,26.38,Sell,129,Disputed,8137.35,High_Demand,1908.84,0
C044,Manufacturing,2024-02-02,1517.7,Mixed Fuel,982.79,843.79,21.95,Sell,180,Verified,18208.29,High_Demand,2509.8,0
C034,Energy,2024-07-19,2148.9,Natural Gas,1161.2,978.2,34.98,Buy,162,Verified,9041.65,High_Demand,1793.66,1
C049,Energy,2024-04-30,1359.51,Mixed Fuel,613.7,747.7,31.71,Sell,27,Disputed,10818.48,Low_Demand,2592.61,0
C073,Cement,2025-12-05,1209.06,Natural Gas,711.86,818.86,26.7,Sell,139,Disputed,7062.21,Price_Surge,1898.97,0
C035,Steel,2024-08-21,1109.07,Coal,461.27,435.27,29.88,Sell,114,Verified,15545.46,Low_Demand,2851.95,0
C044,Steel,2024-07-28,2192.22,Mixed Fuel,751.19,848.19,25.28,Buy,184,Verified,14842.01,Low_Demand,1994.88,1
C011,Manufacturing,2025-01-12,653.07,Mixed Fuel,492.97,638.97,31.54,Buy,117,Disputed,13388.52,Price_Surge,2674.13,1
C063,Manufacturing,2025-12-19,2098.84,Coal,822.39,674.39,30.81,Buy,165,Verified,18544.68,Low_Demand,2372.14,1
C005,Cement,2025-12-25,647.67,Coal,227.08,41.08000000000001,25.32,Buy,42,Verified,8850.48,Low_Demand,1680.79,1
C081,Cement,2025-07-26,909.86,Mixed Fuel,621.88,591.88,27.61,Sell,94,Verified,6413.74,Price_Surge,1629.42,0
C064,Manufacturing,2024-03-27,1682.29,Natural Gas,607.71,695.71,34.62,Sell,147,Verified,7263.69,Low_Demand,914.54,0
C054,Energy,2025-11-11,2148.18,Coal,1383.1,1571.1,22.02,Sell,37,Verified,7126.5,Price_Surge,2015.17,0
C054,Manufacturing,2024-03-04,1702.48,Natural Gas,850.81,696.81,29.04,Buy,25,Disputed,15219.54,Low_Demand,2772.59,1
C056,Cement,2025-12-22,828.13,Mixed Fuel,398.73,393.73,31.11,Sell,38,Disputed,16041.37,Low_Demand,2813.58,0
C088,Steel,2024-07-09,1623.44,Natural Gas,558.32,744.32,28.79,Buy,31,Verified,12540.78,Low_Demand,2212.44,1
C079,Cement,2024-05-05,2061.73,Mixed Fuel,1558.05,1421.05,28.49,Buy,113,Verified,15832.86,Price_Surge,1751.6,1
C029,Steel,2024-03-01,1589.41,Renewable,557.58,380.58000000000004,22.25,Buy,32,Verified,11449.38,Price_Surge,618.63,1
C003,Steel,2025-04-21,2054.56,Mixed Fuel,1346.95,1459.95,28.16,Sell,198,Verified,12450.69,Price_Surge,1243.91,0
C095,Steel,2025-10-05,1041.59,Renewable,441.66,581.6600000000001,25.31,Buy,74,Disputed,19152.43,High_Demand,1095.87,1
C077,Steel,2025-06-01,1458.62,Coal,1025.58,1155.58,20.87,Sell,131,Disputed,13248.51,Low_Demand,677.37,0
C069,Steel,2024-10-25,2930.16,Natural Gas,2343.45,2374.45,29.01,Buy,135,Verified,16369.33,High_Demand,1119.79,1
C093,Energy,2024-07-16,2789.74,Mixed Fuel,873.68,923.68,25.06,Sell,95,Verified,16386.0,Low_Demand,850.38,0
C094,Energy,2025-12-27,1612.08,Renewable,600.03,703.03,27.29,Sell,142,Disputed,18160.4,Price_Surge,1699.03,0
C010,Manufacturing,2024-01-05,2053.32,Natural Gas,808.56,981.56,32.79,Buy,111,Verified,5558.14,Low_Demand,1908.11,1
C098,Energy,2024-12-27,1954.57,Natural Gas,764.03,632.03,29.75,Sell,153,Verified,11612.63,Price_Surge,745.62,0
C090,Cement,2024-01-20,1096.53,Renewable,736.87,700.87,33.82,Buy,32,Verified,13364.85,Low_Demand,936.5,1
C078,Manufacturing,2025-06-27,2773.79,Renewable,875.04,1005.04,24.95,Sell,52,Verified,12687.89,Price_Surge,1547.22,0
C028,Cement,2025-07-24,1430.47,Mixed Fuel,603.3,801.3,24.9,Buy,80,Verified,8112.28,High_Demand,2668.56,1
C100,Cement,2025-06-28,2321.7,Natural Gas,818.19,958.19,20.87,Buy,125,Disputed,17033.67,Low_Demand,1158.09,1
C039,Manufacturing,2025-06-14,1906.36,Mixed Fuel,1420.57,1361.57,21.16,Sell,80,Disputed,17644.8,High_Demand,2514.04,0
C041,Manufacturing,2024-09-23,651.4,Coal,471.71,348.71,32.73,Sell,38,Disputed,12985.33,Low_Demand,2818.66,0
C083,Steel,2025-06-27,1328.75,Mixed Fuel,705.62,838.62,29.17,Sell,169,Verified,7524.16,Price_Surge,2310.16,0
C080,Manufacturing,2024-01-26,2666.54,Coal,1266.62,1108.62,28.61,Buy,195,Verified,18078.12,High_Demand,1858.26,1
C059,Cement,2024-08-21,2605.25,Renewable,1637.76,1709.76,34.82,Buy,167,Disputed,7256.74,Low_Demand,1126.57,1
C093,Energy,2025-09-27,1627.01,Mixed Fuel,1142.56,1044.56,23.61,Buy,45,Verified,12671.77,High_Demand,2319.99,1
C071,Energy,2025-01-13,1203.45,Coal,610.96,549.96,28.14,Sell,155,Verified,15288.25,Low_Demand,2561.61,0
C045,Energy,2024-12-30,2360.07,Natural Gas,1672.43,1649.43,21.83,Buy,131,Disputed,10163.41,High_Demand,2486.31,1
C087,Steel,2025-04-20,2231.04,Natural Gas,1208.14,1275.14,30.0,Buy,61,Disputed,5706.29,Low_Demand,1998.31,1
C021,Manufacturing,2025-09-02,2852.12,Renewable,1411.55,1466.55,25.13,Sell,153,Disputed,17701.37,Low_Demand,1662.64,0
C083,Cement,2024-12-15,2890.07,Coal,1336.86,1255.86,24.0,Sell,22,Verified,13167.96,Price_Surge,1254.02,0
C085,Cement,2024-01-28,2882.08,Renewable,990.57,1132.5700000000002,25.48,Buy,171,Verified,14426.99,High_Demand,1491.1,1
C031,Manufacturing,2025-09-28,1593.57,Mixed Fuel,1027.76,996.76,25.09,Sell,27,Disputed,17106.68,High_Demand,1268.53,0
C034,Cement,2025-07-16,727.8,Natural Gas,575.98,629.98,26.45,Sell,175,Verified,19992.79,Price_Surge,1846.18,0
C080,Manufacturing,2024-09-29,1790.39,Coal,814.57,718.57,29.7,Sell,56,Disputed,10843.99,Price_Surge,2876.61,0
C007,Energy,2025-07-25,2371.45,Coal,1820.28,1915.28,21.07,Buy,132,Verified,8756.01,High_Demand,2798.2,1
C061,Cement,2024-06-29,2435.84,Mixed Fuel,1064.46,1232.46,22.43,Sell,41,Disputed,5244.17,Price_Surge,2153.34,0
C097,Steel,2025-09-24,2493.33,Natural Gas,1617.08,1714.08,23.93,Sell,103,Disputed,6138.17,Low_Demand,753.04,0
C086,Cement,2025-05-15,1511.04,Renewable,1002.51,952.51,33.31,Buy,63,Verified,12812.09,High_Demand,2313.23,1
C078,Manufacturing,2024-10-07,2899.8,Coal,2263.23,2352.23,22.83,Sell,162,Verified,11011.26,Price_Surge,2040.74,0
C055,Manufacturing,2025-08-30,1982.93,Renewable,886.55,1040.55,31.73,Buy,40,Verified,10579.01,Price_Surge,2735.1,1
C085,Energy,2025-01-28,2572.98,Natural Gas,2044.9,2213.9,25.83,Buy,155,Verified,19678.4,Low_Demand,1720.23,1
C018,Manufacturing,2024-10-13,561.05,Mixed Fuel,207.46,238.46,24.79,Sell,101,Disputed,9037.99,Price_Surge,1449.89,0
C030,Manufacturing,2025-09-15,2305.73,Coal,1236.01,1216.01,29.6,Buy,84,Verified,10230.72,Price_Surge,713.91,1
C029,Energy,2024-06-13,946.46,Renewable,676.93,797.93,27.13,Sell,47,Disputed,5830.13,Price_Surge,2023.55,0
C025,Steel,2024-07-12,2791.73,Coal,1673.84,1611.84,29.51,Sell,88,Disputed,6755.25,Price_Surge,1386.76,0
C045,Manufacturing,2025-10-13,1945.84,Mixed Fuel,888.79,853.79,32.25,Buy,168,Verified,10290.92,Low_Demand,1439.86,1
C084,Energy,2025-02-08,723.56,Coal,392.11,542.11,34.48,Sell,64,Disputed,10263.38,Price_Surge,698.73,0
C028,Cement,2025-07-25,1432.33,Renewable,714.93,714.93,20.96,Buy,86,Verified,6363.04,Price_Surge,1517.91,1
C027,Cement,2024-06-16,2048.9,Mixed Fuel,860.35,928.35,22.47,Sell,23,Verified,13895.47,Price_Surge,1952.87,0
C069,Energy,2024-03-11,957.27,Coal,424.68,297.68,20.45,Sell,171,Disputed,16133.3,High_Demand,2893.01,0
C083,Energy,2025-04-14,2358.3,Renewable,1418.36,1594.36,21.79,Sell,125,Verified,17587.14,Low_Demand,1144.87,0
C070,Manufacturing,2025-12-09,1470.87,Natural Gas,851.58,822.58,22.91,Buy,84,Disputed,10257.75,High_Demand,2436.04,1
C029,Steel,2024-04-13,2973.27,Natural Gas,1668.99,1474.99,30.01,Buy,199,Verified,9669.69,Low_Demand,1916.69,1
C042,Steel,2024-01-20,2883.02,Mixed Fuel,2023.0,2078.0,33.93,Sell,66,Disputed,10980.3,Price_Surge,2853.54,0
C076,Energy,2024-04-25,1160.01,Natural Gas,373.39,427.39,32.82,Sell,54,Disputed,16038.55,High_Demand,2745.23,0
C061,Cement,2025-12-30,1594.76,Coal,1183.76,1078.76,22.1,Sell,187,Disputed,11487.24,High_Demand,2970.95,0
C063,Cement,2024-02-05,1713.95,Mixed Fuel,984.98,792.98,34.53,Buy,83,Disputed,12672.05,High_Demand,1281.19,1
C015,Steel,2024-01-26,2496.85,Renewable,1732.49,1582.49,34.37,Buy,73,Verified,12439.21,Low_Demand,2162.83,1
C056,Manufacturing,2025-06-06,2607.36,Renewable,2011.5,2206.5,34.02,Buy,55,Verified,16173.95,High_Demand,1732.06,1
C014,Cement,2025-12-16,562.27,Natural Gas,237.52,374.52,25.68,Sell,196,Verified,15240.06,High_Demand,994.27,0
C042,Steel,2024-09-24,943.91,Natural Gas,690.61,557.61,33.83,Buy,114,Disputed,11625.07,High_Demand,515.83,1
C093,Energy,2024-07-11,1721.76,Coal,1188.91,1277.91,29.08,Buy,162,Disputed,15166.06,Low_Demand,1450.74,1
C001,Manufacturing,2025-08-31,1177.45,Natural Gas,726.15,861.15,27.09,Buy,53,Verified,5130.18,High_Demand,2670.48,1
C053,Steel,2024-08-21,1806.58,Renewable,1344.21,1263.21,21.61,Buy,21,Verified,16767.85,Price_Surge,2568.76,1
C085,Cement,2024-01-28,2020.15,Mixed Fuel,772.4,801.4,28.97,Buy,20,Verified,5979.03,High_Demand,1975.05,1
C080,Cement,2024-02-27,1763.02,Coal,809.09,809.09,29.59,Sell,52,Verified,14936.1,High_Demand,2153.86,0
C049,Energy,2025-10-04,2975.02,Coal,1421.84,1391.84,26.06,Sell,96,Disputed,9128.46,Price_Surge,2731.53,0
C049,Manufacturing,2024-02-29,2705.15,Mixed Fuel,1850.85,1752.85,25.16,Sell,142,Disputed,16169.96,High_Demand,1493.64,0
C054,Manufacturing,2025-06-12,2830.9,Mixed Fuel,1292.26,1235.26,23.03,Buy,168,Disputed,18889.23,Price_Surge,1062.36,1
C085,Steel,2024-09-22,2438.45,Natural Gas,1085.72,975.72,33.16,Sell,146,Disputed,14832.83,Price_Surge,2316.66,0
C041,Cement,2024-10-15,2730.33,Coal,1807.84,1886.84,30.41,Sell,196,Verified,7016.47,Low_Demand,703.03,0
C071,Steel,2025-01-17,798.43,Natural Gas,462.24,532.24,22.54,Sell,168,Disputed,11915.72,High_Demand,2867.16,0
C018,Steel,2025-04-15,673.56,Natural Gas,206.95,179.95,21.31,Sell,79,Verified,10179.36,Price_Surge,2241.07,0
C055,Manufacturing,2024-06-30,899.97,Coal,536.57,643.57,20.23,Sell,164,Verified,13884.84,Price_Surge,1505.9,0
C045,Cement,2025-10-27,1697.32,Mixed Fuel,928.87,731.87,31.57,Sell,62,Disputed,9014.47,Price_Surge,1273.68,0
C062,Cement,2024-02-25,2447.74,Renewable,1321.42,1257.42,30.51,Sell,190,Disputed,9935.85,High_Demand,721.41,0
C053,Energy,2025-04-13,2229.97,Mixed Fuel,1055.26,1004.26,31.44,Buy,109,Verified,19212.61,Price_Surge,1009.9,1
C083,Manufacturing,2024-07-20,1790.32,Natural Gas,598.16,604.16,28.62,Buy,183,Disputed,10754.98,Price_Surge,667.85,1
C060,Cement,2024-01-12,2332.84,Renewable,898.11,843.11,28.1,Sell,53,Disputed,6380.75,High_Demand,1582.04,0
C088,Manufacturing,2025-07-28,2960.48,Mixed Fuel,924.81,1064.81,23.82,Sell,96,Disputed,14918.13,High_Demand,2436.21,0
C030,Manufacturing,2025-09-07,1613.66,Renewable,906.84,814.84,33.1,Buy,121,Verified,18800.08,Low_Demand,2388.04,1
C013,Cement,2024-09-18,2618.46,Coal,1697.41,1673.41,30.18,Buy,113,Verified,13367.15,High_Demand,1710.9,1
C053,Energy,2024-02-09,1102.52,Renewable,603.11,665.11,25.99,Sell,181,Disputed,18174.95,Low_Demand,2313.09,0
C090,Manufacturing,2024-03-23,971.28,Coal,690.31,838.31,28.6,Sell,177,Disputed,15864.56,High_Demand,1952.67,0
C010,Manufacturing,2025-05-26,1933.67,Coal,1302.67,1497.67,20.0,Buy,166,Verified,14902.81,Price_Surge,2346.68,1
C024,Cement,2024-11-30,1026.47,Mixed Fuel,330.84,171.83999999999997,24.32,Buy,170,Disputed,15553.46,Price_Surge,1757.29,1
C097,Steel,2024-11-04,2007.26,Coal,964.91,1085.9099999999999,22.57,Sell,199,Verified,14952.91,Low_Demand,2557.97,0
C099,Energy,2024-09-24,569.57,Mixed Fuel,358.24,470.24,22.34,Buy,40,Disputed,17409.46,Price_Surge,515.0,1
C084,Steel,2024-09-16,1716.36,Mixed Fuel,1250.87,1288.87,33.26,Sell,109,Verified,5323.68,Low_Demand,2147.22,0
C070,Cement,2025-10-08,1160.85,Coal,743.59,822.59,24.84,Sell,130,Verified,7574.81,Price_Surge,2165.7,0
C026,Manufacturing,2025-12-06,853.43,Renewable,625.07,699.07,27.61,Sell,150,Disputed,6400.02,Low_Demand,1361.43,0
C045,Steel,2024-05-07,1063.59,Coal,761.76,694.76,25.66,Sell,169,Verified,6291.38,High_Demand,804.78,0
C080,Steel,2024-11-01,2159.75,Natural Gas,1506.48,1409.48,26.56,Sell,194,Verified,8592.56,Low_Demand,1621.12,0
C095,Energy,2024-06-29,2247.79,Renewable,1511.46,1565.46,31.13,Buy,140,Verified,15550.52,Price_Surge,1554.02,1
C058,Energy,2025-06-06,831.15,Mixed Fuel,644.62,563.62,26.0,Sell,91,Verified,13751.11,Low_Demand,1387.16,0
C088,Energy,2025-06-08,1193.15,Coal,422.31,389.31,31.28,Buy,96,Verified,8305.9,Low_Demand,1620.65,1
C050,Manufacturing,2025-06-09,1081.92,Natural Gas,821.33,998.33,30.26,Buy,169,Disputed,6907.3,Low_Demand,2946.6,1
C083,Manufacturing,2024-06-15,1657.23,Natural Gas,831.01,921.01,21.81,Buy,138,Disputed,11234.9,Low_Demand,708.83,1
C012,Energy,2024-11-21,1002.78,Mixed Fuel,363.18,295.18,34.82,Sell,185,Disputed,12793.26,Low_Demand,2846.2,0
C070,Energy,2024-05-30,2880.94,Mixed Fuel,1805.14,1922.14,28.99,Sell,63,Disputed,18290.45,Price_Surge,609.68,0
C027,Cement,2025-06-01,1262.59,Mixed Fuel,550.97,737.97,27.07,Sell,89,Verified,13094.7,Low_Demand,894.53,0
C090,Energy,2025-10-31,1081.86,Natural Gas,748.3,678.3,30.42,Buy,133,Verified,15668.72,Price_Surge,1464.74,1
C029,Manufacturing,2025-09-23,1916.79,Natural Gas,714.38,632.38,34.98,Sell,99,Verified,16888.97,High_Demand,926.04,0
C016,Energy,2024-08-19,2163.98,Mixed Fuel,867.29,816.29,34.59,Buy,142,Disputed,10212.98,High_Demand,612.94,1
C081,Cement,2025-11-15,2868.45,Coal,1290.4,1482.4,21.98,Buy,53,Disputed,18247.06,Low_Demand,2850.79,1
C090,Energy,2024-06-01,1650.75,Renewable,591.5,646.5,22.5,Sell,36,Disputed,11802.2,Low_Demand,513.69,0
C064,Manufacturing,2025-05-12,1487.87,Renewable,1119.8,1307.8,29.79,Buy,179,Verified,7799.64,High_Demand,954.95,1
C084,Cement,2025-10-25,1221.27,Natural Gas,551.12,591.12,28.71,Sell,33,Verified,13801.73,Low_Demand,1946.04,0
C003,Energy,2025-03-16,2046.76,Mixed Fuel,1069.92,1143.92,34.53,Sell,51,Verified,8611.93,Low_Demand,2275.22,0
C094,Energy,2025-06-10,565.99,Mixed Fuel,232.56,218.56,24.73,Buy,174,Verified,11496.24,Low_Demand,2127.75,1
C043,Manufacturing,2024-03-31,2770.64,Coal,1868.4,1874.4,24.08,Sell,84,Disputed,11248.58,Low_Demand,1703.85,0
C075,Steel,2024-02-11,780.67,Mixed Fuel,238.54,278.53999999999996,24.48,Sell,34,Disputed,5067.23,Low_Demand,2011.8,0
C060,Cement,2025-05-29,587.09,Coal,212.8,223.8,22.79,Buy,190,Disputed,6381.91,Low_Demand,2560.83,1
C078,Cement,2025-12-17,2159.73,Coal,1507.46,1658.46,33.74,Buy,190,Disputed,16948.01,High_Demand,2467.65,1
C069,Energy,2024-10-17,1896.88,Natural Gas,1282.91,1334.91,32.23,Buy,28,Verified,16346.03,Low_Demand,2959.13,1
C079,Energy,2025-12-29,717.1,Renewable,292.11,404.11,31.43,Buy,185,Verified,9247.81,Low_Demand,2487.34,1
C085,Energy,2024-11-17,2204.3,Renewable,980.67,902.67,28.3,Buy,183,Disputed,12283.53,High_Demand,969.71,1
C034,Manufacturing,2024-08-04,824.13,Natural Gas,444.8,540.8,24.72,Sell,180,Disputed,7241.38,Low_Demand,2361.89,0
C030,Steel,2024-10-12,2760.55,Coal,1863.86,2046.86,24.84,Buy,176,Verified,17685.5,Price_Surge,1653.69,1
C030,Cement,2024-08-06,1717.75,Coal,1331.21,1214.21,26.9,Sell,53,Verified,18950.95,Price_Surge,2488.05,0
C043,Steel,2025-11-19,2408.83,Renewable,977.55,841.55,34.71,Sell,153,Disputed,18530.85,Low_Demand,2623.77,0
C081,Manufacturing,2025-10-10,727.52,Renewable,346.98,434.98,21.65,Sell,45,Verified,19739.6,High_Demand,1372.46,0
C002,Cement,2025-12-21,858.8,Mixed Fuel,552.04,389.03999999999996,26.98,Sell,191,Disputed,8933.89,Low_Demand,803.89,0
C058,Cement,2024-01-17,616.34,Coal,361.76,537.76,32.28,Sell,167,Verified,10032.73,Price_Surge,1426.74,0
C098,Energy,2025-05-19,2742.18,Renewable,1306.65,1387.65,28.16,Sell,143,Verified,18960.21,Price_Surge,1582.68,0
C014,Energy,2025-09-25,2002.04,Natural Gas,756.13,674.13,24.49,Buy,60,Disputed,13046.46,High_Demand,2170.65,1
C003,Cement,2025-06-22,1461.45,Coal,630.56,597.56,23.18,Buy,133,Verified,9924.8,Low_Demand,2286.09,1
C011,Cement,2024-09-18,1267.71,Mixed Fuel,787.07,837.07,33.36,Buy,191,Disputed,5493.79,Price_Surge,2205.71,1
C076,Energy,2024-12-10,2454.99,Mixed Fuel,949.51,753.51,32.41,Buy,188,Disputed,18382.81,Low_Demand,654.43,1
C067,Manufacturing,2025-03-21,1174.41,Mixed Fuel,788.97,767.97,27.51,Sell,81,Verified,18424.86,Price_Surge,2524.53,0
C083,Energy,2024-10-28,2445.01,Mixed Fuel,845.94,777.94,22.51,Buy,93,Disputed,9015.08,Price_Surge,554.4,1
C038,Energy,2025-03-25,1927.58,Coal,1238.56,1366.56,31.67,Buy,121,Verified,12867.34,High_Demand,1433.17,1
C064,Manufacturing,2025-08-29,1261.41,Coal,617.83,600.83,30.09,Buy,153,Disputed,10821.93,Low_Demand,2876.12,1
C081,Manufacturing,2024-08-19,1861.56,Renewable,865.16,799.16,25.03,Buy,158,Disputed,15588.96,Price_Surge,753.77,1
C076,Energy,2024-02-07,1424.55,Mixed Fuel,546.13,387.13,20.81,Buy,51,Disputed,16760.67,Price_Surge,1016.11,1
C085,Manufacturing,2025-01-04,2497.09,Natural Gas,774.51,909.51,31.52,Sell,36,Verified,19998.2,Low_Demand,2417.58,0
C069,Energy,2025-03-26,2159.06,Coal,1329.54,1283.54,32.64,Sell,192,Verified,7814.58,Low_Demand,1987.45,0
C028,Energy,2024-06-26,1729.12,Renewable,1326.8,1218.8,33.17,Buy,102,Verified,9823.02,Price_Surge,2956.9,1
C077,Energy,2025-06-19,2188.41,Coal,1345.09,1249.09,33.8,Sell,172,Verified,13274.2,Price_Surge,2570.89,0
C062,Steel,2024-02-08,1814.71,Mixed Fuel,688.12,630.12,33.52,Sell,59,Verified,15297.03,Low_Demand,2564.17,0
C075,Manufacturing,2024-04-12,647.98,Natural Gas,220.88,397.88,26.0,Sell,40,Disputed,9390.07,Low_Demand,2108.1,0
C026,Energy,2025-07-12,1378.78,Coal,916.87,833.87,22.43,Buy,84,Verified,9860.3,High_Demand,2300.3,1
C086,Steel,2025-01-31,1542.68,Renewable,670.96,643.96,31.79,Sell,132,Verified,11703.06,Low_Demand,2687.95,0
C062,Energy,2024-05-29,1331.75,Mixed Fuel,933.75,762.75,28.68,Buy,155,Disputed,6662.11,Low_Demand,2425.79,1
C042,Manufacturing,2024-10-24,1575.41,Mixed Fuel,974.02,789.02,23.67,Sell,71,Disputed,19400.25,Price_Surge,2593.45,0
C020,Energy,2025-02-05,1641.7,Mixed Fuel,1093.17,1273.17,22.52,Buy,144,Verified,14787.16,Price_Surge,1368.61,1
C045,Manufacturing,2024-01-09,560.41,Mixed Fuel,252.67,430.66999999999996,34.2,Sell,153,Disputed,5798.29,High_Demand,960.25,0
C060,Energy,2024-03-06,2161.26,Mixed Fuel,960.76,859.76,20.38,Buy,35,Verified,14395.85,Low_Demand,993.73,1
C097,Cement,2024-09-20,1889.88,Natural Gas,624.95,506.95000000000005,27.21,Buy,150,Disputed,19770.31,High_Demand,745.73,1
C031,Energy,2025-09-23,1727.2,Renewable,726.75,697.75,30.67,Buy,195,Verified,9748.73,Price_Surge,1690.33,1
C036,Energy,2024-06-09,1316.14,Natural Gas,550.76,371.76,34.19,Sell,89,Verified,16966.86,Price_Surge,2801.78,0
C054,Energy,2024-12-17,649.04,Mixed Fuel,429.63,282.63,32.0,Sell,196,Disputed,9073.02,High_Demand,1578.94,0
C035,Cement,2024-08-16,1142.62,Natural Gas,698.18,551.18,28.07,Buy,107,Verified,11173.42,High_Demand,1811.41,1
C084,Cement,2025-07-10,2284.16,Renewable,1086.16,1043.16,27.38,Buy,66,Disputed,18308.0,High_Demand,743.54,1
C058,Manufacturing,2024-08-14,2219.43,Natural Gas,891.92,850.92,24.0,Sell,183,Verified,18797.25,Price_Surge,1485.36,0
C081,Energy,2025-07-01,1501.04,Natural Gas,880.8,796.8,28.45,Sell,189,Disputed,19613.44,High_Demand,2889.96,0
C092,Manufacturing,2025-04-26,1881.67,Mixed Fuel,786.46,687.46,30.57,Buy,66,Disputed,18981.28,Price_Surge,1738.9,1
C061,Energy,2024-11-28,703.56,Natural Gas,241.98,396.98,24.67,Sell,122,Verified,10329.75,High_Demand,2616.54,0
C065,Energy,2024-02-05,1436.74,Mixed Fuel,573.91,410.90999999999997,21.43,Buy,62,Verified,9175.74,Low_Demand,2204.16,1
C084,Energy,2024-03-15,2508.84,Mixed Fuel,1232.84,1306.84,31.93,Sell,191,Disputed,7993.09,Low_Demand,875.38,0
C011,Steel,2024-09-22,2188.86,Natural Gas,1041.29,1091.29,32.03,Buy,41,Verified,18729.82,Price_Surge,2234.44,1
C028,Energy,2025-04-04,1061.15,Mixed Fuel,786.57,729.57,29.18,Buy,53,Verified,19739.61,Low_Demand,2367.86,1
C085,Energy,2024-03-03,2345.47,Renewable,910.92,1005.92,28.47,Sell,52,Verified,10316.52,High_Demand,1936.01,0
C018,Cement,2024-05-08,2362.23,Mixed Fuel,1050.24,973.24,28.13,Buy,196,Verified,13618.65,High_Demand,1172.68,1
C066,Manufacturing,2025-05-25,1036.99,Coal,660.52,788.52,22.55,Sell,159,Verified,9303.96,High_Demand,763.79,0
C072,Cement,2024-03-29,858.39,Mixed Fuel,413.38,598.38,28.14,Sell,118,Disputed,18571.69,Low_Demand,2303.21,0
C050,Steel,2024-03-04,2233.09,Renewable,1225.0,1186.0,33.36,Buy,94,Verified,6527.09,High_Demand,2177.4,1
C019,Manufacturing,2024-06-16,1570.37,Renewable,1194.96,1285.96,21.59,Sell,26,Disputed,8332.26,High_Demand,777.11,0
C016,Energy,2024-09-29,537.57,Coal,195.69,6.689999999999998,33.22,Sell,102,Disputed,7629.53,Price_Surge,945.73,0
C067,Energy,2025-06-19,2293.45,Mixed Fuel,1776.48,1728.48,23.52,Buy,114,Disputed,8843.03,High_Demand,693.77,1
C089,Steel,2025-12-03,930.57,Natural Gas,615.55,540.55,25.69,Sell,84,Verified,12382.25,High_Demand,965.8,0
C089,Steel,2024-05-02,1272.45,Coal,557.48,438.48,34.1,Buy,79,Disputed,7117.26,Price_Surge,2993.19,1
C022,Steel,2025-08-28,2106.89,Mixed Fuel,1441.72,1480.72,32.75,Sell,74,Disputed,18006.72,Low_Demand,2574.89,0
C039,Energy,2025-11-15,1006.66,Mixed Fuel,726.04,693.04,33.97,Sell,183,Verified,10081.27,Low_Demand,1331.61,0
C011,Manufacturing,2024-04-29,2928.18,Natural Gas,1807.51,1983.51,25.11,Sell,66,Disputed,13224.46,Price_Surge,1254.81,0
C077,Manufacturing,2024-09-26,928.32,Renewable,525.28,341.28,28.62,Sell,53,Disputed,12860.61,High_Demand,2167.47,0
C052,Steel,2025-10-23,1502.26,Renewable,461.9,409.9,28.76,Buy,185,Verified,14192.19,Low_Demand,2051.7,1
C006,Steel,2025-02-17,1876.13,Mixed Fuel,1261.48,1096.48,26.43,Sell,38,Verified,11348.61,Low_Demand,668.16,0
C078,Steel,2024-02-22,1617.97,Natural Gas,901.73,1007.73,22.88,Sell,76,Disputed,14353.54,High_Demand,2395.56,0
C094,Manufacturing,2024-04-11,689.45,Coal,213.81,283.81,27.73,Sell,118,Verified,19919.69,Low_Demand,992.4,0
C067,Steel,2025-08-01,1865.94,Coal,1129.88,1143.88,31.61,Sell,26,Disputed,11927.83,High_Demand,641.9,0
C008,Energy,2024-08-24,2234.77,Coal,987.96,1078.96,29.62,Sell,39,Disputed,11293.4,Low_Demand,1232.16,0
C088,Steel,2025-06-16,1262.04,Coal,791.74,816.74,27.79,Buy,165,Disputed,12596.71,High_Demand,941.38,1
C023,Manufacturing,2025-05-21,2702.66,Natural Gas,1893.38,1775.38,26.25,Sell,193,Verified,14480.06,Low_Demand,1215.11,0
C083,Cement,2025-04-10,1797.56,Renewable,841.8,952.8,32.33,Sell,79,Disputed,8614.97,Price_Surge,2463.48,0
C011,Steel,2024-08-26,2405.02,Natural Gas,1722.32,1728.32,33.06,Sell,49,Verified,14378.81,Low_Demand,1017.08,0
C031,Steel,2024-08-05,805.39,Mixed Fuel,450.69,429.69,24.82,Sell,137,Disputed,12320.37,Price_Surge,881.11,0
C034,Cement,2025-06-09,767.95,Natural Gas,467.34,500.34,20.22,Buy,38,Disputed,11433.16,High_Demand,1269.24,1
C011,Manufacturing,2025-12-30,812.45,Coal,269.43,290.43,24.43,Sell,148,Verified,9430.88,Low_Demand,2193.35,0
C043,Manufacturing,2024-05-27,820.66,Renewable,501.93,664.9300000000001,28.27,Sell,76,Verified,14303.56,Price_Surge,1741.68,0
C080,Manufacturing,2024-07-15,1872.81,Natural Gas,845.11,649.11,23.42,Buy,177,Disputed,9561.7,Price_Surge,1846.54,1
C023,Energy,2024-07-08,1940.33,Mixed Fuel,1371.75,1340.75,29.62,Sell,131,Disputed,5549.14,Low_Demand,1147.52,0
C053,Steel,2025-05-20,2712.7,Coal,918.87,1001.87,31.95,Buy,136,Disputed,6419.1,High_Demand,786.29,1
C013,Manufacturing,2024-05-15,1821.41,Mixed Fuel,1000.64,1066.6399999999999,31.3,Sell,92,Disputed,17615.65,High_Demand,2079.65,0
C097,Energy,2025-06-15,1078.68,Renewable,587.52,603.52,34.84,Buy,66,Disputed,8067.9,Low_Demand,852.49,1
C065,Steel,2024-05-21,2834.06,Coal,1142.75,1116.75,23.31,Buy,35,Verified,11390.1,Low_Demand,2272.31,1
C043,Cement,2024-02-10,1784.56,Natural Gas,1080.16,1214.16,32.58,Sell,44,Disputed,15548.19,Low_Demand,1821.58,0
C034,Energy,2024-06-08,1524.09,Natural Gas,1075.52,949.52,30.69,Sell,43,Verified,10863.32,Low_Demand,2594.47,0
C062,Energy,2025-12-18,964.41,Renewable,588.01,597.01,22.18,Buy,46,Verified,15974.89,Low_Demand,2589.58,1
C060,Cement,2024-10-18,1916.3,Natural Gas,1055.2,1046.2,33.11,Sell,187,Disputed,15157.17,Low_Demand,1539.44,0
C099,Manufacturing,2024-09-05,1813.3,Mixed Fuel,1062.75,1117.75,32.74,Buy,81,Disputed,14052.16,Price_Surge,2301.06,1
C072,Cement,2024-10-28,1523.64,Coal,984.72,1003.72,29.41,Buy,124,Disputed,11980.37,Low_Demand,2703.72,1
C070,Cement,2025-04-03,1802.09,Mixed Fuel,567.09,634.09,23.45,Sell,78,Disputed,18391.88,Price_Surge,1356.32,0
C031,Steel,2025-01-06,2304.47,Mixed Fuel,1198.2,1220.2,24.22,Buy,144,Verified,12892.25,Price_Surge,1586.21,1
C007,Cement,2024-01-18,609.74,Renewable,377.18,179.18,32.64,Buy,54,Verified,13475.59,Price_Surge,902.69,1
C044,Steel,2025-02-20,1873.28,Renewable,776.67,950.67,25.13,Buy,143,Disputed,10324.4,Low_Demand,1644.16,1
C009,Steel,2025-11-25,2359.33,Natural Gas,1810.12,1612.12,31.87,Sell,189,Disputed,6735.01,Price_Surge,2514.18,0
C082,Energy,2024-10-11,839.72,Coal,464.58,349.58,24.85,Sell,140,Verified,6076.47,Low_Demand,1456.57,0
C055,Steel,2025-05-10,2023.7,Mixed Fuel,1499.77,1669.77,30.73,Buy,177,Disputed,14598.79,Price_Surge,1075.81,1
C081,Steel,2025-10-27,1746.44,Natural Gas,1052.4,1010.4000000000001,23.61,Buy,124,Disputed,9109.7,High_Demand,1223.18,1
C062,Energy,2025-12-04,2836.76,Natural Gas,952.37,907.37,24.11,Sell,119,Verified,7277.56,Price_Surge,2259.39,0
C061,Steel,2025-10-01,1043.83,Coal,526.81,366.80999999999995,21.2,Sell,30,Disputed,8449.28,Low_Demand,2020.19,0
C012,Manufacturing,2024-03-01,2564.39,Coal,1350.32,1281.32,29.98,Buy,189,Verified,14348.23,High_Demand,1521.67,1
C011,Energy,2024-06-07,2575.62,Mixed Fuel,1131.16,1100.16,26.31,Buy,169,Disputed,6843.83,High_Demand,2076.24,1
C089,Steel,2024-03-24,1299.01,Renewable,830.99,676.99,30.68,Buy,191,Disputed,5088.33,High_Demand,2889.94,1
C100,Manufacturing,2025-10-04,670.27,Renewable,220.98,251.98,20.85,Buy,102,Disputed,9236.23,Price_Surge,1044.24,1
C012,Manufacturing,2025-12-16,545.69,Natural Gas,327.59,308.59,33.14,Sell,79,Disputed,7674.61,High_Demand,2386.57,0
C006,Steel,2024-09-23,1129.78,Natural Gas,832.83,656.83,34.93,Buy,173,Disputed,10432.59,Low_Demand,2298.34,1
C041,Manufacturing,2024-08-10,2093.04,Mixed Fuel,1116.39,937.3900000000001,34.78,Sell,179,Verified,13719.4,Price_Surge,1609.1,0
C043,Cement,2025-10-24,2474.85,Natural Gas,1685.87,1671.87,26.21,Buy,77,Verified,9471.12,Price_Surge,2549.67,1
C061,Energy,2024-11-19,1777.09,Coal,1143.85,1050.85,32.71,Buy,90,Verified,8401.74,Price_Surge,1803.18,1
C002,Energy,2024-12-21,2010.88,Mixed Fuel,1189.75,1101.75,29.88,Sell,24,Verified,16695.61,Low_Demand,2354.34,0
C088,Manufacturing,2025-06-08,2811.21,Renewable,2114.48,2165.48,31.08,Sell,91,Verified,7298.55,Price_Surge,2551.28,0
C011,Manufacturing,2025-01-03,2694.23,Natural Gas,1437.28,1322.28,26.39,Buy,162,Verified,10345.45,Low_Demand,1150.76,1
C086,Manufacturing,2024-12-05,2499.73,Renewable,1654.92,1758.92,21.95,Sell,121,Disputed,15798.69,Low_Demand,2831.26,0
C098,Manufacturing,2025-04-06,1853.06,Mixed Fuel,1270.32,1347.32,21.32,Buy,200,Verified,11314.4,Low_Demand,1816.38,1
C058,Steel,2024-11-17,1128.41,Renewable,489.18,400.18,21.84,Buy,61,Verified,9251.2,High_Demand,1614.17,1
C091,Manufacturing,2025-01-09,1861.0,Renewable,1026.32,1071.32,26.59,Sell,52,Disputed,17813.54,Low_Demand,1888.36,0
C092,Energy,2024-02-13,626.64,Coal,277.26,116.25999999999999,22.49,Buy,44,Disputed,18249.59,Low_Demand,1172.4,1
C088,Cement,2024-08-11,774.43,Mixed Fuel,363.03,508.03,21.06,Sell,51,Verified,5983.23,High_Demand,2275.22,0
C036,Cement,2024-04-25,888.43,Natural Gas,367.56,480.56,28.84,Buy,148,Verified,14469.36,High_Demand,1480.97,1
C049,Energy,2024-08-20,2225.08,Natural Gas,1000.14,1038.1399999999999,21.62,Buy,72,Disputed,11545.57,Low_Demand,687.1,1
C032,Energy,2024-07-15,1362.74,Renewable,809.22,617.22,25.21,Buy,71,Disputed,10494.32,Price_Surge,2778.91,1
C087,Manufacturing,2025-04-12,1489.3,Coal,1108.71,1298.71,28.9,Buy,89,Disputed,13950.89,Price_Surge,2039.99,1
C026,Cement,2025-06-05,811.24,Mixed Fuel,327.98,141.98000000000002,20.21,Sell,195,Disputed,13946.38,Price_Surge,1735.47,0
C017,Manufacturing,2024-03-19,1218.04,Mixed Fuel,799.23,634.23,30.16,Buy,21,Verified,12199.21,Price_Surge,1347.12,1
C096,Manufacturing,2024-12-18,1603.47,Renewable,531.66,499.65999999999997,27.76,Buy,80,Verified,11486.91,Low_Demand,1366.94,1
C008,Manufacturing,2025-10-10,1614.97,Mixed Fuel,1120.67,1238.67,32.51,Buy,50,Verified,11606.16,Low_Demand,1841.65,1
C078,Steel,2024-04-30,1831.93,Mixed Fuel,873.38,774.38,28.74,Sell,198,Verified,10762.91,Low_Demand,1654.78,0
C091,Energy,2025-01-31,2830.85,Renewable,1417.65,1251.65,31.69,Buy,44,Disputed,5371.39,Low_Demand,2228.55,1
C060,Energy,2025-10-15,2340.61,Coal,1445.17,1274.17,22.6,Sell,178,Verified,16583.94,Low_Demand,1126.55,0
C100,Manufacturing,2025-10-25,1675.66,Coal,932.58,996.58,33.78,Sell,104,Verified,18102.09,Price_Surge,1275.6,0
C029,Energy,2024-06-04,2772.55,Coal,1573.58,1489.58,33.24,Buy,57,Verified,7523.53,Price_Surge,2603.88,1
C034,Manufacturing,2025-09-26,2491.88,Renewable,1012.34,1047.3400000000001,24.05,Buy,189,Disputed,5679.17,Price_Surge,1068.13,1
C097,Steel,2024-08-21,866.44,Renewable,556.36,545.36,26.19,Sell,183,Verified,11280.76,High_Demand,1056.08,0
C081,Steel,2025-06-08,1192.32,Coal,632.57,758.57,28.15,Buy,178,Verified,7129.02,High_Demand,2268.04,1
C030,Cement,2025-10-27,1415.18,Mixed Fuel,504.7,565.7,26.07,Buy,140,Verified,8779.72,Low_Demand,2742.83,1
C007,Manufacturing,2024-12-09,2836.53,Mixed Fuel,1937.08,1814.08,20.14,Sell,126,Verified,19316.25,Low_Demand,1211.35,0
C081,Manufacturing,2024-09-12,2533.08,Natural Gas,973.46,969.46,31.38,Sell,144,Verified,19841.47,Price_Surge,1181.24,0
C029,Manufacturing,2025-10-13,2960.71,Coal,2056.88,2139.88,23.64,Buy,172,Disputed,9923.22,Low_Demand,2851.78,1
C082,Steel,2024-07-05,2074.18,Natural Gas,687.87,877.87,25.62,Buy,183,Verified,15797.69,Price_Surge,2187.78,1
C064,Steel,2024-09-13,980.92,Mixed Fuel,781.31,621.31,28.25,Buy,55,Disputed,12401.19,Low_Demand,930.7,1
C078,Manufacturing,2024-10-19,2712.22,Renewable,2129.55,1984.5500000000002,28.53,Buy,136,Verified,19510.06,Low_Demand,1146.07,1
C001,Cement,2024-07-09,965.8,Mixed Fuel,438.53,279.53,30.47,Sell,121,Disputed,10342.05,High_Demand,1648.36,0
C015,Cement,2025-04-10,1476.68,Coal,706.28,595.28,24.37,Sell,151,Verified,11689.71,Low_Demand,2050.16,0
C080,Steel,2024-08-16,2646.97,Coal,1363.71,1396.71,31.75,Buy,191,Verified,15142.47,Low_Demand,516.45,1
C038,Energy,2024-07-25,1300.38,Coal,795.95,627.95,33.37,Buy,186,Disputed,16605.08,Low_Demand,2860.65,1
C071,Cement,2025-12-16,1830.16,Coal,1327.71,1179.71,20.62,Buy,188,Verified,16067.89,Price_Surge,2195.29,1
C066,Manufacturing,2025-08-10,508.17,Mixed Fuel,280.0,154.0,31.56,Buy,190,Disputed,8115.9,Low_Demand,1609.95,1
C100,Steel,2024-03-18,2802.66,Coal,1575.86,1647.86,27.3,Buy,128,Disputed,8307.98,Price_Surge,2168.32,1
C018,Cement,2024-01-20,2048.74,Renewable,950.53,909.53,26.04,Buy,99,Disputed,11235.6,Low_Demand,2814.91,1
C023,Cement,2024-01-25,615.45,Renewable,334.41,236.41000000000003,28.83,Sell,59,Verified,8087.61,High_Demand,2101.83,0
C057,Manufacturing,2024-03-01,2959.07,Natural Gas,1443.21,1431.21,34.43,Buy,57,Disputed,13923.64,Low_Demand,2560.4,1
C040,Cement,2024-11-15,2755.02,Renewable,1260.92,1069.92,20.94,Buy,120,Verified,5369.23,Low_Demand,1561.13,1
C086,Steel,2024-11-18,1662.67,Natural Gas,1164.85,993.8499999999999,25.56,Buy,170,Disputed,6715.62,Price_Surge,1430.56,1
C021,Steel,2025-06-12,695.76,Natural Gas,317.85,229.85000000000002,34.38,Sell,164,Verified,12127.1,Low_Demand,1473.38,0
C096,Steel,2025-09-19,2633.98,Mixed Fuel,1430.78,1236.78,26.51,Sell,28,Disputed,13928.5,Price_Surge,745.15,0
C005,Energy,2024-10-19,2364.98,Coal,904.62,946.62,20.5,Buy,69,Verified,9868.56,High_Demand,577.28,1
C065,Manufacturing,2025-12-19,1694.25,Mixed Fuel,1024.7,1139.7,27.29,Sell,61,Verified,7336.85,Price_Surge,2892.22,0
C062,Energy,2025-09-18,1373.13,Natural Gas,594.25,472.25,22.14,Sell,194,Disputed,16570.03,Price_Surge,1541.61,0
C009,Steel,2024-04-27,2813.84,Mixed Fuel,1478.15,1426.15,26.43,Buy,83,Disputed,5688.43,High_Demand,685.04,1
C081,Manufacturing,2025-08-29,1695.34,Natural Gas,1073.17,1265.17,21.31,Buy,128,Disputed,8650.62,Low_Demand,1244.36,1
C009,Energy,2024-03-26,2282.12,Coal,1576.0,1502.0,28.21,Buy,53,Disputed,15580.79,High_Demand,681.03,1
C014,Steel,2025-12-24,2567.51,Natural Gas,1676.43,1508.43,27.73,Sell,46,Disputed,9321.89,Low_Demand,2892.38,0
C070,Cement,2025-12-29,742.94,Natural Gas,369.05,242.05,32.59,Sell,49,Disputed,15643.8,High_Demand,2320.53,0
C019,Manufacturing,2024-10-29,606.09,Coal,294.78,360.78,34.64,Sell,71,Verified,18470.78,Price_Surge,730.15,0
C086,Manufacturing,2025-10-02,1547.93,Renewable,637.07,755.07,21.84,Buy,168,Verified,15280.28,High_Demand,1093.72,1
C039,Cement,2024-02-21,2291.47,Coal,1456.54,1328.54,23.23,Buy,70,Verified,15333.62,Low_Demand,2514.47,1
C086,Energy,2024-05-19,2950.31,Coal,1253.14,1440.14,20.15,Buy,112,Verified,12669.72,High_Demand,1822.22,1
C084,Energy,2025-09-24,2668.88,Coal,1184.34,991.3399999999999,25.61,Sell,137,Verified,11323.98,Low_Demand,1084.88,0
C003,Manufacturing,2025-02-15,2477.83,Coal,1349.16,1375.16,21.5,Sell,67,Disputed,5188.76,High_Demand,1962.26,0
C048,Cement,2024-05-30,522.51,Mixed Fuel,256.73,171.73000000000002,26.24,Sell,152,Disputed,14168.84,Low_Demand,2258.86,0
C024,Cement,2024-06-21,899.53,Mixed Fuel,698.55,711.55,25.27,Sell,111,Verified,6907.07,Low_Demand,1921.28,0
C083,Manufacturing,2024-09-19,2506.56,Mixed Fuel,1370.73,1181.73,30.07,Sell,109,Verified,6650.53,Low_Demand,1302.37,0
C002,Energy,2025-05-03,780.69,Renewable,564.3,386.29999999999995,29.73,Buy,183,Disputed,12042.5,Low_Demand,1876.1,1
C034,Manufacturing,2024-09-03,1300.45,Natural Gas,714.49,654.49,25.0,Buy,69,Verified,7330.97,Low_Demand,884.55,1
C065,Steel,2025-07-16,1407.32,Natural Gas,489.03,660.03,30.4,Buy,57,Verified,13192.68,Price_Surge,1324.18,1
C047,Manufacturing,2024-04-23,2869.11,Coal,1396.33,1350.33,29.75,Buy,133,Verified,9275.81,High_Demand,768.66,1
C012,Manufacturing,2024-07-06,2731.16,Coal,1737.62,1931.62,30.11,Buy,189,Verified,14528.24,High_Demand,1240.33,1
C061,Manufacturing,2025-02-18,2522.55,Natural Gas,1840.75,1726.75,28.81,Buy,93,Disputed,17151.06,Low_Demand,651.72,1
C028,Energy,2025-08-29,690.02,Natural Gas,499.15,477.15,24.35,Buy,49,Disputed,7573.14,Low_Demand,2690.21,1
C038,Cement,2025-05-20,2629.38,Renewable,1834.83,1925.83,21.76,Buy,25,Verified,7601.73,Low_Demand,1476.62,1
C046,Energy,2024-05-12,1214.04,Mixed Fuel,557.36,692.36,21.74,Buy,117,Disputed,17642.8,Price_Surge,1744.17,1
C076,Steel,2024-02-09,2563.38,Natural Gas,862.58,904.58,31.07,Sell,41,Verified,18492.72,High_Demand,2549.31,0
C090,Cement,2025-01-17,2576.06,Coal,1260.51,1328.51,21.09,Sell,130,Verified,6499.73,High_Demand,2921.52,0
C059,Energy,2024-10-08,899.37,Mixed Fuel,319.63,217.63,25.59,Buy,100,Verified,8784.16,High_Demand,1022.52,1
C027,Steel,2025-10-12,2292.74,Mixed Fuel,872.87,959.87,28.79,Buy,31,Disputed,8660.55,Low_Demand,818.92,1
C037,Steel,2025-11-26,505.86,Coal,195.48,200.48,30.85,Buy,188,Verified,19267.47,High_Demand,2347.1,1
C067,Manufacturing,2024-11-18,739.58,Renewable,522.31,609.31,26.31,Buy,79,Disputed,15763.26,High_Demand,1376.66,1
C008,Manufacturing,2025-04-08,1299.38,Coal,569.34,426.34000000000003,34.92,Sell,124,Disputed,14057.46,High_Demand,1772.35,0
C069,Energy,2024-01-04,2265.82,Coal,807.11,898.11,28.97,Buy,125,Disputed,11216.73,High_Demand,2016.49,1
C037,Cement,2024-01-15,2434.08,Coal,1286.02,1334.02,32.57,Buy,119,Disputed,9233.23,High_Demand,1445.51,1
C080,Energy,2024-12-06,828.04,Mixed Fuel,639.49,721.49,28.5,Sell,165,Verified,9443.64,High_Demand,524.32,0
C013,Cement,2025-04-25,2387.34,Natural Gas,1891.96,2031.96,32.12,Buy,118,Disputed,10074.19,Low_Demand,931.67,1
C018,Steel,2024-12-08,1827.5,Mixed Fuel,898.57,716.57,33.74,Sell,108,Verified,19194.22,Price_Surge,2329.87,0
C092,Manufacturing,2025-11-21,1470.15,Renewable,569.19,484.19000000000005,24.53,Sell,179,Verified,15298.01,High_Demand,1838.13,0
C002,Energy,2025-09-22,1869.97,Natural Gas,768.57,673.57,24.3,Buy,184,Disputed,9322.31,High_Demand,2820.57,1
C100,Cement,2024-10-17,2815.09,Renewable,2007.39,1932.39,24.06,Buy,143,Disputed,19088.58,High_Demand,1149.28,1
C013,Manufacturing,2024-12-18,2338.14,Natural Gas,823.73,847.73,24.7,Buy,94,Disputed,8197.58,Low_Demand,1276.66,1
C015,Energy,2024-05-01,1922.67,Renewable,662.82,733.82,26.69,Buy,191,Disputed,8092.43,Price_Surge,2106.08,1
C066,Manufacturing,2025-02-22,730.07,Natural Gas,325.2,513.2,29.05,Buy,191,Verified,7389.34,Price_Surge,2091.69,1
C014,Energy,2024-09-16,523.2,Coal,288.07,112.07,25.09,Buy,184,Disputed,10812.1,Price_Surge,2483.19,1
C093,Energy,2024-04-13,1090.31,Renewable,817.3,885.3,22.81,Sell,143,Disputed,18406.76,Low_Demand,1557.43,0
C024,Manufacturing,2025-08-20,950.29,Mixed Fuel,304.88,464.88,22.66,Sell,120,Disputed,14408.36,Low_Demand,1119.28,0
C006,Manufacturing,2025-12-18,852.23,Natural Gas,489.3,587.3,33.16,Sell,132,Disputed,18295.13,Low_Demand,1876.45,0
C045,Energy,2024-10-31,1962.6,Renewable,1158.76,1239.76,20.56,Buy,110,Disputed,15168.89,Low_Demand,1144.86,1
C055,Energy,2024-11-08,926.74,Renewable,358.11,448.11,24.69,Buy,127,Disputed,11760.41,Price_Surge,2451.57,1
C082,Steel,2025-04-04,798.32,Natural Gas,609.91,428.90999999999997,22.69,Buy,39,Disputed,16552.47,Price_Surge,2523.03,1
C053,Energy,2024-09-15,2071.27,Mixed Fuel,1246.39,1400.39,23.0,Buy,30,Disputed,18973.65,Price_Surge,2908.93,1
C004,Steel,2024-03-29,2835.62,Renewable,2141.79,2271.79,22.75,Sell,140,Verified,7428.15,Price_Surge,2443.74,0
C076,Steel,2024-03-27,1663.67,Coal,704.54,874.54,31.71,Buy,165,Verified,9787.3,High_Demand,2407.9,1
C019,Manufacturing,2024-12-23,659.63,Mixed Fuel,353.57,531.5699999999999,25.94,Buy,92,Verified,5046.11,High_Demand,1321.89,1
C061,Manufacturing,2024-06-11,2428.77,Natural Gas,1102.47,1261.47,33.74,Sell,45,Verified,13020.1,Low_Demand,721.25,0
C015,Steel,2025-09-17,2002.69,Renewable,1267.06,1322.06,33.52,Buy,132,Disputed,7789.08,High_Demand,1617.38,1
C060,Steel,2025-03-20,2202.17,Renewable,834.12,661.12,32.17,Sell,152,Disputed,5040.91,Low_Demand,1301.77,0
C033,Cement,2024-01-09,1513.61,Natural Gas,730.93,863.93,34.97,Buy,74,Verified,18780.36,High_Demand,731.98,1
C034,Steel,2024-05-12,2584.25,Mixed Fuel,1715.0,1787.0,23.6,Sell,176,Disputed,13560.37,High_Demand,2234.55,0
C014,Energy,2024-08-17,867.79,Renewable,658.91,639.91,21.1,Sell,68,Verified,6089.34,High_Demand,1470.37,0
C022,Cement,2024-03-16,1324.96,Natural Gas,575.91,689.91,25.21,Buy,181,Verified,13478.79,Price_Surge,1985.61,1
C099,Manufacturing,2024-12-07,2246.11,Mixed Fuel,1353.74,1412.74,23.7,Sell,59,Verified,5468.69,Price_Surge,1131.59,0
C072,Manufacturing,2024-06-23,1917.03,Natural Gas,1499.74,1506.74,22.81,Sell,176,Disputed,13264.65,Price_Surge,1076.72,0
C011,Steel,2024-01-14,765.67,Natural Gas,293.82,313.82,21.58,Buy,99,Disputed,13748.64,High_Demand,2087.44,1
C005,Steel,2025-02-21,1183.69,Coal,423.21,396.21,33.25,Buy,198,Verified,17158.06,Low_Demand,2614.46,1
C035,Steel,2025-01-26,1317.87,Natural Gas,703.03,805.03,24.04,Buy,95,Disputed,19341.15,Low_Demand,2044.1,1
C022,Energy,2024-01-01,1060.05,Renewable,419.74,474.74,33.52,Buy,141,Disputed,11179.34,High_Demand,2598.28,1
C081,Cement,2025-11-16,2748.79,Coal,1092.47,1091.47,21.25,Sell,32,Disputed,15030.33,Price_Surge,1789.97,0
C017,Manufacturing,2024-12-06,892.66,Renewable,509.64,605.64,32.97,Buy,33,Verified,14801.88,High_Demand,2590.24,1
C041,Manufacturing,2025-05-01,2083.79,Natural Gas,1531.16,1729.16,29.37,Buy,169,Disputed,11375.41,Low_Demand,973.07,1
C033,Energy,2025-02-15,1074.73,Mixed Fuel,488.91,608.9100000000001,32.95,Buy,113,Verified,7040.68,High_Demand,1828.71,1
C015,Energy,2024-08-14,853.6,Mixed Fuel,553.44,524.44,28.0,Buy,26,Disputed,6061.14,Low_Demand,1811.42,1
C060,Energy,2024-02-19,1968.38,Coal,1341.97,1303.97,25.97,Buy,95,Disputed,7384.71,High_Demand,2880.29,1
C017,Steel,2024-03-22,2854.48,Natural Gas,2060.2,1990.1999999999998,21.03,Sell,144,Disputed,16035.97,Low_Demand,2220.32,0
C065,Steel,2024-11-21,2605.28,Natural Gas,1912.1,1970.1,24.63,Sell,165,Disputed,8439.2,High_Demand,2414.03,0
C007,Energy,2024-09-26,2307.06,Coal,1089.67,1133.67,22.15,Buy,163,Disputed,8875.93,Low_Demand,2054.39,1
C011,Steel,2025-10-04,2333.12,Natural Gas,1364.81,1371.81,29.98,Buy,134,Disputed,14839.02,Low_Demand,2635.02,1
C008,Cement,2025-09-09,2787.31,Coal,2148.21,2146.21,27.58,Buy,122,Disputed,11828.25,Low_Demand,1295.9,1
C071,Cement,2024-08-23,683.06,Coal,535.9,712.9,20.91,Buy,22,Disputed,17970.16,Price_Surge,1948.0,1
C083,Cement,2024-10-02,1825.37,Coal,1342.76,1256.76,30.22,Buy,131,Disputed,14782.86,Low_Demand,2141.79,1
C032,Steel,2025-06-25,922.25,Mixed Fuel,435.03,410.03,27.89,Sell,188,Verified,12794.36,High_Demand,854.14,0
C017,Manufacturing,2024-10-14,2176.31,Renewable,1154.95,1160.95,23.21,Buy,99,Verified,18228.36,Low_Demand,2539.86,1
C017,Steel,2025-03-23,620.21,Coal,464.64,502.64,33.91,Sell,99,Verified,19836.23,Low_Demand,2229.25,0
C033,Manufacturing,2025-10-26,2465.28,Renewable,1127.46,1225.46,31.51,Buy,197,Verified,13202.62,High_Demand,1740.75,1
C012,Steel,2025-11-22,2959.61,Mixed Fuel,1555.07,1676.07,27.8,Sell,106,Verified,13505.37,Low_Demand,1021.85,0
C089,Energy,2024-01-07,582.64,Natural Gas,330.67,348.67,30.79,Buy,133,Verified,8992.47,High_Demand,1219.5,1
C054,Energy,2025-04-18,1210.34,Mixed Fuel,880.1,829.1,20.0,Buy,71,Verified,16163.49,High_Demand,2079.17,1
C018,Steel,2024-01-12,2051.58,Natural Gas,1598.07,1678.07,21.67,Sell,109,Disputed,7918.23,High_Demand,2048.13,0
C067,Energy,2024-10-19,2907.54,Natural Gas,1910.15,2097.15,31.25,Buy,175,Disputed,5324.76,Low_Demand,1189.65,1
C017,Energy,2024-05-25,1932.61,Renewable,681.48,637.48,24.93,Buy,35,Verified,11900.76,High_Demand,2939.36,1
C062,Steel,2024-09-14,1229.62,Renewable,450.98,349.98,30.44,Sell,144,Verified,16540.12,Price_Surge,636.44,0
C002,Energy,2025-09-17,1034.35,Natural Gas,337.29,489.29,33.92,Buy,73,Disputed,5588.89,Low_Demand,1333.73,1
C073,Cement,2024-04-11,1440.1,Mixed Fuel,918.62,1053.62,23.07,Sell,80,Disputed,6361.3,Price_Surge,1921.76,0
C068,Cement,2025-05-02,2162.38,Natural Gas,1599.96,1661.96,31.64,Sell,182,Verified,7956.69,High_Demand,1696.24,0
C090,Manufacturing,2025-02-16,2540.24,Renewable,1798.91,1700.91,27.31,Buy,29,Verified,7939.15,Price_Surge,2569.73,1
C056,Manufacturing,2024-04-10,2027.12,Natural Gas,1125.69,1290.69,28.66,Sell,73,Verified,6031.98,Low_Demand,2515.69,0
C029,Energy,2025-11-19,1668.22,Renewable,658.14,501.14,30.55,Buy,125,Disputed,12572.93,Price_Surge,2941.78,1
C015,Steel,2024-04-13,604.25,Coal,340.04,490.04,22.22,Buy,23,Disputed,12492.81,Price_Surge,2362.25,1
C052,Cement,2024-07-15,956.82,Renewable,687.6,791.6,24.57,Sell,102,Verified,5117.31,High_Demand,1420.29,0
C017,Cement,2025-11-16,2730.6,Renewable,1649.22,1756.22,24.06,Sell,34,Verified,18456.51,Low_Demand,692.11,0
C079,Steel,2024-10-26,1892.65,Natural Gas,846.89,685.89,25.41,Buy,62,Verified,7913.66,High_Demand,2096.56,1
C058,Cement,2025-08-10,1473.63,Natural Gas,457.94,593.94,30.98,Buy,28,Verified,14772.3,Price_Surge,1092.6,1
C018,Manufacturing,2025-01-14,2792.91,Natural Gas,1755.27,1951.27,27.21,Buy,125,Verified,15089.83,Price_Surge,2447.56,1
C014,Cement,2024-05-11,1047.91,Natural Gas,718.69,700.69,33.8,Buy,72,Verified,7096.34,Low_Demand,1794.93,1
C040,Manufacturing,2024-06-06,910.12,Renewable,489.47,672.47,33.85,Sell,82,Disputed,12912.13,High_Demand,1377.83,0
C029,Manufacturing,2024-12-11,2834.64,Coal,1873.06,1802.06,30.96,Buy,189,Verified,13478.28,Price_Surge,2425.53,1
C013,Manufacturing,2025-08-20,1634.19,Coal,1174.91,992.9100000000001,25.12,Sell,62,Verified,14167.49,Price_Surge,2402.92,0
C079,Manufacturing,2024-01-10,1532.32,Coal,1172.79,976.79,26.08,Buy,45,Verified,9194.68,Low_Demand,1213.58,1
C034,Energy,2025-04-13,2235.92,Natural Gas,1568.58,1640.58,21.89,Buy,101,Disputed,16394.27,Price_Surge,662.65,1
C026,Steel,2024-04-11,1215.42,Renewable,717.61,790.61,22.75,Buy,49,Verified,8018.27,Price_Surge,2963.62,1
C092,Steel,2025-07-31,963.63,Natural Gas,505.24,462.24,24.61,Sell,71,Verified,18115.25,High_Demand,2138.37,0
C049,Manufacturing,2024-09-21,1504.47,Natural Gas,500.93,507.93,23.73,Sell,131,Verified,10641.55,Low_Demand,614.05,0
C094,Energy,2025-12-25,1507.83,Renewable,1200.49,1274.49,26.27,Buy,181,Verified,17709.3,Low_Demand,2472.85,1
C028,Cement,2025-03-07,2087.34,Renewable,1664.39,1718.39,21.19,Buy,112,Disputed,17908.51,High_Demand,2236.22,1
C025,Cement,2024-08-26,1966.1,Natural Gas,1429.07,1420.07,20.94,Sell,128,Disputed,17353.41,High_Demand,1824.44,0
C049,Cement,2025-09-21,2415.47,Coal,1894.89,1794.89,21.63,Buy,84,Disputed,13045.88,Low_Demand,2202.83,1
C069,Manufacturing,2025-01-10,1295.54,Renewable,437.84,637.8399999999999,23.95,Sell,182,Verified,14863.88,High_Demand,1447.69,0
C041,Energy,2025-07-28,2825.52,Mixed Fuel,1657.47,1610.47,30.4,Buy,77,Disputed,5409.56,Low_Demand,1262.93,1
C076,Steel,2024-10-16,807.78,Mixed Fuel,412.34,560.3399999999999,27.51,Buy,176,Verified,6827.93,Low_Demand,2238.51,1
C093,Cement,2025-02-18,1775.94,Coal,1057.05,883.05,34.31,Sell,92,Disputed,18620.69,Low_Demand,1132.06,0
C097,Manufacturing,2024-01-25,1150.35,Renewable,737.24,920.24,26.83,Sell,171,Disputed,10831.79,Low_Demand,1380.3,0
C011,Energy,2024-04-22,2250.8,Renewable,1181.52,1040.52,33.44,Sell,45,Verified,12722.62,Price_Surge,2612.19,0
C094,Energy,2024-05-17,1438.95,Mixed Fuel,596.38,609.38,26.74,Sell,196,Verified,16138.11,Low_Demand,1220.82,0
C036,Steel,2025-05-25,2679.19,Renewable,1467.68,1567.68,24.4,Sell,182,Verified,13825.41,High_Demand,532.18,0
C067,Energy,2024-12-22,2858.58,Natural Gas,1486.85,1296.85,26.24,Sell,110,Verified,15657.26,High_Demand,1230.13,0
C017,Manufacturing,2025-06-13,2740.06,Natural Gas,930.19,1017.19,33.49,Buy,161,Disputed,6938.23,High_Demand,2387.25,1
C014,Steel,2024-09-12,1935.57,Renewable,1432.99,1522.99,32.19,Sell,40,Verified,7445.25,High_Demand,1769.58,0
C044,Manufacturing,2025-03-31,1418.04,Natural Gas,903.78,804.78,23.4,Sell,127,Disputed,18329.39,Price_Surge,2190.08,0
C060,Steel,2024-09-01,638.66,Renewable,423.08,514.0799999999999,31.03,Buy,45,Verified,5482.77,Price_Surge,2877.86,1
C094,Cement,2025-07-31,2099.3,Natural Gas,1656.24,1729.24,25.78,Sell,55,Verified,12450.41,Low_Demand,1819.95,0
C019,Steel,2025-09-30,1344.87,Natural Gas,444.38,382.38,20.06,Buy,52,Verified,7567.67,Low_Demand,2336.93,1
C076,Steel,2024-04-02,843.0,Coal,281.61,342.61,24.1,Sell,85,Verified,19547.42,Price_Surge,2507.66,0
C070,Manufacturing,2024-02-24,1437.59,Renewable,456.72,492.72,27.38,Buy,156,Disputed,11779.28,High_Demand,1677.08,1
C045,Cement,2025-11-25,1269.15,Coal,865.06,989.06,21.84,Sell,51,Verified,17333.6,Price_Surge,1929.97,0
C045,Energy,2025-05-14,1609.43,Renewable,1170.51,1243.51,30.56,Buy,199,Verified,11173.89,High_Demand,1564.6,1
C039,Cement,2024-06-16,1015.54,Mixed Fuel,515.85,456.85,27.02,Buy,124,Verified,8520.95,High_Demand,2264.36,1
C067,Steel,2025-04-16,2055.94,Mixed Fuel,1595.11,1437.11,26.11,Sell,25,Disputed,8914.32,Price_Surge,2585.93,0
C091,Energy,2024-10-30,2634.7,Mixed Fuel,1776.92,1647.92,29.72,Sell,198,Verified,18897.26,Price_Surge,1171.68,0
C073,Manufacturing,2024-06-02,717.93,Mixed Fuel,477.41,620.4100000000001,30.16,Buy,71,Disputed,17649.73,Low_Demand,2069.62,1
C001,Energy,2025-05-10,2737.23,Renewable,963.45,855.45,29.73,Buy,91,Disputed,6986.07,Low_Demand,1725.9,1
C037,Energy,2025-09-10,996.5,Coal,766.32,962.32,24.09,Buy,117,Verified,15828.9,Price_Surge,1611.84,1
C071,Energy,2025-02-17,2188.49,Renewable,1082.16,1266.16,27.43,Buy,143,Verified,16263.25,Price_Surge,502.35,1
C073,Energy,2024-05-28,1589.68,Natural Gas,947.21,1036.21,23.63,Buy,75,Verified,14585.57,High_Demand,1783.15,1
C042,Energy,2024-07-06,1153.72,Mixed Fuel,392.56,385.56,25.29,Buy,187,Verified,17333.75,Price_Surge,1994.95,1
C044,Steel,2025-04-24,1212.42,Coal,597.06,788.06,21.42,Buy,78,Disputed,13704.04,Price_Surge,948.29,1
C043,Manufacturing,2025-11-17,2928.22,Coal,988.0,953.0,24.06,Buy,84,Verified,6326.75,Price_Surge,1757.0,1
C022,Steel,2024-04-24,2679.68,Mixed Fuel,1080.99,1270.99,25.79,Sell,44,Verified,7586.71,Price_Surge,1657.78,0
C003,Cement,2025-10-01,2003.07,Coal,1268.51,1447.51,22.57,Buy,84,Verified,17244.88,Low_Demand,1941.81,1
C062,Manufacturing,2025-08-05,2636.46,Mixed Fuel,852.34,815.34,28.02,Buy,175,Verified,6129.99,Price_Surge,2566.03,1
C065,Steel,2024-05-20,911.89,Coal,507.0,571.0,33.5,Sell,164,Disputed,7393.5,High_Demand,2989.54,0
C006,Energy,2025-09-04,2998.62,Mixed Fuel,2121.01,2157.01,29.14,Sell,66,Disputed,15344.44,Low_Demand,1327.34,0
C026,Manufacturing,2024-11-25,1789.21,Natural Gas,631.43,530.43,31.5,Buy,45,Verified,14846.36,Price_Surge,1970.59,1
C026,Steel,2025-02-24,512.2,Renewable,208.76,398.76,23.75,Buy,171,Disputed,12841.57,Low_Demand,2961.1,1
C007,Steel,2024-06-12,2767.02,Coal,2170.66,2285.66,32.55,Buy,145,Disputed,11868.05,Price_Surge,1804.29,1
C018,Energy,2025-05-25,1108.45,Renewable,434.69,442.69,31.88,Buy,71,Disputed,8090.3,Low_Demand,1281.35,1
C056,Manufacturing,2025-06-12,2886.7,Coal,2116.53,2028.5300000000002,25.01,Buy,156,Verified,18556.0,High_Demand,2362.09,1
C075,Steel,2025-10-13,564.76,Natural Gas,447.31,524.31,32.87,Sell,83,Disputed,13645.08,Price_Surge,1388.36,0
C004,Manufacturing,2024-10-16,2398.96,Coal,1072.19,961.19,22.72,Sell,140,Disputed,18409.83,Price_Surge,618.18,0
C014,Energy,2025-01-16,1784.54,Mixed Fuel,911.5,1093.5,24.04,Buy,193,Verified,16965.47,Low_Demand,2352.61,1
C069,Energy,2025-03-25,2174.71,Renewable,933.39,782.39,24.5,Sell,54,Disputed,19028.09,High_Demand,2734.46,0
C044,Cement,2024-10-31,2924.75,Coal,2004.96,1812.96,28.46,Buy,191,Disputed,7148.75,Price_Surge,542.31,1
C007,Steel,2024-11-15,2279.81,Mixed Fuel,1093.2,1122.2,32.79,Sell,160,Verified,13496.16,Low_Demand,755.91,0
C094,Energy,2025-05-10,1980.32,Coal,1288.39,1204.39,26.44,Buy,173,Disputed,11583.96,High_Demand,1664.5,1
C050,Cement,2025-03-06,805.56,Coal,546.65,720.65,27.97,Sell,184,Disputed,7140.23,High_Demand,2063.15,0
C061,Steel,2024-01-24,1619.71,Mixed Fuel,1189.06,1035.06,34.06,Sell,50,Disputed,7678.1,Price_Surge,634.5,0
C081,Steel,2024-03-08,2721.91,Renewable,1050.45,1147.45,25.85,Buy,31,Verified,8647.76,Low_Demand,1041.15,1
C023,Steel,2024-01-23,2011.51,Mixed Fuel,1176.75,1160.75,25.61,Buy,76,Verified,19626.68,Price_Surge,1203.88,1
C085,Steel,2025-10-21,1625.54,Coal,1225.94,1266.94,28.82,Sell,185,Verified,5379.9,High_Demand,2698.7,0
C059,Manufacturing,2024-02-27,1028.73,Natural Gas,444.19,316.19,32.33,Buy,159,Disputed,14272.06,Price_Surge,2882.45,1
C099,Cement,2024-07-12,1218.71,Coal,924.38,1067.38,24.43,Buy,56,Verified,18455.14,High_Demand,1570.15,1
C082,Energy,2024-01-04,1945.7,Natural Gas,1023.75,1011.75,23.99,Buy,113,Disputed,19115.69,Price_Surge,2265.2,1
C083,Energy,2024-07-25,2219.84,Coal,1304.13,1152.13,22.01,Buy,48,Disputed,14072.19,High_Demand,1341.59,1
C026,Manufacturing,2024-09-25,2792.48,Renewable,2194.76,2118.76,27.92,Sell,132,Disputed,16688.07,Price_Surge,561.77,0
C036,Steel,2024-04-10,646.07,Coal,253.28,92.28,34.71,Sell,62,Disputed,17380.83,Low_Demand,2451.53,0
C076,Steel,2024-02-14,1470.42,Natural Gas,956.86,808.86,23.79,Sell,100,Disputed,16966.72,Price_Surge,1270.64,0
C053,Cement,2024-10-29,1218.59,Coal,405.3,594.3,28.33,Buy,30,Verified,17358.01,Price_Surge,2716.58,1
C066,Manufacturing,2025-12-24,2509.82,Mixed Fuel,1015.88,1002.88,29.56,Buy,124,Disputed,8190.55,High_Demand,1048.59,1
C062,Energy,2024-06-04,1336.91,Mixed Fuel,917.65,818.65,34.28,Sell,172,Verified,13571.78,Low_Demand,1472.93,0
C093,Steel,2024-12-16,899.32,Mixed Fuel,713.28,734.28,30.13,Sell,154,Disputed,7209.78,Price_Surge,2304.91,0
C063,Cement,2025-11-01,1683.06,Coal,984.53,1072.53,32.82,Sell,44,Disputed,11005.06,High_Demand,2318.11,0
C035,Cement,2025-02-17,1584.17,Natural Gas,743.91,851.91,28.6,Sell,92,Disputed,19100.68,Price_Surge,2369.25,0
C023,Steel,2025-02-12,1977.01,Natural Gas,802.98,864.98,21.09,Sell,127,Verified,14194.95,Price_Surge,2734.71,0
C074,Cement,2024-03-22,1791.11,Coal,707.61,640.61,27.75,Buy,188,Disputed,8313.66,Price_Surge,2568.7,1
C001,Steel,2024-03-28,2106.12,Natural Gas,1118.63,971.6300000000001,22.38,Buy,46,Verified,12183.34,Price_Surge,2886.02,1
C061,Manufacturing,2024-11-25,1999.1,Natural Gas,894.29,1050.29,24.71,Buy,156,Disputed,10666.32,High_Demand,534.36,1
C082,Manufacturing,2025-09-05,2376.23,Renewable,1035.43,933.4300000000001,21.81,Buy,61,Disputed,12162.48,Price_Surge,563.13,1
C082,Steel,2025-10-25,2235.45,Coal,1017.55,965.55,33.41,Sell,158,Verified,18667.61,High_Demand,1894.22,0
C033,Energy,2025-08-25,2140.01,Mixed Fuel,1397.39,1424.39,31.67,Buy,113,Verified,7037.5,High_Demand,767.09,1
C083,Manufacturing,2024-11-10,2973.63,Coal,2309.99,2234.99,23.1,Sell,162,Disputed,10098.52,Price_Surge,1743.02,0
C075,Manufacturing,2025-06-19,1054.56,Coal,783.24,869.24,34.55,Buy,129,Disputed,9928.55,High_Demand,1676.45,1
C052,Steel,2025-02-08,2794.09,Natural Gas,2187.7,2106.7,32.85,Sell,177,Verified,13810.02,High_Demand,1669.22,0
C001,Manufacturing,2025-12-21,2709.65,Mixed Fuel,853.1,881.1,33.35,Sell,33,Verified,19681.69,High_Demand,2149.14,0
C100,Steel,2024-02-18,2615.72,Natural Gas,957.28,1113.28,33.89,Sell,134,Verified,11072.77,High_Demand,1080.35,0
C090,Cement,2024-11-09,1375.86,Natural Gas,824.19,927.19,22.26,Buy,179,Disputed,10841.27,Low_Demand,1410.24,1
C009,Cement,2025-08-03,2121.62,Coal,789.12,739.12,23.86,Sell,198,Disputed,16738.6,Price_Surge,1988.19,0
C045,Manufacturing,2024-07-26,1221.69,Renewable,634.8,700.8,23.44,Buy,140,Verified,13116.27,Low_Demand,624.81,1
C051,Energy,2025-06-30,1439.78,Coal,924.58,931.58,25.26,Sell,34,Verified,15469.47,High_Demand,2472.39,0
C038,Cement,2025-07-04,1476.66,Natural Gas,657.23,550.23,22.4,Buy,90,Verified,7802.46,Low_Demand,1311.5,1
C072,Steel,2024-04-06,610.01,Natural Gas,446.14,518.14,24.77,Sell,49,Verified,5153.18,Low_Demand,2182.08,0
C033,Energy,2024-05-10,1640.55,Coal,1222.39,1091.39,25.68,Sell,47,Verified,18147.92,Low_Demand,2473.78,0
C085,Steel,2025-01-09,2645.11,Renewable,1096.79,994.79,33.36,Sell,34,Verified,7100.32,Low_Demand,2040.21,0
C065,Steel,2024-06-07,885.54,Natural Gas,637.71,457.71000000000004,24.05,Buy,171,Disputed,13704.43,Price_Surge,1223.36,1
C024,Cement,2025-03-06,1181.19,Natural Gas,699.52,658.52,34.14,Buy,169,Disputed,18593.69,Low_Demand,2056.66,1
C003,Cement,2024-09-02,1929.53,Mixed Fuel,1437.93,1569.93,20.28,Sell,107,Verified,12753.78,Price_Surge,1955.08,0
C048,Cement,2024-07-29,2865.7,Coal,1839.06,1952.06,32.52,Buy,29,Disputed,9278.08,Low_Demand,2480.31,1
C079,Steel,2024-08-08,994.12,Natural Gas,630.74,661.74,28.95,Buy,173,Verified,19636.25,High_Demand,655.11,1
C088,Energy,2024-01-10,2963.65,Natural Gas,1475.2,1276.2,29.26,Sell,175,Disputed,8063.52,High_Demand,2185.39,0
C073,Energy,2025-06-18,2287.55,Natural Gas,1665.25,1835.25,23.97,Sell,42,Verified,14002.86,High_Demand,759.26,0
C004,Steel,2025-06-28,1395.54,Natural Gas,490.24,432.24,34.71,Sell,62,Disputed,17883.9,Price_Surge,2525.22,0
C083,Manufacturing,2024-03-24,1707.17,Coal,1354.43,1291.43,24.06,Buy,122,Verified,5839.82,Price_Surge,2306.14,1
C023,Manufacturing,2024-07-07,608.08,Mixed Fuel,211.28,196.28,27.51,Sell,70,Verified,12514.86,Low_Demand,2414.43,0
C056,Cement,2025-10-26,2614.72,Natural Gas,1384.85,1220.85,25.44,Buy,27,Verified,16473.19,Price_Surge,605.45,1
C024,Steel,2025-11-09,2381.09,Renewable,1381.47,1547.47,23.45,Sell,24,Verified,8621.61,High_Demand,2538.79,0
C052,Energy,2024-06-30,2644.6,Coal,1740.16,1684.16,33.42,Buy,49,Verified,17736.65,Low_Demand,2860.94,1
C017,Manufacturing,2024-08-30,670.48,Coal,444.81,411.81,23.12,Sell,199,Disputed,13910.63,High_Demand,2391.65,0
C014,Manufacturing,2024-10-19,1474.67,Natural Gas,664.01,688.01,26.15,Sell,152,Disputed,5254.5,Price_Surge,663.68,0
C023,Cement,2024-01-04,1522.57,Renewable,637.01,688.01,21.6,Sell,82,Disputed,10700.92,Low_Demand,1389.23,0
C015,Energy,2024-04-30,845.17,Natural Gas,661.71,641.71,32.47,Sell,191,Disputed,5813.99,Low_Demand,1106.71,0
C060,Manufacturing,2025-12-16,1952.67,Mixed Fuel,1211.03,1142.03,24.12,Sell,73,Disputed,18494.27,High_Demand,625.72,0
C052,Steel,2025-11-12,1447.15,Mixed Fuel,969.89,971.89,32.79,Buy,28,Verified,17373.28,Low_Demand,2889.39,1
C059,Cement,2025-09-15,1650.16,Mixed Fuel,923.72,939.72,28.92,Sell,123,Disputed,19301.08,Low_Demand,2018.95,0
C056,Cement,2024-03-03,625.57,Renewable,478.54,595.54,34.71,Sell,95,Verified,12227.2,Low_Demand,2689.31,0
C084,Cement,2025-04-20,563.27,Mixed Fuel,430.37,525.37,26.12,Buy,120,Verified,9381.99,Low_Demand,736.73,1
C088,Cement,2025-03-18,2567.97,Mixed Fuel,1100.58,1053.58,22.27,Sell,50,Verified,5293.34,Low_Demand,747.61,0
C010,Steel,2025-07-30,1093.62,Renewable,601.39,420.39,27.12,Sell,127,Disputed,18396.87,Low_Demand,1879.68,0
C044,Manufacturing,2025-04-12,1924.88,Coal,779.58,804.58,32.82,Buy,179,Disputed,19599.73,Price_Surge,2260.44,1
C056,Steel,2025-09-14,948.77,Coal,365.85,342.85,34.48,Sell,28,Disputed,5151.09,Low_Demand,2866.61,0
C055,Cement,2025-12-27,957.56,Natural Gas,570.7,538.7,24.24,Sell,119,Disputed,13747.79,Price_Surge,1377.81,0
C043,Cement,2025-04-08,1539.59,Mixed Fuel,847.15,984.15,23.33,Buy,118,Disputed,16692.59,Low_Demand,1979.75,1
C041,Steel,2025-02-15,2057.23,Renewable,1136.9,1245.9,34.31,Sell,194,Disputed,10687.7,Price_Surge,942.16,0
C093,Energy,2024-01-05,878.66,Mixed Fuel,355.51,464.51,33.04,Buy,190,Disputed,6731.91,Low_Demand,2376.63,1
C068,Manufacturing,2025-08-12,1388.41,Coal,844.19,672.19,29.27,Sell,157,Verified,13771.42,Price_Surge,2131.49,0
C034,Manufacturing,2025-09-14,1233.26,Renewable,674.34,629.34,22.59,Sell,65,Disputed,7563.91,Low_Demand,1460.61,0
C092,Energy,2025-07-30,1917.86,Natural Gas,1096.44,976.44,24.86,Buy,158,Disputed,5797.52,Low_Demand,552.74,1
C056,Steel,2024-08-07,2890.14,Mixed Fuel,1379.27,1330.27,23.27,Sell,177,Verified,19665.75,High_Demand,2239.33,0
C058,Energy,2025-04-15,2494.42,Mixed Fuel,1079.8,1278.8,33.14,Sell,150,Verified,15530.48,Price_Surge,2709.06,0
C088,Energy,2025-08-12,2531.34,Renewable,1630.95,1567.95,21.4,Sell,62,Disputed,10412.99,High_Demand,2324.15,0
C076,Energy,2024-05-05,1023.24,Coal,797.14,882.14,26.85,Sell,110,Verified,17475.05,High_Demand,2327.3,0
C087,Steel,2024-05-29,1566.28,Natural Gas,568.09,699.09,31.03,Sell,103,Verified,14898.23,Price_Surge,1522.62,0
C079,Energy,2025-02-01,2349.13,Mixed Fuel,1095.03,1246.03,32.27,Buy,83,Verified,18953.53,High_Demand,1079.74,1
C001,Manufacturing,2025-06-28,2852.58,Mixed Fuel,1367.47,1453.47,22.66,Sell,43,Disputed,17197.79,Low_Demand,556.49,0
C041,Steel,2024-09-28,2450.65,Natural Gas,893.59,1091.5900000000001,27.99,Sell,121,Disputed,7401.56,Low_Demand,2633.82,0
C092,Energy,2025-06-18,903.6,Renewable,510.07,565.0699999999999,33.78,Buy,140,Disputed,11364.83,Low_Demand,2082.62,1
C069,Manufacturing,2024-10-09,2828.32,Natural Gas,1536.75,1419.75,28.7,Buy,197,Verified,8414.72,Price_Surge,1540.58,1
C093,Energy,2024-07-06,635.89,Renewable,359.3,163.3,26.43,Buy,161,Verified,19075.07,Price_Surge,2838.82,1
C021,Steel,2024-07-05,2264.52,Natural Gas,1500.62,1343.62,29.21,Buy,137,Verified,18890.03,High_Demand,1746.41,1
C097,Steel,2025-08-17,2953.37,Coal,959.26,827.26,27.95,Sell,59,Verified,13894.86,Low_Demand,1886.97,0
C078,Steel,2025-10-10,1346.33,Mixed Fuel,728.64,559.64,21.56,Sell,74,Disputed,7473.45,Price_Surge,2780.41,0
C059,Energy,2024-03-25,2104.11,Coal,980.8,1110.8,24.61,Buy,89,Disputed,8229.03,Price_Surge,1906.74,1
C036,Energy,2024-08-09,2887.13,Natural Gas,2115.89,2160.89,32.98,Sell,111,Verified,14504.43,Price_Surge,648.12,0
C024,Manufacturing,2024-05-20,2678.03,Mixed Fuel,1495.37,1390.37,25.56,Sell,188,Disputed,15119.79,Price_Surge,2785.34,0
C073,Energy,2024-10-27,1145.97,Natural Gas,471.74,426.74,23.13,Buy,150,Disputed,14189.97,Low_Demand,1481.08,1
C014,Cement,2024-06-15,2353.77,Natural Gas,1470.76,1305.76,26.69,Buy,162,Verified,5724.57,Price_Surge,1560.01,1
C058,Energy,2025-01-28,948.12,Natural Gas,491.68,466.68,23.51,Buy,47,Disputed,7837.21,Price_Surge,1837.8,1
C022,Steel,2024-04-10,2329.04,Natural Gas,1540.53,1532.53,34.06,Sell,169,Disputed,13832.39,Low_Demand,735.15,0
C065,Energy,2025-07-05,510.32,Renewable,273.11,348.11,22.27,Buy,69,Verified,6699.48,Low_Demand,1570.03,1
C085,Cement,2024-09-12,2921.36,Natural Gas,1264.27,1083.27,20.92,Buy,184,Disputed,19703.84,Low_Demand,2876.8,1
C023,Cement,2025-12-01,2216.05,Coal,1613.34,1791.34,28.64,Sell,191,Disputed,5664.4,High_Demand,1372.14,0
C032,Steel,2025-08-26,2883.77,Renewable,2164.83,2343.83,28.92,Buy,187,Disputed,17159.09,Price_Surge,1361.16,1
C022,Energy,2025-10-24,1438.29,Renewable,657.29,856.29,23.43,Buy,64,Verified,12534.37,Price_Surge,2140.2,1
C070,Manufacturing,2025-01-19,2953.93,Renewable,2266.49,2336.49,34.99,Buy,153,Verified,19489.12,Price_Surge,1893.21,1
C075,Cement,2025-03-16,848.45,Renewable,585.02,490.02,32.09,Buy,192,Verified,19674.92,Price_Surge,2066.09,1
C009,Steel,2025-10-29,2130.79,Renewable,731.03,714.03,20.05,Sell,98,Verified,19803.97,High_Demand,1215.19,0
C087,Manufacturing,2025-01-01,2872.49,Coal,2237.17,2243.17,32.93,Buy,135,Verified,7196.83,Low_Demand,544.57,1
C093,Manufacturing,2025-06-04,1038.34,Natural Gas,823.53,625.53,20.23,Buy,90,Verified,9615.32,Low_Demand,2955.72,1
C027,Manufacturing,2024-01-04,1455.42,Mixed Fuel,466.38,540.38,32.56,Buy,112,Disputed,14731.89,High_Demand,994.18,1
C072,Cement,2024-12-30,941.27,Mixed Fuel,297.72,494.72,21.6,Buy,30,Verified,12024.52,High_Demand,832.38,1
C069,Steel,2025-07-31,659.02,Coal,491.94,616.94,26.52,Sell,129,Verified,11399.48,Price_Surge,881.82,0
C057,Energy,2024-03-09,807.16,Mixed Fuel,429.7,412.7,34.78,Buy,83,Disputed,13268.41,High_Demand,996.52,1
C092,Cement,2025-11-10,2072.56,Renewable,1315.7,1158.7,34.09,Sell,77,Verified,19337.33,Price_Surge,2010.22,0
C023,Energy,2024-11-07,2818.12,Coal,1689.85,1634.85,20.78,Buy,68,Verified,15961.75,Low_Demand,521.68,1
C004,Cement,2025-02-26,2036.35,Coal,660.5,554.5,29.6,Buy,184,Verified,7754.6,High_Demand,1322.58,1
C060,Steel,2025-12-13,2298.9,Coal,1209.94,1215.94,30.32,Buy,86,Verified,18390.15,Low_Demand,1304.38,1
C100,Energy,2024-03-14,838.25,Coal,504.19,688.19,21.53,Buy,80,Disputed,15173.2,Low_Demand,2380.27,1
C034,Manufacturing,2024-02-24,2357.23,Mixed Fuel,1677.09,1501.09,24.49,Buy,134,Disputed,11397.3,High_Demand,1881.16,1
C070,Manufacturing,2025-08-30,1051.75,Mixed Fuel,591.05,541.05,20.93,Buy,70,Verified,11071.22,High_Demand,593.74,1
C034,Energy,2024-11-21,2864.21,Mixed Fuel,1519.81,1487.81,31.22,Buy,193,Verified,8533.43,Price_Surge,1681.16,1
C093,Cement,2024-05-19,1986.04,Natural Gas,1261.43,1416.43,26.18,Buy,180,Verified,16191.6,Price_Surge,1819.27,1
C058,Steel,2025-03-12,2322.07,Mixed Fuel,1766.6,1686.6,23.8,Sell,192,Disputed,11495.42,High_Demand,1685.29,0
C094,Manufacturing,2025-07-21,779.46,Natural Gas,596.24,698.24,20.36,Sell,164,Disputed,6790.51,Low_Demand,2824.1,0
C013,Steel,2025-06-01,1102.6,Coal,593.36,577.36,23.5,Buy,143,Disputed,17155.78,High_Demand,2581.63,1
C037,Steel,2024-03-08,839.99,Mixed Fuel,578.71,400.71000000000004,20.16,Sell,64,Verified,18573.55,High_Demand,694.18,0
C038,Cement,2024-06-16,2010.16,Renewable,1437.03,1251.03,20.17,Sell,165,Disputed,18896.71,High_Demand,2998.22,0
C016,Cement,2024-02-17,1408.02,Mixed Fuel,712.15,784.15,23.62,Sell,59,Disputed,11870.91,Price_Surge,2500.74,0
C020,Energy,2025-02-15,1465.56,Renewable,1032.42,1208.42,29.23,Sell,45,Verified,9867.43,High_Demand,638.29,0
C086,Manufacturing,2025-01-16,1534.62,Renewable,634.8,732.8,32.06,Buy,84,Verified,16236.89,Price_Surge,1543.64,1
C018,Steel,2024-08-15,1854.45,Mixed Fuel,1067.07,1172.07,29.06,Buy,198,Verified,15787.13,High_Demand,1824.61,1
C074,Energy,2024-03-24,1680.35,Renewable,764.61,652.61,28.78,Buy,46,Verified,10599.25,Low_Demand,2466.8,1
C039,Manufacturing,2024-11-15,2876.99,Renewable,1770.5,1774.5,30.36,Sell,79,Disputed,13543.68,High_Demand,2413.5,0
C020,Steel,2025-10-21,1670.51,Renewable,1068.95,1261.95,33.21,Buy,167,Disputed,7664.2,Low_Demand,1223.69,1
C096,Energy,2025-03-30,1791.27,Coal,1047.91,1161.91,33.7,Buy,133,Verified,19821.06,Low_Demand,2413.58,1
C082,Steel,2024-11-21,1278.04,Natural Gas,517.55,638.55,22.29,Sell,123,Disputed,17377.51,Price_Surge,2912.91,0
C037,Steel,2025-01-12,874.61,Natural Gas,347.92,257.92,21.32,Buy,123,Disputed,9697.27,High_Demand,1822.87,1
C083,Energy,2025-03-05,2371.47,Renewable,1628.06,1516.06,21.11,Buy,70,Disputed,12313.95,High_Demand,2780.64,1
C100,Cement,2025-05-15,2753.25,Mixed Fuel,1009.54,832.54,31.48,Buy,143,Verified,11838.98,High_Demand,2097.25,1
C058,Energy,2024-11-13,966.92,Coal,555.84,720.84,27.49,Buy,105,Disputed,8729.18,Price_Surge,1001.46,1
C072,Cement,2024-06-01,2849.15,Natural Gas,1949.07,2000.07,21.24,Sell,163,Disputed,18278.96,Low_Demand,1742.41,0
C014,Steel,2025-02-20,576.69,Natural Gas,249.77,377.77,21.18,Buy,22,Verified,8314.03,Low_Demand,854.8,1
C078,Steel,2024-12-03,2607.22,Renewable,1170.25,1019.25,23.8,Sell,151,Verified,16223.55,High_Demand,2994.35,0
C073,Manufacturing,2024-12-26,538.76,Renewable,393.22,309.22,32.71,Sell,124,Disputed,13219.02,Price_Surge,1419.58,0
C009,Manufacturing,2024-01-21,2221.2,Renewable,1456.98,1417.98,28.38,Sell,197,Disputed,16751.02,Price_Surge,1384.34,0
C093,Steel,2025-09-08,912.66,Renewable,644.65,729.65,33.2,Buy,135,Verified,13586.42,High_Demand,1724.47,1
C008,Cement,2025-10-09,2748.46,Coal,2157.38,2009.38,20.12,Buy,113,Disputed,7777.89,Low_Demand,1998.52,1
C076,Manufacturing,2025-03-26,2027.09,Renewable,1331.03,1346.03,27.05,Sell,97,Disputed,15008.92,Price_Surge,1853.27,0
C059,Manufacturing,2025-03-08,2330.55,Natural Gas,1102.23,946.23,28.17,Buy,48,Disputed,12916.62,Low_Demand,1064.35,1
C076,Steel,2024-02-07,2528.28,Natural Gas,1821.21,1946.21,25.58,Buy,127,Verified,7096.81,Low_Demand,1710.41,1
C041,Cement,2025-08-17,1309.93,Mixed Fuel,546.32,547.32,20.68,Buy,88,Verified,18844.15,Price_Surge,1389.08,1
C076,Steel,2024-06-13,2602.21,Renewable,1797.97,1770.97,28.66,Sell,50,Disputed,19831.24,High_Demand,2544.42,0
C007,Energy,2024-01-11,623.37,Renewable,493.8,557.8,20.56,Sell,180,Disputed,6857.57,High_Demand,2223.17,0
C051,Cement,2024-02-25,1782.89,Mixed Fuel,781.93,667.93,33.49,Sell,72,Disputed,10722.05,High_Demand,1027.35,0
C005,Steel,2025-10-31,2568.91,Mixed Fuel,1724.08,1758.08,21.36,Sell,164,Disputed,18721.03,Price_Surge,2687.56,0
C096,Manufacturing,2025-01-20,1816.29,Mixed Fuel,607.7,769.7,25.3,Sell,148,Disputed,7989.0,Price_Surge,2691.84,0
C085,Cement,2024-10-05,1586.6,Coal,911.06,856.06,23.97,Buy,171,Disputed,16232.54,High_Demand,550.29,1
C036,Steel,2024-08-13,2942.91,Natural Gas,1810.26,1911.26,20.5,Sell,88,Verified,13765.69,Price_Surge,537.39,0
C074,Steel,2025-07-05,932.05,Renewable,329.58,307.58,34.97,Sell,36,Disputed,18439.44,Low_Demand,512.53,0
C083,Steel,2025-05-19,2921.25,Natural Gas,1671.33,1491.33,23.45,Sell,61,Disputed,16197.81,Low_Demand,1647.75,0
C059,Cement,2025-10-24,2314.03,Natural Gas,1210.28,1057.28,22.67,Sell,115,Disputed,19617.27,Low_Demand,587.09,0
C041,Steel,2024-11-16,526.07,Renewable,310.92,275.92,20.0,Sell,192,Verified,11909.44,Price_Surge,2190.26,0
C088,Manufacturing,2024-02-04,906.93,Coal,364.12,244.12,25.34,Buy,155,Verified,15597.16,Low_Demand,974.98,1
C089,Energy,2024-08-28,1776.52,Renewable,1296.86,1439.86,23.82,Buy,105,Disputed,8929.99,Low_Demand,2370.92,1
C029,Cement,2025-09-15,2428.98,Coal,1185.91,1151.91,33.32,Sell,76,Verified,10834.7,Low_Demand,2509.24,0
C086,Energy,2024-02-08,2866.27,Coal,1747.55,1796.55,34.98,Buy,63,Disputed,11005.04,High_Demand,2073.29,1
C057,Manufacturing,2024-07-20,1912.67,Natural Gas,606.3,516.3,29.69,Buy,34,Disputed,12957.96,High_Demand,890.87,1
C011,Manufacturing,2024-11-21,2451.05,Natural Gas,1212.4,1265.4,21.99,Sell,103,Verified,16141.21,High_Demand,1814.28,0
C067,Energy,2025-09-28,1709.82,Natural Gas,526.15,350.15,24.12,Buy,61,Disputed,14999.08,Low_Demand,2868.12,1
C081,Cement,2024-02-16,2239.25,Mixed Fuel,985.38,896.38,24.96,Sell,183,Disputed,5036.77,Price_Surge,2899.3,0
C092,Cement,2024-09-01,2544.92,Coal,1267.04,1280.04,28.58,Sell,160,Disputed,13660.54,Price_Surge,620.83,0
C032,Steel,2024-12-02,2764.34,Natural Gas,1395.84,1506.84,28.33,Buy,198,Verified,11513.62,High_Demand,2779.0,1
C074,Cement,2024-05-26,2171.11,Mixed Fuel,979.99,1025.99,22.0,Buy,66,Disputed,16999.32,Low_Demand,2522.52,1
C044,Energy,2025-04-13,1782.37,Natural Gas,716.81,782.81,25.73,Buy,100,Verified,15671.27,Price_Surge,522.27,1
C063,Cement,2024-11-10,1894.07,Natural Gas,658.92,496.91999999999996,32.56,Sell,147,Verified,12960.25,High_Demand,2492.83,0
C009,Steel,2025-07-16,2657.47,Natural Gas,1892.16,1719.16,32.47,Buy,144,Verified,12226.11,Low_Demand,2015.57,1
C009,Steel,2025-04-11,781.02,Natural Gas,430.53,297.53,32.83,Buy,91,Verified,5249.94,Low_Demand,2697.96,1
C056,Energy,2025-12-16,1962.98,Renewable,1228.24,1068.24,24.6,Buy,63,Disputed,15629.89,High_Demand,642.72,1
C007,Energy,2025-03-30,1515.89,Natural Gas,1054.82,1240.82,29.41,Sell,70,Verified,5115.33,High_Demand,823.18,0
C040,Energy,2024-09-07,2931.74,Natural Gas,1189.9,1108.9,22.2,Buy,43,Verified,14617.18,Low_Demand,836.7,1
C034,Steel,2025-11-04,2100.05,Coal,1356.07,1546.07,21.83,Sell,37,Disputed,14645.08,Price_Surge,2082.95,0
C031,Cement,2025-10-29,1449.78,Coal,538.18,487.17999999999995,29.22,Sell,95,Verified,5147.04,High_Demand,1125.94,0
C003,Energy,2024-10-21,1598.37,Renewable,1266.63,1068.63,27.06,Sell,196,Verified,14707.54,High_Demand,2567.68,0
C032,Energy,2024-03-08,2646.07,Natural Gas,1285.66,1224.66,31.21,Sell,162,Disputed,18534.6,High_Demand,505.77,0
C009,Manufacturing,2025-04-26,1175.66,Renewable,600.78,517.78,30.87,Buy,33,Verified,12747.78,High_Demand,1605.81,1
C086,Energy,2024-12-20,833.98,Mixed Fuel,314.16,328.16,23.53,Sell,52,Verified,7055.56,Low_Demand,1918.49,0
C056,Energy,2025-02-04,651.69,Renewable,315.5,234.5,26.86,Buy,117,Disputed,17963.9,Low_Demand,1734.91,1
C005,Steel,2024-11-18,2208.69,Natural Gas,1322.36,1300.36,27.18,Sell,154,Disputed,19621.63,High_Demand,1944.36,0
C069,Energy,2024-07-21,2557.82,Natural Gas,957.71,931.71,30.34,Sell,131,Disputed,6843.59,Price_Surge,633.39,0
C044,Energy,2024-08-16,642.46,Coal,414.0,358.0,28.91,Sell,72,Verified,18276.18,Price_Surge,2101.45,0
C079,Energy,2025-06-18,1653.75,Natural Gas,689.97,804.97,34.17,Sell,137,Verified,11008.21,Low_Demand,500.79,0
C009,Steel,2025-04-11,1491.79,Renewable,723.65,802.65,26.47,Sell,73,Disputed,6667.97,Low_Demand,787.68,0
C026,Steel,2025-07-08,2104.81,Natural Gas,1244.86,1226.86,33.85,Sell,101,Verified,5808.46,Price_Surge,2417.56,0
C062,Manufacturing,2024-07-03,550.47,Mixed Fuel,340.69,518.69,25.48,Buy,39,Verified,8807.34,High_Demand,2491.53,1
C014,Energy,2025-11-25,2311.43,Mixed Fuel,1002.71,1150.71,26.52,Sell,155,Verified,13224.18,Price_Surge,1690.05,0
C047,Steel,2024-07-19,2099.29,Coal,802.62,796.62,30.33,Buy,71,Verified,17048.55,Low_Demand,2274.65,1
C001,Manufacturing,2025-12-15,1686.41,Natural Gas,968.76,939.76,33.15,Buy,94,Disputed,7913.76,High_Demand,523.59,1
C069,Steel,2024-01-12,2552.91,Coal,1417.73,1353.73,24.96,Sell,103,Verified,10231.09,Low_Demand,1757.04,0
C018,Steel,2024-05-09,2415.85,Coal,816.89,960.89,33.25,Sell,97,Verified,9585.14,High_Demand,1618.03,0
C078,Manufacturing,2024-06-17,859.94,Renewable,333.88,449.88,28.99,Sell,178,Verified,14652.01,Low_Demand,1948.82,0
C035,Steel,2025-08-06,1424.83,Renewable,521.5,614.5,34.76,Buy,98,Verified,19150.49,High_Demand,1025.86,1
C029,Manufacturing,2025-12-23,1883.3,Natural Gas,1249.36,1204.36,30.23,Sell,163,Disputed,6208.73,Low_Demand,2073.19,0
C092,Steel,2024-12-12,1841.07,Mixed Fuel,1067.47,1152.47,33.56,Sell,89,Disputed,10050.33,High_Demand,2079.13,0
C013,Cement,2024-02-16,852.72,Mixed Fuel,647.86,790.86,20.28,Sell,80,Verified,16584.72,High_Demand,2168.04,0
C076,Steel,2024-06-16,2313.7,Coal,710.33,867.33,32.85,Sell,20,Verified,18083.45,Low_Demand,2907.92,0
C025,Energy,2024-01-30,2169.63,Renewable,1190.98,1335.98,25.38,Buy,175,Verified,19543.89,Price_Surge,826.62,1
C037,Manufacturing,2024-01-11,635.72,Renewable,364.95,253.95,29.36,Sell,130,Disputed,14957.41,Low_Demand,1370.08,0
C063,Cement,2025-12-21,1483.22,Coal,740.86,890.86,26.92,Sell,64,Disputed,19759.58,High_Demand,2480.38,0
C026,Energy,2025-06-24,2873.4,Natural Gas,1460.39,1472.39,28.81,Sell,119,Verified,14053.97,Low_Demand,1343.01,0
C006,Steel,2024-11-18,1421.76,Renewable,758.32,648.32,31.25,Buy,51,Disputed,12770.67,Low_Demand,2455.99,1
C070,Energy,2024-03-07,1963.38,Mixed Fuel,970.01,798.01,23.84,Sell,143,Disputed,7981.58,Low_Demand,2845.4,0
C034,Manufacturing,2024-08-09,1271.2,Renewable,565.69,744.69,28.46,Sell,176,Verified,9470.53,High_Demand,1479.06,0
C037,Energy,2025-08-17,579.59,Natural Gas,361.04,481.04,23.96,Sell,100,Disputed,11569.63,Low_Demand,2880.37,0
C070,Steel,2025-02-14,1614.14,Mixed Fuel,555.94,531.94,23.22,Buy,69,Verified,14333.88,Low_Demand,1998.73,1
C094,Steel,2025-10-24,2518.28,Natural Gas,1784.66,1589.66,24.5,Buy,114,Verified,11033.67,Low_Demand,1443.61,1
C030,Manufacturing,2025-03-02,1102.52,Mixed Fuel,647.67,449.66999999999996,29.76,Sell,126,Disputed,15572.78,High_Demand,1816.34,0
C004,Energy,2024-01-07,801.22,Coal,571.3,761.3,23.0,Sell,23,Disputed,17889.7,High_Demand,2008.49,0
C078,Cement,2024-11-15,1660.45,Mixed Fuel,645.8,637.8,25.67,Buy,146,Disputed,15836.79,Price_Surge,1671.21,1
C093,Steel,2025-02-16,1645.65,Renewable,864.28,867.28,20.07,Buy,167,Disputed,5761.8,Low_Demand,2597.84,1
C007,Energy,2024-10-31,1368.22,Coal,820.9,883.9,32.01,Sell,113,Disputed,7603.68,Price_Surge,570.62,0
C076,Energy,2025-02-09,2994.86,Natural Gas,1100.65,1293.65,31.01,Buy,188,Disputed,14203.72,High_Demand,1992.49,1
C054,Energy,2024-07-20,1577.19,Coal,786.28,854.28,29.37,Buy,93,Disputed,6900.91,Low_Demand,2813.22,1
C011,Manufacturing,2024-06-09,2787.05,Renewable,1307.51,1273.51,22.46,Buy,63,Disputed,12303.58,High_Demand,2218.27,1
C031,Manufacturing,2025-04-27,2253.35,Natural Gas,1108.29,1221.29,23.78,Buy,87,Verified,15720.37,Low_Demand,1152.61,1
C084,Energy,2025-08-17,2373.76,Natural Gas,1855.65,1883.65,25.47,Sell,99,Disputed,16269.1,Low_Demand,2998.95,0
C001,Cement,2024-03-28,1038.5,Renewable,333.37,298.37,27.59,Buy,90,Verified,18297.81,High_Demand,917.31,1
C017,Cement,2024-08-16,1345.68,Natural Gas,1042.81,955.81,28.95,Sell,126,Disputed,11738.29,High_Demand,1448.23,0
C017,Cement,2024-05-15,2340.13,Coal,1389.92,1416.92,22.11,Buy,24,Disputed,10261.99,High_Demand,2615.4,1
C047,Steel,2025-05-25,2034.67,Renewable,936.17,950.17,23.24,Buy,62,Verified,9205.47,High_Demand,2064.9,1
C019,Energy,2024-06-09,2483.62,Mixed Fuel,1091.66,1202.66,33.55,Buy,110,Verified,18728.97,Price_Surge,1368.62,1
C083,Cement,2025-07-08,1958.69,Natural Gas,1164.03,1271.03,31.51,Sell,39,Verified,8022.99,Low_Demand,1017.13,0
C037,Energy,2025-10-06,668.94,Mixed Fuel,273.15,75.14999999999998,34.11,Sell,35,Verified,9183.15,High_Demand,1357.33,0
C084,Cement,2025-01-21,612.66,Coal,484.62,458.62,31.56,Sell,92,Disputed,14184.37,Low_Demand,1140.53,0
C052,Manufacturing,2024-11-02,2079.2,Natural Gas,1370.09,1488.09,33.06,Buy,77,Disputed,18983.82,High_Demand,1936.58,1
C084,Cement,2025-09-30,1802.88,Renewable,1298.13,1435.13,32.52,Buy,111,Verified,11885.14,High_Demand,1592.24,1
C034,Cement,2025-05-21,786.95,Natural Gas,381.5,554.5,20.54,Sell,99,Verified,11299.78,Low_Demand,2802.37,0
C075,Cement,2025-06-29,2154.7,Mixed Fuel,1509.0,1515.0,22.28,Sell,190,Disputed,14783.89,High_Demand,2072.93,0
C009,Steel,2024-03-26,2150.26,Renewable,727.29,702.29,31.66,Buy,89,Verified,18114.29,High_Demand,2934.06,1
C035,Steel,2024-08-24,715.62,Mixed Fuel,538.29,736.29,21.52,Buy,82,Disputed,6805.29,Low_Demand,1461.44,1
C034,Steel,2024-08-13,910.38,Mixed Fuel,402.31,448.31,20.65,Sell,25,Disputed,19684.89,Price_Surge,760.18,0
C027,Energy,2025-09-08,800.06,Mixed Fuel,342.01,407.01,28.79,Buy,56,Verified,6050.75,Low_Demand,2773.24,1
C001,Manufacturing,2024-01-02,1524.01,Coal,586.95,700.95,28.02,Sell,22,Verified,15953.45,Price_Surge,2635.16,0
C009,Energy,2024-11-08,1316.14,Coal,860.26,1002.26,28.67,Buy,186,Verified,19946.77,High_Demand,1663.85,1
C047,Manufacturing,2024-08-28,977.27,Renewable,731.4,721.4,35.0,Buy,61,Verified,15937.79,Price_Surge,570.26,1
C089,Cement,2025-01-21,2674.63,Coal,844.24,863.24,34.73,Sell,57,Disputed,7846.53,Price_Surge,1247.93,0
C040,Cement,2024-04-27,2222.49,Mixed Fuel,704.38,591.38,28.07,Sell,152,Verified,15346.51,Low_Demand,2592.77,0
C085,Steel,2025-05-26,1423.12,Mixed Fuel,599.1,563.1,30.86,Buy,40,Disputed,15460.47,Price_Surge,1413.08,1
C036,Steel,2024-12-05,2674.51,Renewable,1040.23,864.23,26.99,Sell,45,Disputed,6770.18,High_Demand,2940.92,0
C067,Steel,2024-03-24,556.14,Renewable,172.56,151.56,21.56,Sell,35,Verified,12231.83,Price_Surge,754.81,0
C006,Manufacturing,2024-07-17,529.45,Mixed Fuel,245.64,306.64,30.67,Sell,117,Verified,8030.25,Low_Demand,2864.85,0
C019,Steel,2024-03-30,1607.62,Mixed Fuel,1151.37,986.3699999999999,27.59,Buy,196,Disputed,10958.18,Low_Demand,1434.08,1
C010,Cement,2024-12-14,708.64,Natural Gas,345.28,536.28,33.48,Sell,141,Verified,8394.43,High_Demand,2194.8,0
C076,Energy,2025-09-22,1451.51,Renewable,1136.61,1033.61,21.64,Sell,84,Disputed,9412.6,High_Demand,2592.63,0
C093,Manufacturing,2025-07-28,602.64,Coal,433.81,406.81,22.04,Sell,197,Verified,12637.95,Price_Surge,831.44,0
C044,Energy,2024-06-06,1495.5,Coal,846.98,974.98,23.93,Buy,132,Verified,7072.04,High_Demand,1842.94,1
C033,Steel,2024-09-10,996.34,Renewable,452.2,555.2,28.56,Buy,71,Verified,15454.52,High_Demand,1109.28,1
C011,Manufacturing,2024-11-07,698.06,Natural Gas,271.16,234.16000000000003,23.27,Sell,27,Verified,9207.52,High_Demand,2902.39,0
C057,Energy,2024-03-27,2003.9,Renewable,630.66,450.65999999999997,25.65,Sell,163,Disputed,10685.54,Low_Demand,2447.61,0
C037,Manufacturing,2025-07-09,1305.41,Renewable,869.14,946.14,30.52,Buy,67,Verified,5420.34,Low_Demand,1517.97,1
C026,Energy,2024-07-08,2359.52,Mixed Fuel,1858.13,1759.13,23.23,Sell,133,Verified,7433.71,Price_Surge,1638.08,0
C031,Manufacturing,2025-09-29,1510.67,Renewable,723.1,590.1,26.33,Sell,29,Verified,18332.84,Low_Demand,1509.99,0
C094,Steel,2025-09-06,552.25,Coal,208.55,59.55000000000001,24.01,Sell,153,Disputed,15565.21,High_Demand,1761.11,0
C048,Steel,2025-10-11,554.58,Natural Gas,177.89,172.89,30.6,Buy,95,Disputed,17600.66,Low_Demand,1423.27,1
C073,Cement,2024-03-19,2488.89,Mixed Fuel,1966.33,1825.33,34.19,Buy,72,Verified,13535.23,Price_Surge,964.59,1
C020,Steel,2024-11-10,2977.46,Coal,1519.96,1474.96,30.92,Sell,76,Disputed,13169.54,High_Demand,2574.62,0
C067,Steel,2024-06-09,2765.01,Coal,1528.6,1680.6,28.27,Buy,170,Disputed,5378.26,Low_Demand,695.4,1
C043,Cement,2024-11-27,2364.99,Renewable,1493.14,1599.14,25.44,Sell,141,Disputed,19389.63,Low_Demand,2490.91,0
C054,Energy,2025-02-27,2173.34,Renewable,926.23,1123.23,28.2,Buy,137,Verified,5565.71,Low_Demand,2760.81,1
C031,Energy,2024-07-15,1061.86,Natural Gas,710.32,577.32,32.6,Sell,48,Disputed,19202.33,High_Demand,1771.6,0
C048,Steel,2025-10-04,2744.26,Mixed Fuel,1855.89,1961.89,27.23,Sell,171,Verified,9780.33,High_Demand,1887.35,0
C087,Cement,2025-11-30,1180.3,Renewable,368.33,212.32999999999998,21.29,Buy,182,Disputed,7721.59,Low_Demand,559.59,1
C064,Steel,2024-04-03,825.02,Coal,548.27,640.27,34.73,Buy,148,Disputed,9836.55,High_Demand,2953.04,1
C072,Energy,2025-03-31,2952.91,Natural Gas,1520.22,1403.22,28.49,Buy,127,Verified,17664.86,Price_Surge,979.67,1
C076,Manufacturing,2024-02-19,2109.4,Mixed Fuel,1042.96,1102.96,27.85,Buy,44,Disputed,18500.91,High_Demand,938.05,1
C015,Cement,2024-04-16,2147.67,Renewable,1099.28,997.28,25.33,Sell,131,Disputed,10927.47,High_Demand,1033.12,0
C050,Steel,2025-08-25,542.89,Renewable,267.84,225.83999999999997,29.85,Sell,64,Disputed,14904.06,Low_Demand,721.16,0
C078,Steel,2024-09-23,2062.1,Coal,1403.84,1551.84,29.3,Buy,20,Disputed,14907.81,High_Demand,1960.75,1
C052,Cement,2025-07-11,1298.45,Renewable,814.92,643.92,21.12,Buy,110,Disputed,13655.4,Low_Demand,796.58,1
C005,Manufacturing,2024-11-05,1080.22,Renewable,731.48,534.48,21.01,Buy,183,Disputed,9871.63,Price_Surge,2715.1,1
C100,Cement,2024-12-04,2604.88,Coal,1572.4,1486.4,31.49,Buy,45,Verified,9747.78,Price_Surge,1165.36,1
C048,Energy,2025-07-03,1976.36,Mixed Fuel,906.64,774.64,28.64,Sell,29,Disputed,13448.42,Price_Surge,1369.08,0
C049,Cement,2024-08-27,2157.0,Mixed Fuel,1338.94,1263.94,23.5,Sell,41,Verified,12638.04,Low_Demand,2063.97,0
C040,Manufacturing,2024-11-05,1995.44,Mixed Fuel,1224.16,1168.16,20.14,Buy,195,Disputed,15241.52,Price_Surge,2719.39,1
C038,Steel,2025-06-19,1360.15,Coal,967.84,829.84,28.3,Sell,195,Verified,14824.51,High_Demand,753.6,0
C095,Steel,2024-04-23,2917.04,Coal,1043.57,1015.5699999999999,20.69,Buy,173,Disputed,10329.05,Low_Demand,2705.09,1
C024,Steel,2025-03-25,2072.4,Natural Gas,766.89,800.89,32.5,Sell,84,Verified,9076.73,Low_Demand,1227.89,0
C049,Steel,2024-11-19,2632.19,Coal,1127.44,1143.44,25.96,Sell,91,Verified,17594.65,Price_Surge,2971.95,0
C041,Manufacturing,2025-03-11,2129.76,Renewable,1235.58,1197.58,24.33,Sell,67,Verified,9638.5,High_Demand,1222.85,0
C087,Manufacturing,2024-02-19,1026.56,Coal,684.98,647.98,20.37,Sell,108,Verified,6945.7,Low_Demand,907.47,0
C056,Steel,2025-06-13,1519.35,Renewable,877.17,923.17,34.84,Buy,89,Disputed,19791.23,High_Demand,2076.77,1
C011,Steel,2024-08-10,1000.41,Natural Gas,421.17,239.17000000000002,33.18,Sell,129,Verified,8335.91,Price_Surge,2731.11,0
C084,Energy,2024-03-20,2023.95,Natural Gas,1552.76,1466.76,22.61,Buy,189,Verified,17075.01,High_Demand,2295.5,1
C020,Energy,2024-10-27,2122.42,Coal,1432.1,1602.1,33.72,Sell,176,Verified,13258.08,High_Demand,1379.92,0
C063,Energy,2025-04-27,2540.86,Natural Gas,1826.3,1830.3,21.54,Buy,147,Disputed,11389.96,Price_Surge,1855.34,1
C012,Manufacturing,2025-08-04,1552.67,Coal,891.59,859.59,27.22,Buy,28,Disputed,13140.24,High_Demand,1037.27,1
C091,Energy,2024-05-06,2321.44,Mixed Fuel,1072.63,1092.63,32.82,Buy,172,Verified,9861.26,High_Demand,717.29,1
C085,Energy,2025-08-24,2095.35,Mixed Fuel,1059.84,1118.84,32.8,Buy,191,Disputed,7945.59,High_Demand,1874.56,1
C080,Cement,2025-08-09,1839.31,Natural Gas,1337.16,1409.16,24.52,Sell,62,Disputed,17930.21,Price_Surge,1177.73,0
C033,Manufacturing,2025-01-17,1731.7,Renewable,1369.27,1258.27,23.8,Buy,122,Disputed,14096.28,Low_Demand,577.08,1
C028,Steel,2024-10-09,2064.8,Natural Gas,1586.36,1565.36,24.78,Sell,195,Disputed,13163.13,Price_Surge,1521.38,0
C060,Manufacturing,2024-02-22,2698.01,Coal,1292.59,1337.59,27.7,Buy,181,Verified,12799.89,High_Demand,773.05,1
C063,Energy,2024-02-23,2998.14,Natural Gas,928.42,851.42,24.13,Sell,122,Verified,15649.18,Price_Surge,1467.77,0
C048,Cement,2025-08-20,1831.98,Renewable,791.57,939.57,32.01,Sell,51,Verified,6409.47,Low_Demand,1356.08,0
C031,Cement,2025-06-09,513.49,Coal,390.94,522.94,24.48,Buy,73,Disputed,11036.81,High_Demand,1629.65,1
C010,Manufacturing,2025-05-04,2353.6,Mixed Fuel,1763.33,1613.33,24.56,Sell,171,Disputed,12284.09,Price_Surge,1945.72,0
C055,Cement,2025-11-24,1742.73,Renewable,651.49,542.49,25.07,Buy,79,Disputed,8212.52,High_Demand,587.02,1
C015,Energy,2024-03-21,876.07,Coal,656.21,707.21,27.4,Buy,26,Verified,18956.78,Low_Demand,2387.08,1
C005,Energy,2024-03-20,1788.09,Natural Gas,873.09,742.09,29.81,Sell,75,Verified,8186.93,High_Demand,2602.39,0
C014,Energy,2025-01-04,894.29,Coal,573.55,503.54999999999995,22.53,Sell,134,Disputed,15429.25,Price_Surge,1096.32,0
C094,Cement,2024-01-12,620.92,Natural Gas,220.21,50.21000000000001,34.19,Sell,172,Verified,19362.53,Price_Surge,1013.87,0
C046,Manufacturing,2024-06-05,1137.19,Natural Gas,802.73,713.73,32.79,Buy,169,Disputed,6894.82,High_Demand,648.26,1
C060,Manufacturing,2025-06-29,2720.9,Coal,936.83,896.83,22.98,Sell,83,Verified,17657.81,Price_Surge,2665.34,0
C084,Manufacturing,2025-12-11,2130.97,Coal,1053.09,1080.09,30.76,Buy,183,Verified,7188.96,Price_Surge,1881.76,1
C029,Energy,2024-09-22,2414.88,Mixed Fuel,849.39,734.39,27.73,Buy,51,Verified,8240.1,High_Demand,1726.86,1
C073,Cement,2025-02-28,775.58,Renewable,314.36,201.36,21.52,Sell,143,Verified,9249.26,Price_Surge,2067.14,0
C016,Cement,2024-11-22,1114.89,Renewable,520.98,321.98,31.3,Buy,106,Verified,11037.9,Price_Surge,2997.47,1
C048,Steel,2025-04-02,2653.3,Renewable,1871.79,1698.79,25.16,Buy,181,Disputed,13038.01,Low_Demand,1582.83,1
C031,Manufacturing,2024-01-21,1328.92,Mixed Fuel,404.76,442.76,24.94,Buy,176,Verified,19863.57,Low_Demand,1471.73,1
C095,Cement,2025-09-28,2936.4,Natural Gas,1204.14,1281.14,24.97,Buy,141,Verified,5871.11,Low_Demand,2153.04,1
C086,Energy,2025-03-24,1010.23,Mixed Fuel,430.61,486.61,24.41,Sell,160,Verified,13032.1,Price_Surge,1644.13,0
C058,Manufacturing,2025-03-01,2622.76,Natural Gas,1206.21,1019.21,34.01,Sell,118,Verified,10989.11,Price_Surge,2807.2,0
C027,Cement,2025-04-02,1522.82,Mixed Fuel,1155.93,1071.93,34.43,Buy,155,Disputed,6656.65,Low_Demand,2864.38,1
C043,Manufacturing,2025-02-27,2677.53,Coal,969.88,1067.88,26.21,Buy,145,Disputed,10303.37,High_Demand,2693.66,1
C011,Steel,2024-03-08,1585.5,Natural Gas,739.4,776.4,27.43,Buy,28,Verified,12153.93,High_Demand,1085.31,1
C032,Cement,2024-01-15,2691.88,Mixed Fuel,2117.83,2195.83,29.29,Sell,34,Disputed,8263.53,Price_Surge,1119.5,0
C035,Steel,2025-05-13,1750.27,Mixed Fuel,1112.78,1257.78,26.12,Sell,25,Verified,7011.5,Low_Demand,2658.84,0
C058,Steel,2024-12-31,2573.71,Natural Gas,1846.86,1972.86,34.44,Buy,138,Verified,8424.83,Price_Surge,2172.91,1
C043,Cement,2024-01-05,1934.01,Renewable,1171.72,1039.72,30.79,Buy,40,Disputed,14117.16,High_Demand,1934.37,1
C062,Energy,2024-11-16,2616.61,Mixed Fuel,998.48,899.48,21.75,Buy,81,Verified,19210.15,Price_Surge,2364.69,1
C028,Steel,2025-07-05,2009.64,Natural Gas,907.76,1007.76,28.41,Sell,46,Disputed,8276.63,High_Demand,1970.01,0
C052,Energy,2024-04-18,2695.25,Natural Gas,926.51,794.51,30.39,Buy,118,Disputed,18635.8,Low_Demand,2846.18,1
C039,Manufacturing,2025-08-10,604.09,Renewable,441.89,247.89,32.72,Buy,27,Disputed,7668.76,Low_Demand,2694.0,1
C060,Energy,2024-01-08,2800.06,Renewable,1693.14,1810.14,21.68,Sell,66,Disputed,7876.92,Price_Surge,2517.43,0
C096,Steel,2025-01-09,2971.41,Renewable,2200.25,2210.25,30.65,Buy,62,Disputed,15961.25,Low_Demand,2899.7,1
C008,Cement,2024-10-07,1803.01,Natural Gas,1438.34,1596.34,26.84,Sell,53,Disputed,7096.67,Price_Surge,1568.51,0
C013,Cement,2025-05-24,2913.91,Mixed Fuel,1225.36,1274.36,31.4,Sell,75,Disputed,12659.3,High_Demand,1900.8,0
C018,Energy,2024-04-22,1263.09,Renewable,536.8,477.79999999999995,25.58,Sell,35,Disputed,11124.52,High_Demand,1348.67,0
C041,Steel,2024-12-14,1773.98,Mixed Fuel,961.23,1108.23,33.97,Sell,82,Disputed,7030.42,Low_Demand,511.44,0
C047,Energy,2024-01-18,762.23,Natural Gas,439.23,325.23,33.7,Buy,24,Disputed,11354.73,Price_Surge,1694.07,1
C031,Manufacturing,2024-01-20,635.18,Natural Gas,417.07,546.0699999999999,34.32,Buy,164,Verified,10302.17,Price_Surge,1998.84,1
C050,Manufacturing,2024-05-16,1120.56,Renewable,742.57,887.57,25.23,Buy,105,Verified,18609.96,High_Demand,2299.14,1
C051,Energy,2024-03-12,1379.06,Mixed Fuel,866.02,1059.02,21.44,Buy,92,Disputed,17347.14,High_Demand,2505.2,1
C068,Manufacturing,2025-07-10,1318.53,Mixed Fuel,499.35,379.35,34.14,Sell,166,Verified,19487.32,High_Demand,2828.55,0
C079,Steel,2025-04-19,2509.58,Coal,1062.62,1112.62,33.54,Buy,191,Disputed,7384.84,Low_Demand,1347.43,1
C079,Manufacturing,2024-04-07,1236.48,Renewable,940.38,885.38,26.02,Sell,92,Verified,7107.02,Price_Surge,536.25,0
C038,Cement,2025-11-20,2242.5,Renewable,1212.95,1172.95,21.32,Buy,163,Verified,8149.77,Low_Demand,2358.0,1
C069,Energy,2025-04-04,2853.02,Coal,943.14,893.14,22.22,Sell,33,Verified,5418.43,High_Demand,975.65,0
C082,Cement,2024-11-04,691.45,Mixed Fuel,419.3,279.3,21.13,Buy,105,Verified,5443.71,Price_Surge,2529.74,1
C097,Steel,2024-10-22,2038.56,Coal,793.86,909.86,32.76,Sell,197,Disputed,16049.0,Price_Surge,2366.56,0
C038,Cement,2025-09-16,2925.64,Renewable,1761.72,1864.72,29.0,Buy,134,Verified,18482.68,High_Demand,1217.16,1
C094,Cement,2024-03-21,577.57,Natural Gas,446.58,571.5799999999999,22.18,Sell,189,Disputed,10258.14,Price_Surge,1057.1,0
C095,Energy,2025-04-21,2995.06,Coal,953.3,1000.3,24.7,Sell,131,Verified,13652.99,Low_Demand,1050.74,0
C004,Energy,2024-07-17,2366.74,Natural Gas,905.0,940.0,24.0,Buy,159,Verified,16433.46,High_Demand,845.39,1
C043,Steel,2025-12-13,2460.12,Renewable,1638.69,1472.69,21.57,Buy,109,Disputed,9723.94,Low_Demand,2142.56,1
C020,Cement,2024-01-26,1248.54,Coal,545.34,559.34,29.1,Sell,43,Verified,19830.67,Low_Demand,2198.97,0
C072,Manufacturing,2024-12-13,564.13,Mixed Fuel,421.11,617.11,20.4,Sell,170,Disputed,8428.1,Price_Surge,2806.86,0
C012,Energy,2024-08-03,2441.33,Mixed Fuel,1921.74,1965.74,33.5,Sell,125,Verified,16125.12,High_Demand,1328.81,0
C017,Energy,2024-12-01,1048.29,Mixed Fuel,628.82,814.82,28.84,Buy,103,Verified,13057.95,Low_Demand,1024.16,1
C031,Steel,2025-12-05,1050.0,Coal,515.01,550.01,33.13,Sell,31,Disputed,5217.14,Low_Demand,505.8,0
C045,Cement,2024-12-04,2987.58,Renewable,1982.34,1984.34,21.15,Buy,107,Verified,5662.04,High_Demand,1253.01,1
C053,Cement,2025-09-29,2223.44,Coal,1159.48,1345.48,28.66,Sell,162,Disputed,18759.26,High_Demand,2705.94,0
C011,Steel,2025-12-20,970.12,Renewable,465.46,415.46,34.21,Sell,74,Disputed,19852.34,Low_Demand,2695.11,0
C049,Steel,2024-01-13,2879.76,Renewable,2122.14,2094.14,26.47,Buy,63,Disputed,13355.88,High_Demand,1420.81,1
C068,Energy,2024-04-26,1528.19,Mixed Fuel,825.42,724.42,24.4,Sell,155,Verified,17308.17,Low_Demand,2770.75,0
C094,Cement,2024-10-18,2943.99,Natural Gas,1279.53,1446.53,32.05,Buy,99,Disputed,10297.73,Price_Surge,1040.48,1
C012,Energy,2024-08-23,1569.17,Coal,513.64,463.64,22.73,Buy,43,Verified,17704.07,High_Demand,1931.16,1
C022,Energy,2024-11-22,1990.13,Coal,1217.99,1289.99,33.86,Sell,160,Disputed,18205.82,Price_Surge,558.76,0
C082,Energy,2024-05-06,1639.88,Natural Gas,652.02,662.02,32.46,Buy,141,Verified,13702.32,Low_Demand,816.54,1
C023,Cement,2025-08-26,2719.48,Renewable,1751.55,1927.55,25.16,Sell,86,Disputed,10138.29,High_Demand,1347.74,0
C056,Manufacturing,2025-03-18,2282.04,Coal,1672.19,1820.19,34.58,Sell,143,Disputed,6482.83,High_Demand,948.14,0
C045,Energy,2024-05-22,1594.43,Mixed Fuel,543.57,639.57,32.24,Sell,177,Disputed,9454.7,Price_Surge,1078.98,0
C030,Manufacturing,2025-12-05,1124.55,Natural Gas,489.43,539.4300000000001,24.28,Sell,128,Verified,5502.71,Low_Demand,1571.46,0
C036,Cement,2025-06-15,2749.94,Mixed Fuel,1521.01,1496.01,22.23,Buy,197,Verified,16169.42,High_Demand,2428.89,1
C029,Energy,2024-05-09,1169.96,Mixed Fuel,634.35,604.35,23.48,Sell,141,Verified,6389.69,Low_Demand,1028.35,0
C017,Energy,2025-04-25,2747.2,Renewable,1846.34,2002.34,28.29,Sell,46,Disputed,7160.19,High_Demand,1364.67,0
C068,Manufacturing,2025-03-25,2653.92,Coal,1670.07,1570.07,20.57,Sell,34,Verified,7203.12,Low_Demand,2564.69,0
C038,Steel,2025-08-19,2480.61,Coal,1826.94,1693.94,31.02,Sell,195,Disputed,18426.56,Price_Surge,1523.89,0
C078,Manufacturing,2024-04-03,2051.71,Renewable,1047.79,1155.79,21.8,Sell,159,Disputed,13919.9,Low_Demand,503.43,0
C075,Steel,2024-02-04,641.17,Coal,486.82,544.8199999999999,32.17,Sell,100,Verified,12049.17,Price_Surge,2220.95,0
C053,Steel,2024-12-25,1457.09,Mixed Fuel,593.97,702.97,31.99,Buy,136,Disputed,5491.25,High_Demand,1962.71,1
C033,Cement,2025-07-24,2210.81,Mixed Fuel,1370.16,1415.16,34.23,Buy,75,Disputed,14922.34,Price_Surge,2717.67,1
C093,Energy,2024-06-28,2085.89,Renewable,1479.64,1554.64,30.24,Sell,144,Verified,5588.47,Low_Demand,1103.95,0
C070,Cement,2025-12-29,1319.52,Natural Gas,600.67,737.67,24.42,Sell,179,Verified,5030.83,Price_Surge,1615.92,0
C077,Energy,2025-04-12,2622.4,Mixed Fuel,901.42,796.42,25.73,Sell,35,Disputed,6294.87,Price_Surge,1066.36,0
C079,Manufacturing,2024-04-17,1368.81,Natural Gas,751.75,806.75,29.31,Buy,132,Disputed,12286.42,Low_Demand,589.06,1
C029,Cement,2025-07-11,1283.59,Mixed Fuel,903.65,1008.65,32.78,Sell,68,Disputed,9431.72,Low_Demand,1320.48,0
C024,Manufacturing,2024-05-19,530.73,Coal,168.71,135.71,26.92,Buy,169,Disputed,19669.01,Low_Demand,617.14,1
C073,Manufacturing,2025-10-15,2072.88,Natural Gas,1631.83,1586.83,24.6,Buy,82,Verified,11696.15,High_Demand,2637.23,1
C024,Energy,2024-12-24,1510.97,Renewable,1060.91,950.9100000000001,33.86,Buy,177,Disputed,5024.41,Low_Demand,1772.12,1
C082,Cement,2024-02-13,1131.58,Natural Gas,530.3,499.29999999999995,24.33,Sell,178,Verified,14490.21,Price_Surge,2625.24,0
C060,Manufacturing,2024-09-03,1247.8,Renewable,631.17,588.17,25.21,Sell,181,Verified,11916.03,Price_Surge,2836.74,0
C093,Steel,2025-09-10,591.26,Natural Gas,240.25,87.25,22.96,Buy,107,Verified,10502.77,Price_Surge,2505.69,1
C009,Energy,2025-02-17,608.21,Coal,388.97,288.97,29.05,Sell,83,Verified,16723.4,High_Demand,2815.57,0
C003,Steel,2025-04-13,2702.4,Renewable,910.24,955.24,24.95,Sell,185,Disputed,11031.73,Low_Demand,611.05,0
C048,Cement,2025-01-10,608.21,Mixed Fuel,453.83,627.8299999999999,26.37,Sell,47,Disputed,14371.14,Price_Surge,2583.26,0
C070,Steel,2025-11-23,1435.57,Mixed Fuel,456.52,333.52,34.99,Buy,159,Disputed,17788.4,Low_Demand,960.47,1
C072,Steel,2025-12-04,649.6,Renewable,348.07,302.07,31.99,Sell,173,Disputed,17238.18,Price_Surge,2118.47,0
C094,Manufacturing,2025-10-06,1925.47,Coal,1528.34,1727.34,33.41,Sell,138,Disputed,8405.81,Price_Surge,1916.15,0
C064,Steel,2025-06-24,1895.59,Renewable,1164.82,1263.82,24.29,Buy,193,Verified,16474.06,Price_Surge,1025.7,1
C093,Cement,2025-10-24,870.14,Renewable,634.53,566.53,30.89,Sell,52,Disputed,14979.43,Price_Surge,1322.43,0
C053,Steel,2024-08-15,1365.28,Coal,718.51,782.51,20.17,Buy,44,Disputed,19924.66,Low_Demand,2014.25,1
C004,Energy,2024-05-17,1031.39,Mixed Fuel,453.28,442.28,20.86,Buy,144,Disputed,12863.12,Price_Surge,2091.81,1
C039,Cement,2025-08-19,2727.04,Renewable,865.54,804.54,22.52,Buy,33,Verified,9010.34,Price_Surge,521.41,1
C099,Manufacturing,2024-04-13,2443.52,Natural Gas,785.99,720.99,29.89,Buy,158,Verified,7260.49,High_Demand,1551.55,1
C095,Steel,2024-09-14,1727.61,Natural Gas,600.92,515.92,27.09,Sell,54,Disputed,5366.91,Low_Demand,868.16,0
C090,Cement,2024-07-05,1892.85,Natural Gas,871.56,951.56,22.23,Sell,172,Verified,18228.45,Price_Surge,2916.01,0
C071,Steel,2025-12-13,2830.38,Renewable,2065.69,2239.69,30.72,Sell,144,Disputed,18110.06,Price_Surge,1029.88,0
C004,Cement,2024-10-16,2571.79,Natural Gas,1833.38,1636.38,25.61,Buy,94,Verified,9632.54,Low_Demand,1320.92,1
C088,Cement,2025-07-31,1975.96,Mixed Fuel,831.47,711.47,34.46,Buy,143,Verified,8332.36,High_Demand,516.1,1
C066,Steel,2025-05-02,1000.25,Renewable,693.01,607.01,31.58,Sell,134,Verified,12869.85,Price_Surge,2890.1,0
C092,Manufacturing,2024-09-13,1068.73,Mixed Fuel,585.03,727.03,33.29,Sell,166,Verified,13850.76,Low_Demand,2520.38,0
C095,Manufacturing,2025-04-27,2192.47,Natural Gas,1491.81,1520.81,31.91,Sell,38,Disputed,11456.32,Low_Demand,626.87,0
C039,Manufacturing,2025-04-10,1238.92,Renewable,506.66,648.6600000000001,23.62,Buy,199,Disputed,11608.0,Price_Surge,1939.45,1
C037,Cement,2024-05-05,1445.92,Natural Gas,947.3,1068.3,29.13,Sell,69,Disputed,6429.12,Price_Surge,2565.47,0
C063,Energy,2024-03-10,909.31,Mixed Fuel,607.93,614.93,25.68,Buy,69,Disputed,7552.68,High_Demand,593.53,1
C067,Manufacturing,2025-03-04,1826.26,Natural Gas,1299.15,1140.15,26.02,Buy,60,Disputed,13577.93,Low_Demand,1097.34,1
C020,Steel,2024-03-18,2238.78,Natural Gas,1367.71,1482.71,31.03,Sell,41,Verified,10440.53,Price_Surge,1143.26,0
C038,Energy,2025-07-21,1798.78,Mixed Fuel,1403.55,1594.55,30.99,Sell,44,Disputed,17825.0,Low_Demand,2017.92,0
C080,Energy,2025-05-15,610.5,Natural Gas,252.57,126.57,28.42,Buy,145,Disputed,8565.23,High_Demand,1145.24,1
C010,Energy,2024-07-22,1758.56,Renewable,978.54,943.54,31.19,Buy,172,Verified,12379.23,Low_Demand,2334.97,1
C075,Steel,2024-12-05,950.77,Renewable,570.24,465.24,30.51,Buy,194,Verified,8102.05,Low_Demand,682.58,1
C018,Cement,2024-06-28,2890.43,Mixed Fuel,1015.36,1106.3600000000001,33.09,Sell,36,Disputed,10658.22,High_Demand,1532.53,0
C096,Manufacturing,2024-03-17,740.67,Natural Gas,481.42,626.4200000000001,26.85,Sell,109,Verified,11314.19,High_Demand,1821.52,0
C082,Steel,2024-02-09,2737.41,Coal,1944.48,1842.48,29.07,Buy,117,Disputed,6477.72,Low_Demand,1818.93,1
C068,Energy,2025-12-15,1104.1,Coal,498.33,308.33,23.7,Sell,33,Verified,17811.58,Price_Surge,2153.21,0
C058,Energy,2024-01-29,828.39,Coal,565.82,569.82,25.92,Buy,52,Disputed,11502.9,High_Demand,1631.91,1
C023,Energy,2024-11-10,2965.32,Mixed Fuel,1529.09,1664.09,24.98,Sell,21,Verified,15023.3,Low_Demand,625.43,0
C023,Steel,2025-10-18,2634.28,Mixed Fuel,1944.24,1911.24,33.25,Buy,96,Disputed,5471.93,Low_Demand,1779.33,1
C064,Cement,2025-02-26,927.08,Coal,376.32,191.32,29.86,Buy,46,Disputed,5045.04,High_Demand,2985.89,1
C012,Steel,2025-06-30,2638.1,Natural Gas,1506.28,1534.28,32.41,Buy,66,Disputed,17397.03,High_Demand,2172.63,1
C088,Steel,2025-12-17,1267.36,Mixed Fuel,686.46,754.46,32.36,Sell,161,Disputed,8735.85,High_Demand,554.47,0
C025,Steel,2025-02-01,773.95,Natural Gas,392.0,489.0,27.29,Sell,70,Disputed,18261.75,Low_Demand,1862.26,0
C094,Cement,2025-06-13,2960.22,Natural Gas,1768.77,1802.77,26.0,Buy,130,Verified,8811.57,Price_Surge,775.93,1
C098,Cement,2025-06-18,725.29,Mixed Fuel,319.88,366.88,33.5,Buy,68,Verified,10286.63,Price_Surge,599.87,1
C067,Cement,2025-07-09,871.26,Renewable,614.73,726.73,33.46,Buy,122,Disputed,9403.44,Price_Surge,1010.81,1
C089,Steel,2025-03-28,1438.62,Renewable,667.97,633.97,22.77,Sell,182,Disputed,14594.67,Low_Demand,1850.34,0
C028,Energy,2024-05-23,2999.51,Coal,959.4,1067.4,23.17,Buy,197,Disputed,18987.27,High_Demand,875.34,1
C081,Steel,2024-07-03,1540.68,Renewable,941.04,916.04,30.38,Buy,33,Verified,16671.09,Price_Surge,1784.54,1
C014,Cement,2024-08-07,598.18,Mixed Fuel,309.98,385.98,23.93,Buy,197,Verified,9243.19,Price_Surge,523.37,1
C031,Cement,2024-12-23,1398.38,Mixed Fuel,793.76,912.76,20.13,Sell,146,Verified,16486.95,Low_Demand,2069.89,0
C022,Energy,2024-08-09,1162.79,Coal,757.87,579.87,20.63,Buy,83,Disputed,16188.47,High_Demand,1322.71,1
C096,Manufacturing,2025-02-14,1109.34,Mixed Fuel,699.84,616.84,23.1,Sell,35,Verified,18172.17,High_Demand,1614.32,0
C036,Manufacturing,2024-06-13,1681.66,Coal,808.99,1008.99,25.93,Sell,145,Disputed,19305.83,Price_Surge,968.86,0
C068,Energy,2025-04-01,1423.59,Natural Gas,1072.5,1025.5,34.59,Buy,92,Verified,10453.19,Price_Surge,1571.23,1
C059,Steel,2024-08-03,2005.33,Mixed Fuel,645.11,815.11,33.27,Buy,56,Verified,8274.15,Price_Surge,1910.66,1
C073,Manufacturing,2024-07-04,2850.37,Renewable,1175.24,1037.24,26.6,Sell,78,Disputed,10727.48,High_Demand,1737.14,0
C088,Manufacturing,2024-05-31,1819.23,Coal,1418.15,1337.15,27.79,Sell,77,Verified,7184.17,Price_Surge,1282.48,0
C053,Steel,2025-08-22,1194.38,Natural Gas,753.16,613.16,24.81,Sell,78,Disputed,11689.33,Low_Demand,1576.72,0
C093,Manufacturing,2024-06-25,2225.49,Natural Gas,1370.31,1565.31,27.39,Buy,169,Verified,12573.71,High_Demand,2898.75,1
C080,Manufacturing,2025-12-02,1481.1,Natural Gas,1080.63,1017.6300000000001,25.16,Sell,177,Verified,14352.59,Price_Surge,2182.14,0
C002,Cement,2025-09-28,2532.39,Natural Gas,889.89,715.89,21.91,Buy,153,Disputed,13591.08,High_Demand,1510.31,1
C011,Cement,2025-11-06,2174.4,Renewable,1508.45,1377.45,21.69,Buy,43,Verified,16835.62,Price_Surge,823.35,1
C007,Manufacturing,2025-07-20,2953.59,Coal,1280.82,1405.82,26.51,Buy,42,Disputed,14296.6,High_Demand,1089.55,1
C018,Cement,2024-01-05,2384.12,Renewable,1569.28,1410.28,27.03,Buy,173,Verified,9905.17,High_Demand,1066.45,1
C044,Energy,2025-11-09,2244.61,Natural Gas,1445.95,1604.95,23.44,Sell,138,Verified,15656.22,Low_Demand,1962.09,0
C024,Energy,2025-09-15,1405.05,Mixed Fuel,591.04,565.04,22.64,Sell,117,Disputed,8868.61,Price_Surge,2286.11,0
C015,Steel,2024-09-05,2625.31,Natural Gas,1020.99,906.99,30.29,Buy,108,Disputed,17500.28,Price_Surge,2094.28,1
C013,Manufacturing,2025-10-18,882.04,Renewable,612.15,514.15,28.43,Sell,31,Verified,5283.11,Low_Demand,2532.84,0
C033,Steel,2025-06-05,1405.47,Coal,564.13,567.13,20.86,Sell,93,Disputed,17031.13,High_Demand,2389.89,0
C021,Cement,2025-05-31,1310.51,Renewable,961.09,861.09,29.21,Buy,176,Verified,9116.03,Price_Surge,1307.06,1
C069,Steel,2024-07-16,2205.4,Coal,1396.25,1394.25,34.82,Sell,195,Verified,9194.66,Price_Surge,1023.16,0
C042,Manufacturing,2024-08-07,2101.38,Coal,1210.09,1345.09,28.05,Buy,80,Verified,5214.79,Price_Surge,626.64,1
C051,Energy,2024-08-23,1481.36,Coal,1049.42,1249.42,26.87,Sell,96,Disputed,18213.45,Low_Demand,1850.01,0
C040,Cement,2024-03-14,1719.16,Mixed Fuel,1325.73,1138.73,24.99,Sell,84,Verified,5511.41,Price_Surge,1042.28,0
C080,Manufacturing,2024-07-12,934.4,Renewable,593.42,753.42,27.65,Buy,28,Verified,15324.54,High_Demand,2388.64,1
C065,Steel,2025-03-16,2378.36,Mixed Fuel,1229.17,1142.17,34.45,Buy,71,Disputed,15008.29,High_Demand,1726.24,1
C019,Energy,2024-08-22,621.25,Coal,348.91,476.91,34.38,Buy,57,Disputed,6873.84,High_Demand,1647.14,1
C038,Manufacturing,2025-04-18,2256.01,Coal,678.55,589.55,20.6,Buy,199,Disputed,11573.01,Low_Demand,2801.58,1
C050,Manufacturing,2024-04-02,2933.62,Natural Gas,962.45,906.45,28.3,Buy,101,Verified,12739.61,Low_Demand,2175.16,1
C067,Cement,2025-05-08,2998.16,Renewable,1699.58,1634.58,26.28,Buy,37,Disputed,5261.01,Low_Demand,1259.22,1
C084,Steel,2025-06-15,2966.01,Natural Gas,2079.05,1977.0500000000002,29.69,Sell,180,Verified,17238.82,Price_Surge,1683.74,0
C062,Manufacturing,2025-09-27,1439.48,Renewable,861.46,772.46,30.23,Sell,84,Verified,15228.94,High_Demand,701.5,0
C091,Steel,2024-06-08,1154.6,Renewable,619.33,774.33,25.41,Buy,132,Verified,14367.44,Low_Demand,2148.1,1
C050,Steel,2025-04-27,1880.32,Natural Gas,1119.67,1187.67,26.75,Sell,110,Disputed,17226.0,High_Demand,796.03,0
C026,Steel,2025-09-16,1722.17,Mixed Fuel,616.57,602.57,33.16,Buy,181,Disputed,5346.94,Low_Demand,1528.07,1
C065,Manufacturing,2024-06-08,1851.84,Coal,963.56,958.56,30.71,Buy,179,Disputed,9050.9,High_Demand,2818.37,1
C046,Steel,2025-03-16,2975.09,Mixed Fuel,1865.0,1964.0,25.6,Sell,61,Verified,10550.43,High_Demand,1300.45,0
C008,Cement,2024-10-31,2983.53,Mixed Fuel,1136.96,1276.96,31.07,Buy,80,Disputed,11002.75,Price_Surge,2650.9,1
C097,Cement,2024-06-10,2844.97,Renewable,1906.71,2074.71,32.62,Buy,146,Verified,5956.17,Low_Demand,2296.87,1
C015,Manufacturing,2024-01-10,2288.87,Renewable,1045.51,990.51,23.66,Buy,168,Disputed,10851.81,High_Demand,2855.34,1
C044,Cement,2025-05-11,1603.84,Mixed Fuel,655.07,482.07000000000005,24.23,Buy,134,Disputed,11346.27,Price_Surge,1561.19,1
C037,Manufacturing,2025-12-17,516.5,Natural Gas,361.68,190.68,34.44,Buy,141,Disputed,13144.38,High_Demand,584.52,1
C002,Cement,2025-09-13,1786.74,Coal,1271.77,1439.77,21.36,Buy,32,Verified,9104.54,Low_Demand,1795.37,1
C049,Cement,2024-04-08,2645.5,Mixed Fuel,844.87,944.87,20.17,Sell,159,Verified,11827.63,Low_Demand,839.38,0
C034,Manufacturing,2025-11-05,2637.28,Mixed Fuel,1456.4,1333.4,31.71,Sell,63,Verified,6540.28,High_Demand,1116.46,0
C024,Steel,2024-08-02,627.72,Renewable,435.44,410.44,20.22,Sell,57,Disputed,12030.25,High_Demand,2023.59,0
C019,Manufacturing,2025-10-08,1974.1,Natural Gas,1391.65,1578.65,30.04,Buy,128,Disputed,9938.48,High_Demand,551.42,1
C082,Steel,2025-09-10,1622.43,Mixed Fuel,881.67,716.67,31.82,Buy,176,Disputed,14584.98,High_Demand,2695.34,1
C033,Steel,2024-07-07,2440.11,Natural Gas,1193.06,1205.06,33.99,Buy,88,Verified,12056.25,High_Demand,2017.47,1
C053,Energy,2025-08-11,786.73,Natural Gas,442.2,517.2,30.14,Sell,190,Verified,13371.61,High_Demand,1419.42,0
C081,Manufacturing,2025-04-12,1530.03,Natural Gas,505.77,591.77,33.76,Sell,98,Verified,10322.5,Low_Demand,2027.9,0
C019,Energy,2025-11-23,2652.01,Mixed Fuel,1585.7,1695.7,34.57,Buy,73,Verified,19408.88,High_Demand,870.8,1
C056,Steel,2024-02-10,2332.65,Renewable,1618.24,1610.24,31.74,Buy,29,Verified,12001.44,Price_Surge,2633.58,1
C013,Steel,2024-01-04,1376.12,Coal,638.63,830.63,21.46,Buy,65,Disputed,15599.42,Price_Surge,558.91,1
C033,Cement,2024-02-12,1246.13,Renewable,866.22,723.22,27.57,Buy,100,Verified,7486.26,Price_Surge,2328.85,1
C035,Cement,2024-04-13,571.57,Renewable,369.87,449.87,24.93,Buy,92,Verified,12716.83,Price_Surge,2983.56,1
C028,Cement,2024-04-28,1199.52,Coal,838.81,855.81,26.42,Buy,195,Verified,9614.17,High_Demand,2541.03,1
C085,Cement,2024-11-26,1935.02,Mixed Fuel,753.2,633.2,26.85,Buy,36,Disputed,9993.36,Price_Surge,903.65,1
C075,Manufacturing,2024-12-06,624.62,Natural Gas,388.23,233.23000000000002,24.1,Buy,29,Disputed,5023.81,Low_Demand,1886.23,1
C096,Energy,2025-12-04,1260.38,Natural Gas,641.31,665.31,23.31,Sell,26,Disputed,15023.34,Price_Surge,1770.18,0
C055,Manufacturing,2025-04-05,2036.09,Coal,1281.28,1366.28,27.76,Sell,133,Verified,10456.16,Low_Demand,1397.89,0
C051,Energy,2024-02-01,1368.11,Coal,700.81,628.81,32.1,Sell,152,Disputed,10228.53,High_Demand,855.53,0
C074,Manufacturing,2025-02-05,2248.21,Natural Gas,1247.0,1250.0,32.66,Sell,163,Verified,5183.3,Price_Surge,2241.16,0
C006,Cement,2025-03-07,2368.71,Renewable,1154.81,955.81,28.43,Sell,24,Disputed,18672.18,High_Demand,518.75,0
C009,Manufacturing,2024-09-26,1049.14,Renewable,677.45,700.45,32.6,Buy,39,Verified,18157.84,High_Demand,2816.73,1
C067,Energy,2025-11-12,2028.21,Renewable,1306.28,1173.28,21.17,Sell,137,Disputed,14821.3,High_Demand,1426.04,0
C029,Cement,2025-06-03,2100.36,Natural Gas,918.33,819.33,34.33,Buy,75,Verified,14992.26,High_Demand,2508.2,1
C068,Steel,2025-10-25,2104.29,Coal,1670.06,1691.06,21.39,Buy,77,Disputed,12788.39,Price_Surge,1888.7,1
C075,Cement,2025-05-12,1892.45,Natural Gas,830.85,896.85,32.09,Buy,83,Disputed,14965.73,Low_Demand,2352.39,1
C086,Steel,2025-03-16,1115.43,Renewable,390.94,464.94,33.18,Sell,36,Disputed,5500.31,Low_Demand,2018.01,0
C049,Steel,2024-07-07,1427.46,Natural Gas,636.85,468.85,20.82,Sell,103,Disputed,15252.19,High_Demand,2060.81,0
C047,Cement,2025-05-28,1930.4,Coal,731.81,635.81,27.45,Sell,69,Verified,10094.14,Price_Surge,2561.62,0
C083,Manufacturing,2024-08-12,1014.37,Coal,306.4,374.4,22.73,Buy,140,Verified,16068.06,High_Demand,2888.6,1
C040,Manufacturing,2024-02-04,2316.49,Natural Gas,1228.68,1210.68,26.81,Buy,136,Disputed,7294.82,Low_Demand,1805.88,1
C089,Manufacturing,2024-03-19,2725.75,Coal,1033.08,858.0799999999999,24.63,Buy,30,Disputed,17761.83,High_Demand,2645.64,1
C084,Steel,2024-03-25,504.28,Natural Gas,347.61,527.61,30.07,Sell,146,Verified,8495.66,High_Demand,1465.95,0
C037,Cement,2024-12-08,2362.58,Renewable,793.73,679.73,34.36,Buy,194,Verified,12572.3,Low_Demand,1558.2,1
C069,Energy,2025-07-02,1194.7,Natural Gas,571.85,602.85,25.43,Sell,67,Disputed,9710.91,Price_Surge,1048.47,0
C066,Steel,2025-10-03,2199.87,Mixed Fuel,1491.48,1361.48,34.53,Sell,21,Disputed,5807.22,Price_Surge,1026.15,0
C030,Energy,2024-06-29,575.3,Natural Gas,175.24,363.24,24.12,Sell,198,Disputed,6230.47,Price_Surge,1598.8,0
C038,Steel,2024-10-05,1816.54,Mixed Fuel,661.6,709.6,20.31,Buy,146,Verified,7847.5,High_Demand,565.32,1
C058,Steel,2025-07-01,886.96,Natural Gas,410.56,225.56,34.54,Sell,66,Verified,9233.88,Price_Surge,773.2,0
C099,Manufacturing,2025-01-27,2093.39,Coal,1385.49,1554.49,29.1,Sell,78,Disputed,11208.3,Price_Surge,2947.76,0
C096,Cement,2024-01-07,1492.05,Renewable,661.06,535.06,21.57,Buy,159,Disputed,16060.48,Price_Surge,1250.89,1
C093,Manufacturing,2024-11-09,1520.59,Natural Gas,954.5,847.5,24.31,Buy,129,Disputed,5829.15,High_Demand,2363.03,1
C040,Energy,2024-05-10,1409.17,Renewable,925.78,845.78,29.0,Sell,43,Verified,13635.99,Low_Demand,1689.77,0
C026,Steel,2025-01-21,1693.47,Mixed Fuel,1307.07,1272.07,28.69,Sell,98,Verified,12692.11,Price_Surge,1907.37,0
C029,Cement,2025-09-01,1007.91,Mixed Fuel,704.28,874.28,31.08,Sell,90,Verified,15317.13,Price_Surge,1860.01,0
C015,Steel,2025-11-24,1032.38,Coal,535.29,365.28999999999996,26.64,Buy,84,Disputed,9121.8,Low_Demand,1160.16,1
C058,Energy,2025-05-09,2813.57,Renewable,968.17,946.17,33.82,Buy,172,Verified,14225.2,High_Demand,756.99,1
C054,Energy,2024-01-07,2431.47,Mixed Fuel,1101.98,1109.98,21.62,Sell,151,Disputed,19198.31,High_Demand,1954.59,0
C081,Energy,2025-07-13,2006.49,Coal,1075.52,1253.52,23.55,Buy,84,Disputed,14310.04,Price_Surge,2502.06,1
C002,Manufacturing,2024-08-29,1308.6,Mixed Fuel,825.8,884.8,31.74,Buy,91,Disputed,12828.91,High_Demand,2885.18,1
C020,Energy,2025-07-26,2413.75,Mixed Fuel,785.48,714.48,21.53,Buy,47,Disputed,14986.38,High_Demand,1648.01,1
C030,Energy,2024-08-30,2664.27,Renewable,1448.85,1562.85,31.45,Buy,146,Verified,11593.52,High_Demand,1902.45,1
C014,Cement,2025-05-25,2506.86,Renewable,1443.02,1336.02,26.14,Buy,176,Verified,10946.32,Low_Demand,2476.19,1
C066,Cement,2025-03-16,1019.3,Renewable,780.34,820.34,21.7,Sell,169,Verified,12569.21,High_Demand,2664.35,0
C098,Energy,2024-01-07,2586.68,Renewable,1687.63,1586.63,27.08,Sell,106,Verified,12496.68,Low_Demand,553.64,0
C078,Manufacturing,2025-12-20,2196.27,Mixed Fuel,1059.45,933.45,29.9,Sell,148,Disputed,17106.97,Price_Surge,2453.86,0
C075,Manufacturing,2024-03-27,1048.71,Natural Gas,342.08,396.08,24.11,Buy,56,Disputed,9302.3,Price_Surge,2797.15,1
C059,Cement,2025-02-23,1109.73,Mixed Fuel,572.39,525.39,20.98,Sell,138,Verified,12055.86,Price_Surge,1844.23,0
C078,Manufacturing,2024-01-09,1575.96,Renewable,601.18,588.18,33.33,Sell,94,Verified,15443.43,Price_Surge,2405.03,0
C011,Manufacturing,2024-11-14,2820.69,Coal,1391.15,1218.15,27.05,Buy,62,Verified,11799.77,Low_Demand,819.36,1
C054,Energy,2024-01-03,717.95,Mixed Fuel,461.81,285.81,29.9,Buy,170,Verified,10382.14,Low_Demand,2272.06,1
C083,Cement,2025-02-25,966.44,Coal,453.66,292.66,23.9,Sell,166,Verified,19035.92,Price_Surge,1427.57,0
C044,Cement,2025-04-30,1834.95,Mixed Fuel,1408.45,1301.45,24.5,Sell,131,Disputed,16454.09,Low_Demand,2483.75,0
C051,Steel,2024-08-29,716.87,Mixed Fuel,496.84,356.84,31.46,Buy,30,Disputed,17354.27,Low_Demand,631.54,1
C065,Steel,2025-11-28,2151.05,Renewable,1298.7,1403.7,24.75,Sell,110,Disputed,19847.76,Price_Surge,1109.39,0
C042,Steel,2025-10-16,802.87,Natural Gas,272.82,332.82,33.91,Sell,33,Disputed,10780.37,Price_Surge,720.1,0
C093,Manufacturing,2025-10-03,2926.83,Mixed Fuel,1675.33,1708.33,20.82,Sell,105,Disputed,18859.93,Low_Demand,1692.59,0
C039,Cement,2025-09-06,1618.69,Renewable,830.2,632.2,21.4,Buy,35,Verified,18092.84,High_Demand,1491.12,1
C062,Energy,2024-02-13,2247.35,Natural Gas,1386.93,1385.93,29.99,Sell,170,Disputed,8486.09,High_Demand,1846.67,0
C074,Manufacturing,2024-02-29,1047.24,Mixed Fuel,571.95,392.95000000000005,32.14,Buy,87,Verified,8241.07,High_Demand,2803.85,1
C075,Manufacturing,2024-02-06,609.09,Renewable,367.67,336.67,27.15,Sell,196,Disputed,14085.84,High_Demand,2578.16,0
C012,Manufacturing,2024-09-21,2945.33,Renewable,1590.24,1675.24,31.95,Buy,188,Verified,16761.54,Low_Demand,1642.29,1
C083,Manufacturing,2025-08-11,2048.04,Mixed Fuel,790.86,717.86,27.72,Sell,108,Verified,5073.41,Price_Surge,909.19,0
C014,Steel,2025-06-17,2974.31,Natural Gas,1970.25,1829.25,27.91,Buy,95,Verified,11351.0,High_Demand,892.32,1
C061,Cement,2025-09-13,1830.12,Mixed Fuel,1304.36,1164.36,20.39,Sell,24,Verified,8240.04,High_Demand,1209.74,0
C058,Manufacturing,2025-02-04,2458.19,Mixed Fuel,1000.28,1199.28,21.55,Buy,171,Disputed,19671.25,Low_Demand,1435.57,1
C009,Cement,2024-11-04,2457.16,Coal,1939.76,2106.76,28.33,Sell,51,Verified,7559.56,Low_Demand,2424.79,0
C016,Cement,2025-02-19,1174.92,Mixed Fuel,406.29,232.29000000000002,25.69,Buy,193,Verified,8237.62,High_Demand,1152.06,1
C016,Energy,2025-10-28,2703.39,Renewable,1078.34,1150.34,25.32,Sell,151,Disputed,8566.17,Price_Surge,1001.66,0
C008,Manufacturing,2024-08-05,1189.75,Natural Gas,407.48,513.48,26.43,Buy,149,Disputed,8095.45,High_Demand,2523.14,1
C060,Steel,2024-11-02,2578.05,Mixed Fuel,1375.65,1349.65,29.81,Buy,83,Disputed,6128.84,High_Demand,1048.6,1
C066,Energy,2025-11-06,2417.59,Mixed Fuel,1175.38,1190.38,32.79,Buy,117,Verified,14120.42,High_Demand,1667.72,1
C020,Energy,2024-06-05,2029.14,Mixed Fuel,912.27,828.27,25.6,Sell,129,Verified,11011.14,High_Demand,1453.88,0
C075,Cement,2024-05-08,2223.98,Natural Gas,836.77,985.77,22.55,Buy,188,Verified,6664.38,Price_Surge,1713.4,1
C025,Steel,2024-02-13,2743.16,Natural Gas,1360.62,1342.62,22.58,Sell,152,Verified,7146.97,Low_Demand,881.62,0
C094,Energy,2025-09-02,1393.31,Natural Gas,862.57,762.57,20.9,Sell,87,Disputed,11800.87,Price_Surge,656.73,0
C047,Manufacturing,2025-10-23,1096.63,Renewable,385.26,551.26,32.21,Buy,127,Disputed,5574.94,High_Demand,1878.36,1
C007,Cement,2024-01-08,1970.87,Coal,719.14,620.14,26.91,Sell,191,Verified,6123.3,Price_Surge,1550.38,0
C058,Steel,2024-04-13,1854.15,Natural Gas,709.75,607.75,24.19,Buy,198,Verified,16215.43,Price_Surge,2143.04,1
C060,Steel,2024-05-01,1053.15,Mixed Fuel,361.32,315.32,22.49,Sell,140,Disputed,19640.17,Price_Surge,2562.97,0
C046,Cement,2025-01-26,1489.36,Renewable,1092.79,1093.79,25.51,Buy,129,Disputed,15088.43,Price_Surge,1605.08,1
C051,Manufacturing,2025-08-21,707.45,Coal,347.94,202.94,20.75,Buy,107,Verified,16041.5,High_Demand,1719.71,1
C082,Steel,2024-07-09,2313.15,Mixed Fuel,1501.65,1572.65,20.96,Sell,57,Verified,13250.72,Low_Demand,941.48,0
C027,Energy,2025-11-20,1943.18,Renewable,591.09,561.09,33.88,Buy,119,Verified,16813.99,Price_Surge,790.52,1
C072,Steel,2024-03-30,1520.85,Renewable,532.8,518.8,20.15,Sell,170,Verified,16702.86,High_Demand,724.03,0
C072,Steel,2024-08-04,1267.69,Natural Gas,633.02,726.02,32.95,Sell,178,Verified,15574.33,Price_Surge,2376.28,0
C073,Energy,2024-01-20,1541.87,Natural Gas,812.37,818.37,21.62,Buy,40,Verified,15128.71,High_Demand,1956.81,1
C099,Manufacturing,2025-01-14,1590.67,Coal,1043.56,913.56,26.76,Sell,55,Disputed,9115.79,Price_Surge,2005.69,0
C063,Energy,2025-02-11,1633.1,Mixed Fuel,504.0,689.0,24.02,Buy,184,Disputed,9993.08,Low_Demand,706.08,1
C010,Energy,2024-12-21,524.2,Mixed Fuel,344.17,541.1700000000001,22.32,Sell,79,Disputed,15678.56,Price_Surge,682.72,0
C029,Manufacturing,2025-10-31,1247.21,Renewable,988.43,1036.4299999999998,28.95,Buy,114,Disputed,9889.69,Price_Surge,2127.84,1
C049,Manufacturing,2025-11-30,2606.99,Mixed Fuel,1300.31,1312.31,31.16,Sell,67,Disputed,10948.3,High_Demand,1593.73,0
C048,Manufacturing,2025-03-05,1611.03,Natural Gas,1112.85,1222.85,20.31,Buy,113,Verified,17485.76,Price_Surge,527.38,1
C009,Energy,2025-02-14,1645.62,Natural Gas,1085.28,1212.28,29.37,Sell,152,Disputed,13029.17,High_Demand,2164.56,0
C042,Steel,2024-11-22,2571.9,Natural Gas,1826.15,1969.15,30.0,Buy,29,Verified,10977.83,Price_Surge,2094.42,1
C062,Manufacturing,2025-02-12,1897.74,Mixed Fuel,1031.46,906.46,24.42,Buy,164,Disputed,14114.83,Low_Demand,1224.36,1
C060,Manufacturing,2024-04-15,667.08,Natural Gas,373.81,293.81,27.49,Sell,133,Verified,9471.46,Low_Demand,859.39,0
C076,Energy,2024-02-12,932.45,Coal,644.72,799.72,25.96,Buy,195,Disputed,19667.07,High_Demand,618.1,1
C006,Cement,2025-07-03,1504.6,Renewable,1023.19,1013.19,32.43,Sell,68,Disputed,19409.83,Price_Surge,1475.96,0
C084,Manufacturing,2024-01-14,1575.57,Natural Gas,588.41,526.41,21.05,Sell,181,Disputed,14246.61,High_Demand,2350.21,0
C007,Steel,2024-06-30,1230.29,Natural Gas,979.31,1157.31,34.67,Buy,191,Verified,7630.41,High_Demand,2078.05,1
C049,Steel,2025-07-08,986.63,Renewable,408.55,213.55,29.23,Buy,63,Verified,7304.63,Price_Surge,2309.79,1
C069,Manufacturing,2025-03-08,2236.46,Natural Gas,864.68,717.68,28.42,Sell,134,Verified,17750.44,Low_Demand,789.07,0
C099,Energy,2024-12-27,2504.19,Coal,1865.97,1749.97,29.88,Sell,92,Disputed,9770.41,Low_Demand,1700.47,0
C071,Manufacturing,2025-10-23,2842.92,Coal,1182.7,1265.7,27.99,Sell,40,Disputed,11741.51,Low_Demand,2714.36,0
C078,Steel,2025-01-21,1560.92,Renewable,880.02,1020.02,26.14,Buy,35,Verified,19225.93,High_Demand,2816.85,1
C004,Steel,2025-08-12,1268.43,Coal,910.11,1082.1100000000001,32.47,Buy,20,Disputed,18032.12,Low_Demand,2800.69,1
C088,Cement,2025-09-23,1148.82,Natural Gas,890.22,716.22,21.09,Sell,156,Disputed,10301.22,Low_Demand,1797.75,0
C048,Steel,2025-09-19,2586.87,Natural Gas,1736.73,1829.73,34.67,Buy,42,Disputed,16514.08,High_Demand,2528.54,1
C043,Cement,2025-10-11,1853.81,Mixed Fuel,1093.39,944.3900000000001,23.77,Sell,91,Disputed,12358.39,Price_Surge,2947.35,0
C021,Manufacturing,2025-03-29,867.09,Mixed Fuel,537.93,407.92999999999995,32.45,Sell,136,Verified,17825.49,Price_Surge,2529.49,0
C008,Manufacturing,2025-04-20,748.39,Coal,489.24,577.24,23.87,Buy,173,Verified,18037.21,Price_Surge,2834.58,1
C055,Manufacturing,2025-02-16,2595.92,Natural Gas,1741.91,1730.91,25.41,Buy,137,Verified,13350.08,Low_Demand,2115.8,1
C026,Cement,2024-03-17,798.4,Renewable,511.68,569.6800000000001,34.83,Buy,64,Disputed,18437.18,Price_Surge,1755.05,1
C061,Steel,2024-09-13,2181.69,Mixed Fuel,972.83,823.83,25.22,Buy,179,Verified,10213.31,High_Demand,1970.82,1
C005,Energy,2025-04-20,1243.37,Natural Gas,619.13,818.13,29.78,Buy,117,Disputed,8545.59,Low_Demand,1911.55,1
C027,Manufacturing,2025-05-23,1969.53,Mixed Fuel,1212.25,1412.25,20.64,Buy,20,Verified,16462.66,Low_Demand,1261.7,1
C032,Steel,2024-05-29,2805.93,Natural Gas,2174.5,2256.5,29.05,Sell,44,Verified,5242.58,Price_Surge,774.55,0
C045,Steel,2024-05-17,2245.05,Natural Gas,891.68,764.68,33.98,Sell,198,Disputed,8189.01,Price_Surge,942.84,0
C077,Steel,2024-02-10,2731.37,Natural Gas,1812.4,1798.4,27.26,Buy,25,Verified,12079.35,Low_Demand,2891.79,1
C099,Energy,2024-01-25,704.51,Renewable,219.31,141.31,29.22,Sell,138,Verified,15420.23,High_Demand,927.4,0
C093,Steel,2025-01-22,2110.78,Renewable,1164.65,1056.65,26.69,Buy,88,Verified,17319.86,High_Demand,2508.47,1
C077,Steel,2024-12-03,1158.97,Renewable,533.93,585.93,28.29,Sell,200,Verified,19588.75,Low_Demand,1461.14,0
C093,Manufacturing,2025-05-07,2534.56,Natural Gas,1197.42,1040.42,25.27,Buy,48,Disputed,16839.46,High_Demand,1572.21,1
C041,Energy,2025-10-11,2290.69,Coal,1658.38,1796.38,29.3,Buy,119,Verified,12194.67,High_Demand,1857.84,1
C036,Steel,2025-08-28,2247.76,Renewable,845.98,674.98,25.33,Sell,77,Disputed,17901.39,Price_Surge,2524.67,0
C090,Steel,2024-08-31,721.51,Natural Gas,442.92,416.92,25.47,Buy,129,Disputed,14004.89,High_Demand,1965.31,1
C087,Steel,2024-11-28,1162.81,Renewable,607.12,724.12,27.97,Buy,173,Disputed,5394.79,High_Demand,2353.34,1
C050,Manufacturing,2025-03-20,2154.94,Coal,1675.07,1863.07,28.98,Buy,196,Disputed,14304.11,Price_Surge,2656.9,1
C053,Steel,2024-11-13,706.49,Mixed Fuel,425.8,371.8,34.4,Sell,185,Disputed,9142.59,Low_Demand,2577.45,0
C012,Energy,2024-03-03,2351.47,Renewable,1168.75,1157.75,33.84,Sell,140,Verified,10810.57,Price_Surge,628.72,0
C058,Cement,2024-07-01,513.03,Mixed Fuel,180.3,321.3,31.33,Sell,32,Disputed,15189.39,Low_Demand,2111.15,0
C060,Energy,2025-10-30,1183.23,Renewable,870.56,892.56,20.43,Buy,75,Verified,14787.38,Low_Demand,1404.65,1
C030,Manufacturing,2025-05-08,2621.6,Natural Gas,2054.21,2004.21,28.5,Buy,134,Disputed,16374.13,Low_Demand,800.36,1
C006,Cement,2025-12-21,2801.96,Coal,1172.03,1192.03,27.98,Buy,67,Disputed,5676.33,Low_Demand,2002.09,1
C069,Energy,2024-01-04,1332.99,Coal,1062.86,1025.86,24.59,Buy,95,Verified,12767.29,High_Demand,1524.3,1
C087,Cement,2025-06-08,1483.05,Natural Gas,1138.49,1013.49,21.98,Sell,164,Disputed,18293.2,High_Demand,2063.46,0
C050,Steel,2024-06-01,1196.66,Mixed Fuel,438.55,315.55,33.44,Buy,67,Verified,14418.07,Low_Demand,2426.99,1
C095,Steel,2024-03-21,2959.15,Renewable,932.28,912.28,29.28,Buy,52,Verified,15260.01,High_Demand,2733.02,1
C070,Manufacturing,2025-07-05,1258.85,Natural Gas,959.59,1008.59,20.34,Sell,88,Verified,14233.91,High_Demand,933.32,0
C057,Cement,2024-06-09,1946.97,Coal,1127.49,1013.49,27.08,Sell,154,Verified,15909.81,Low_Demand,2792.06,0
C066,Cement,2024-05-07,2328.23,Mixed Fuel,1667.38,1811.38,30.03,Buy,149,Verified,8316.62,High_Demand,1356.45,1
C011,Energy,2025-10-01,1259.3,Renewable,761.01,610.01,26.96,Sell,108,Verified,9477.9,High_Demand,624.88,0
C092,Steel,2025-12-04,2536.45,Mixed Fuel,1218.27,1261.27,20.48,Buy,164,Disputed,15420.77,Low_Demand,2592.03,1
C019,Cement,2025-06-22,1084.61,Natural Gas,861.08,721.08,32.03,Sell,21,Verified,17795.58,High_Demand,2453.02,0
C002,Energy,2025-06-29,1060.34,Mixed Fuel,713.1,740.1,28.94,Buy,119,Disputed,5027.35,High_Demand,1625.16,1
C045,Energy,2025-04-06,2282.28,Renewable,1113.61,985.6099999999999,27.46,Buy,34,Verified,9889.75,Low_Demand,770.5,1
C067,Manufacturing,2024-04-26,2214.77,Renewable,909.11,994.11,32.66,Sell,98,Verified,17564.0,High_Demand,1345.1,0
C002,Energy,2024-02-21,993.48,Coal,382.04,380.04,26.94,Sell,89,Disputed,7737.24,Low_Demand,1697.86,0
C021,Steel,2024-09-24,2144.63,Coal,902.45,862.45,27.99,Sell,195,Verified,11682.32,High_Demand,1103.45,0
C037,Cement,2024-06-20,722.46,Natural Gas,282.53,294.53,34.11,Sell,128,Disputed,5934.43,Low_Demand,948.2,0
C069,Steel,2024-03-13,2751.11,Renewable,2138.73,2169.73,32.08,Sell,120,Disputed,10088.15,High_Demand,1183.81,0
C083,Energy,2025-10-07,1901.38,Natural Gas,1371.18,1262.18,24.02,Buy,154,Verified,15831.53,Low_Demand,1375.07,1
C047,Steel,2024-12-17,2698.29,Mixed Fuel,1850.73,1939.73,25.48,Sell,178,Disputed,5805.72,Low_Demand,1584.94,0
C038,Steel,2025-08-27,1900.71,Renewable,1356.39,1169.39,26.41,Sell,92,Verified,6469.0,Low_Demand,2389.17,0
C014,Cement,2024-12-24,2206.99,Coal,1055.44,1109.44,23.5,Buy,190,Disputed,19703.35,Price_Surge,1555.3,1
C016,Manufacturing,2025-08-23,1344.75,Natural Gas,622.46,590.46,27.43,Buy,29,Disputed,5135.87,Low_Demand,2043.93,1
C004,Steel,2025-01-01,1583.01,Renewable,719.83,653.83,23.34,Buy,65,Verified,8276.23,Low_Demand,523.54,1
C023,Steel,2025-10-24,1983.9,Mixed Fuel,1219.68,1153.68,30.28,Sell,96,Disputed,18901.95,Low_Demand,1340.33,0
C082,Energy,2025-03-10,2942.25,Coal,1924.71,1829.71,30.39,Buy,171,Verified,14062.58,Low_Demand,1127.72,1
C024,Steel,2025-08-02,1193.17,Renewable,877.57,926.57,21.11,Sell,65,Disputed,19612.87,High_Demand,2791.51,0
C063,Energy,2024-12-25,899.35,Natural Gas,333.5,189.5,26.42,Sell,197,Verified,11865.02,Price_Surge,1878.41,0
C009,Energy,2025-09-27,506.84,Renewable,200.93,92.93,26.22,Buy,189,Verified,19761.0,Low_Demand,1945.27,1
C047,Manufacturing,2025-01-16,582.59,Mixed Fuel,251.97,311.97,20.45,Buy,31,Disputed,10644.1,Low_Demand,1177.78,1
C086,Cement,2024-12-01,2426.19,Natural Gas,901.58,1008.58,34.45,Buy,112,Verified,5395.7,Price_Surge,1315.91,1
C050,Manufacturing,2024-11-22,2188.68,Mixed Fuel,1707.4,1600.4,34.8,Sell,120,Verified,10709.36,Low_Demand,1331.32,0
C029,Cement,2024-02-28,624.73,Mixed Fuel,214.32,223.32,23.6,Buy,30,Verified,11514.63,High_Demand,849.96,1
C055,Energy,2025-05-13,997.29,Natural Gas,555.47,424.47,25.86,Sell,142,Verified,16360.8,Price_Surge,1527.76,0
C027,Steel,2025-10-14,1322.43,Natural Gas,634.36,743.36,32.85,Sell,51,Disputed,18975.77,Price_Surge,1639.72,0
C075,Manufacturing,2024-10-23,1444.81,Coal,1083.86,1020.8599999999999,20.49,Sell,162,Verified,8421.65,High_Demand,2782.76,0
C048,Cement,2025-01-08,2045.78,Mixed Fuel,1427.22,1245.22,25.94,Buy,120,Disputed,9955.97,Price_Surge,1692.19,1
C003,Manufacturing,2025-12-31,2342.4,Renewable,1347.65,1408.65,30.37,Buy,193,Verified,6343.78,High_Demand,1523.79,1
C064,Steel,2024-09-15,1703.38,Renewable,1326.72,1414.72,28.33,Buy,79,Verified,18299.94,High_Demand,1038.8,1
C004,Steel,2025-12-27,1000.12,Renewable,688.71,599.71,34.72,Buy,81,Verified,10812.15,Low_Demand,2397.7,1
C067,Energy,2024-08-16,983.15,Natural Gas,689.95,648.95,24.58,Buy,159,Disputed,16366.11,High_Demand,937.87,1
C035,Energy,2025-06-09,944.9,Coal,389.54,217.54000000000002,29.45,Buy,145,Verified,17679.6,Price_Surge,2495.42,1
C047,Energy,2024-09-21,2224.57,Coal,890.64,931.64,34.89,Buy,191,Disputed,9729.62,High_Demand,1301.09,1
C030,Manufacturing,2025-09-01,1021.91,Natural Gas,704.61,799.61,30.33,Buy,44,Verified,11819.49,High_Demand,1416.77,1
C097,Steel,2024-08-02,2251.46,Renewable,1507.75,1639.75,32.84,Buy,146,Disputed,16840.02,High_Demand,1379.78,1
C090,Manufacturing,2025-06-02,1123.47,Natural Gas,717.16,734.16,26.93,Buy,89,Verified,15170.65,Low_Demand,2128.64,1
C015,Cement,2025-07-12,1867.15,Renewable,1364.94,1358.94,20.0,Buy,100,Verified,16501.99,Price_Surge,2140.81,1
C053,Steel,2025-03-16,504.71,Natural Gas,266.08,85.07999999999998,22.73,Sell,117,Disputed,9054.52,High_Demand,2049.25,0
C086,Cement,2025-03-15,2514.16,Renewable,781.88,710.88,26.32,Buy,93,Disputed,11726.44,Price_Surge,1686.78,1
C018,Manufacturing,2024-11-08,1597.23,Coal,874.65,897.65,24.08,Buy,144,Disputed,19812.35,Price_Surge,2783.99,1
C060,Steel,2025-10-06,2342.09,Natural Gas,1635.1,1536.1,24.0,Sell,20,Verified,8217.53,Low_Demand,1276.55,0
C092,Steel,2025-12-12,2887.75,Natural Gas,920.68,905.68,21.73,Sell,159,Verified,5949.08,Price_Surge,1781.32,0
C018,Manufacturing,2024-05-20,2958.23,Renewable,1085.79,968.79,29.41,Sell,136,Verified,19553.7,Low_Demand,1458.75,0
C011,Energy,2024-07-04,898.37,Coal,487.35,499.35,25.27,Buy,49,Disputed,14360.62,Low_Demand,2919.42,1
C005,Steel,2024-03-13,1759.98,Mixed Fuel,708.72,801.72,34.63,Sell,78,Verified,13283.04,Price_Surge,2089.43,0
C075,Manufacturing,2025-07-11,1859.81,Renewable,563.79,586.79,25.76,Sell,193,Verified,7870.79,Price_Surge,1504.9,0
C054,Energy,2024-01-08,2745.14,Natural Gas,1559.0,1610.0,31.14,Buy,118,Disputed,12512.6,Price_Surge,518.47,1
C008,Manufacturing,2025-08-25,718.52,Renewable,465.07,609.0699999999999,30.31,Buy,126,Verified,15246.4,Price_Surge,1678.36,1
C075,Manufacturing,2024-09-28,2397.73,Natural Gas,1027.16,1106.16,32.04,Sell,61,Verified,17464.24,Low_Demand,2333.31,0
C068,Manufacturing,2024-02-26,1241.64,Renewable,544.11,394.11,20.12,Buy,158,Verified,9262.3,Low_Demand,2415.68,1
C007,Steel,2024-12-25,2362.68,Natural Gas,719.58,828.58,30.96,Buy,158,Disputed,19180.58,Price_Surge,2578.91,1
C012,Steel,2024-01-18,2619.46,Coal,1663.42,1532.42,20.96,Sell,168,Disputed,16939.37,High_Demand,1865.13,0
C049,Energy,2025-03-01,1717.01,Renewable,1159.36,1143.36,34.79,Buy,38,Disputed,6439.11,Price_Surge,1171.04,1
C055,Cement,2025-04-04,535.4,Mixed Fuel,185.5,378.5,31.52,Sell,164,Disputed,19242.62,Price_Surge,1509.06,0
C072,Energy,2024-12-25,2572.26,Mixed Fuel,1504.33,1351.33,28.1,Sell,37,Disputed,19173.4,High_Demand,2646.66,0
C057,Cement,2024-04-21,998.28,Renewable,634.89,816.89,26.79,Buy,51,Disputed,11797.77,Low_Demand,2493.7,1
C068,Steel,2024-09-29,1352.76,Renewable,1020.26,928.26,32.52,Sell,165,Verified,19309.13,Low_Demand,2468.53,0
C050,Energy,2025-06-02,1108.06,Natural Gas,701.37,759.37,29.44,Sell,105,Verified,17807.43,High_Demand,2810.4,0
C021,Cement,2024-05-29,1520.03,Mixed Fuel,704.96,798.96,32.74,Sell,141,Verified,10051.86,High_Demand,521.25,0
C017,Energy,2025-02-17,712.49,Coal,231.95,162.95,25.43,Sell,84,Verified,12418.48,Price_Surge,1746.27,0
C080,Cement,2024-05-11,2461.02,Coal,743.03,837.03,25.94,Sell,40,Disputed,12748.69,Price_Surge,827.01,0
C094,Manufacturing,2024-05-31,1772.88,Natural Gas,1062.47,909.47,27.21,Sell,33,Verified,10211.39,Price_Surge,2384.65,0
C039,Energy,2025-04-08,2225.64,Renewable,825.88,651.88,31.5,Buy,128,Disputed,9809.74,Price_Surge,2125.28,1
C023,Energy,2025-05-09,1701.56,Coal,1237.49,1155.49,25.58,Buy,172,Disputed,12418.69,High_Demand,2594.36,1
C084,Energy,2025-09-21,1551.62,Mixed Fuel,705.46,752.46,30.83,Sell,25,Disputed,12884.93,High_Demand,1728.16,0
C044,Steel,2025-11-17,2954.33,Natural Gas,2011.64,2164.6400000000003,32.52,Buy,183,Verified,6081.78,Price_Surge,1335.84,1
C024,Manufacturing,2024-03-04,2526.23,Natural Gas,1627.77,1616.77,23.41,Sell,186,Verified,5909.07,Price_Surge,1405.59,0
C044,Energy,2025-11-12,1999.56,Renewable,1410.53,1479.53,32.99,Sell,51,Verified,18128.38,Low_Demand,1600.75,0
C080,Cement,2024-09-02,966.96,Renewable,295.45,445.45,27.74,Sell,129,Verified,18179.59,Price_Surge,2658.86,0
C080,Manufacturing,2024-01-04,994.44,Natural Gas,553.6,647.6,33.48,Sell,87,Verified,13955.07,Price_Surge,2001.44,0
C012,Steel,2025-07-17,2512.44,Renewable,1489.9,1406.9,25.48,Buy,168,Disputed,13640.59,Price_Surge,1868.55,1
C029,Steel,2025-01-30,1079.35,Natural Gas,341.58,438.58,28.03,Buy,78,Verified,7139.32,High_Demand,2265.9,1
C013,Energy,2025-07-27,1318.95,Natural Gas,397.87,529.87,29.52,Buy,173,Verified,19922.2,Low_Demand,1922.92,1
C019,Manufacturing,2025-06-09,2286.2,Renewable,1551.58,1546.58,31.07,Sell,159,Verified,19190.36,Price_Surge,2912.67,0
C030,Cement,2025-03-19,2611.35,Coal,1145.51,1110.51,28.14,Sell,46,Verified,14090.34,High_Demand,2510.84,0
C030,Cement,2025-03-07,1861.44,Coal,1456.2,1328.2,27.55,Buy,73,Verified,16505.8,Low_Demand,1593.59,1
C081,Cement,2024-07-20,886.07,Coal,327.48,443.48,31.22,Sell,182,Disputed,12889.75,Price_Surge,787.53,0
C077,Steel,2024-04-13,1774.2,Mixed Fuel,1416.34,1395.34,28.57,Buy,153,Verified,7441.81,Low_Demand,1490.67,1
C035,Energy,2024-07-24,2779.43,Natural Gas,1624.65,1433.65,25.75,Buy,28,Verified,13789.9,Low_Demand,1259.25,1
C066,Cement,2024-10-23,1776.32,Renewable,1048.63,1127.63,33.58,Sell,151,Verified,9065.6,Low_Demand,1285.88,0
C043,Steel,2024-09-05,1723.69,Coal,685.89,715.89,20.22,Sell,27,Verified,5737.34,Price_Surge,1073.08,0
C006,Cement,2024-08-14,2193.49,Mixed Fuel,732.54,844.54,20.87,Sell,170,Verified,5271.0,Price_Surge,1449.58,0
C050,Steel,2024-06-07,2299.22,Natural Gas,1279.67,1325.67,30.88,Buy,66,Verified,14332.34,Low_Demand,1668.66,1
C087,Steel,2024-10-17,1055.85,Renewable,591.46,475.46000000000004,30.22,Buy,157,Disputed,9691.95,Low_Demand,2358.17,1
C074,Steel,2024-05-24,841.79,Renewable,524.03,406.03,31.62,Sell,169,Verified,11746.28,High_Demand,2060.82,0
C005,Manufacturing,2025-08-13,2740.22,Natural Gas,1320.27,1384.27,33.93,Sell,124,Disputed,14433.83,High_Demand,889.19,0
C084,Energy,2024-07-17,1675.48,Coal,1090.54,1160.54,25.08,Buy,159,Disputed,17908.08,Low_Demand,864.21,1
C085,Steel,2024-07-31,2380.67,Natural Gas,1186.78,1376.78,32.51,Buy,165,Disputed,19285.59,High_Demand,2021.52,1
C021,Cement,2024-12-04,1311.61,Natural Gas,899.61,941.61,25.19,Buy,117,Disputed,11086.36,High_Demand,2148.32,1
C018,Energy,2025-11-20,2244.91,Renewable,803.01,710.01,24.87,Sell,178,Disputed,15372.1,Low_Demand,689.01,0
C037,Cement,2025-11-02,1033.61,Renewable,629.31,548.31,22.43,Sell,36,Verified,11896.89,Low_Demand,2057.98,0
C074,Manufacturing,2025-03-15,523.87,Coal,268.54,184.54000000000002,31.11,Sell,184,Disputed,16191.0,Price_Surge,1400.54,0
C031,Steel,2024-11-12,2332.23,Coal,1351.06,1377.06,34.14,Sell,124,Disputed,19633.22,Price_Surge,2661.3,0
C026,Steel,2025-01-08,2710.29,Mixed Fuel,1077.91,908.9100000000001,34.08,Buy,181,Verified,5763.37,High_Demand,802.91,1
C098,Energy,2024-11-11,1333.94,Natural Gas,850.56,1008.56,32.68,Buy,110,Verified,11752.13,Low_Demand,949.86,1
C006,Cement,2025-10-07,1132.09,Coal,829.36,1005.36,32.02,Sell,47,Verified,15713.89,High_Demand,2918.35,0
C002,Energy,2025-08-16,2274.28,Natural Gas,806.65,696.65,25.44,Sell,189,Disputed,19915.65,High_Demand,968.99,0
C070,Cement,2024-05-02,695.67,Mixed Fuel,336.24,152.24,20.75,Sell,46,Disputed,18248.83,Price_Surge,1478.02,0
C007,Steel,2025-05-11,1482.57,Natural Gas,653.4,494.4,23.74,Sell,97,Verified,9278.14,High_Demand,1684.15,0
C099,Energy,2025-01-30,1530.59,Natural Gas,1040.49,966.49,22.23,Sell,56,Disputed,15732.99,Price_Surge,975.98,0
C055,Cement,2025-09-19,2932.1,Renewable,1367.41,1234.41,28.33,Sell,62,Verified,9938.43,Price_Surge,2944.56,0
C070,Steel,2024-10-05,2627.71,Renewable,1867.53,1991.53,28.92,Sell,38,Verified,7122.09,Low_Demand,588.11,0
C068,Steel,2024-09-23,2601.78,Natural Gas,1345.99,1515.99,23.9,Sell,85,Verified,14809.65,Low_Demand,1377.19,0
C095,Cement,2025-09-14,2249.39,Natural Gas,955.15,1149.15,31.99,Sell,96,Disputed,5708.94,High_Demand,2610.92,0
C073,Manufacturing,2025-07-31,512.21,Coal,329.07,412.07,26.94,Sell,155,Disputed,6117.45,Price_Surge,2841.08,0
C003,Steel,2025-10-03,2741.8,Natural Gas,1023.36,912.36,34.29,Buy,20,Verified,19450.63,High_Demand,2283.99,1
C058,Cement,2024-10-14,2486.08,Mixed Fuel,1121.64,1207.64,24.95,Sell,98,Disputed,13232.44,High_Demand,592.41,0
C027,Cement,2024-09-28,502.83,Mixed Fuel,375.79,336.79,21.4,Buy,180,Verified,16304.25,Low_Demand,1185.63,1
C038,Cement,2024-07-18,924.62,Mixed Fuel,281.35,228.35000000000002,24.52,Sell,151,Disputed,17692.35,Low_Demand,1198.11,0
C008,Energy,2024-07-14,2397.37,Mixed Fuel,1730.04,1567.04,26.48,Buy,120,Disputed,5514.62,Price_Surge,2959.64,1
C095,Energy,2025-04-30,883.81,Renewable,477.15,581.15,32.16,Buy,61,Disputed,12400.87,Low_Demand,1519.53,1
C099,Cement,2024-05-13,516.64,Natural Gas,335.96,301.96,28.11,Sell,61,Disputed,5850.29,High_Demand,2492.95,0
C039,Cement,2024-09-21,2772.74,Coal,1090.87,988.8699999999999,20.7,Sell,127,Disputed,19878.66,Price_Surge,805.94,0
C060,Manufacturing,2025-01-19,2537.65,Natural Gas,1044.43,1217.43,27.12,Sell,72,Verified,9989.7,Low_Demand,2137.78,0
C043,Energy,2024-10-01,1881.75,Natural Gas,1227.23,1182.23,30.27,Buy,145,Disputed,12420.49,Price_Surge,2459.85,1
C091,Steel,2025-12-19,2973.46,Renewable,1772.7,1948.7,21.7,Buy,22,Verified,11852.2,Low_Demand,569.03,1
C090,Energy,2025-10-23,2000.97,Coal,815.85,736.85,20.72,Buy,147,Disputed,6201.36,Price_Surge,2332.31,1
C010,Steel,2025-04-28,2542.05,Mixed Fuel,1800.36,1846.36,33.15,Buy,196,Verified,9683.51,Price_Surge,1493.08,1
C009,Cement,2025-08-12,1783.69,Natural Gas,1406.28,1410.28,26.11,Sell,87,Disputed,17722.74,Low_Demand,1360.01,0
C068,Steel,2025-11-06,577.06,Natural Gas,401.15,301.15,22.91,Buy,37,Disputed,15322.8,Price_Surge,2059.09,1
C079,Cement,2024-08-07,1889.23,Renewable,1223.43,1049.43,33.88,Buy,136,Disputed,15609.48,High_Demand,2052.41,1
C093,Energy,2024-03-24,1612.1,Renewable,981.89,804.89,29.3,Sell,27,Disputed,8402.61,Low_Demand,667.9,0
C023,Steel,2025-01-26,549.26,Renewable,400.99,382.99,29.88,Buy,116,Verified,9994.0,Low_Demand,1177.94,1
C023,Manufacturing,2024-05-06,1751.18,Mixed Fuel,535.46,646.46,28.9,Sell,197,Verified,7272.2,Price_Surge,2770.53,0
C086,Manufacturing,2025-12-14,2551.63,Renewable,1355.0,1510.0,34.89,Buy,165,Disputed,6225.15,Low_Demand,1932.02,1
C030,Manufacturing,2024-11-01,1172.34,Coal,371.28,443.28,29.31,Sell,172,Disputed,8916.63,Low_Demand,1594.28,0
C056,Manufacturing,2024-06-17,2683.91,Natural Gas,1402.74,1225.74,24.88,Buy,96,Verified,15698.15,High_Demand,938.81,1
C049,Steel,2024-12-24,2399.72,Coal,896.41,972.41,22.34,Buy,46,Disputed,12259.19,Low_Demand,508.6,1
C019,Energy,2024-03-13,2888.12,Natural Gas,1826.78,1918.78,32.9,Buy,74,Disputed,14219.05,Price_Surge,2095.22,1
C052,Energy,2024-05-11,1732.79,Natural Gas,1154.46,1108.46,26.47,Buy,107,Verified,8525.58,Low_Demand,1823.23,1
C016,Manufacturing,2024-12-22,2942.91,Natural Gas,1472.59,1338.59,26.11,Sell,192,Disputed,16193.79,Low_Demand,2587.9,0
C013,Cement,2025-06-30,702.29,Coal,408.35,383.35,29.76,Sell,154,Disputed,7148.81,Price_Surge,1742.57,0
C031,Steel,2024-07-12,1413.0,Renewable,801.18,876.18,23.96,Sell,88,Verified,9274.86,High_Demand,1145.13,0
C003,Steel,2025-10-07,1324.85,Natural Gas,772.35,712.35,34.0,Buy,71,Disputed,5480.37,Price_Surge,2611.97,1
C033,Steel,2025-03-04,2582.97,Coal,1363.23,1335.23,20.69,Sell,160,Disputed,14503.1,Low_Demand,1866.65,0
C071,Manufacturing,2024-07-22,715.21,Natural Gas,238.16,306.15999999999997,29.52,Sell,54,Disputed,14473.91,Price_Surge,560.31,0
C069,Cement,2024-04-22,2628.7,Mixed Fuel,1090.57,992.5699999999999,23.64,Sell,197,Verified,19420.36,Low_Demand,2966.29,0
C052,Steel,2025-05-20,1946.66,Coal,957.72,992.72,30.97,Sell,104,Disputed,16319.24,High_Demand,2081.47,0
C033,Energy,2024-02-25,1257.57,Natural Gas,724.94,860.94,31.7,Buy,21,Verified,12211.03,Price_Surge,1043.9,1
C052,Manufacturing,2025-01-07,2428.78,Natural Gas,1837.68,1791.68,34.27,Buy,149,Verified,17666.66,High_Demand,1008.69,1
C041,Cement,2024-02-07,2380.88,Mixed Fuel,1447.04,1617.04,28.9,Buy,159,Disputed,5498.85,Price_Surge,1231.23,1
C070,Cement,2024-06-05,1192.38,Mixed Fuel,416.12,615.12,23.58,Buy,42,Verified,10047.24,High_Demand,2447.61,1
C034,Steel,2024-02-02,2637.54,Natural Gas,956.92,946.92,31.66,Buy,61,Verified,14328.96,Price_Surge,2554.41,1
C035,Energy,2024-02-21,1879.9,Coal,905.0,762.0,33.16,Sell,48,Disputed,13963.89,Price_Surge,2032.94,0
C036,Manufacturing,2025-01-30,1494.78,Coal,688.94,674.94,31.05,Buy,168,Disputed,9812.06,Price_Surge,2812.33,1
C061,Energy,2024-12-20,2074.57,Natural Gas,1556.66,1450.66,24.31,Buy,133,Verified,8135.42,High_Demand,2518.26,1
C096,Steel,2025-08-22,1711.34,Mixed Fuel,655.84,687.84,21.0,Buy,30,Disputed,13280.25,Price_Surge,1059.31,1
C072,Cement,2025-04-07,1883.89,Natural Gas,1290.69,1398.69,24.47,Sell,43,Disputed,13821.69,Low_Demand,1148.59,0
C040,Steel,2025-03-22,1417.97,Mixed Fuel,956.95,851.95,24.84,Buy,24,Verified,19498.91,Price_Surge,1170.79,1
C100,Manufacturing,2025-08-08,2997.26,Mixed Fuel,2240.27,2399.27,33.23,Buy,112,Disputed,9684.01,High_Demand,2449.65,1
C092,Energy,2025-07-25,2822.39,Coal,2178.53,2344.53,23.57,Buy,186,Disputed,5420.0,High_Demand,2323.33,1
C067,Energy,2024-01-07,606.48,Mixed Fuel,323.38,408.38,25.35,Sell,104,Disputed,9409.75,Price_Surge,2881.53,0
C021,Cement,2025-09-30,2375.37,Natural Gas,1632.54,1555.54,22.31,Buy,26,Disputed,14398.84,Price_Surge,1513.54,1
C085,Steel,2024-07-09,1175.96,Coal,429.93,326.93,24.35,Buy,101,Verified,13498.18,High_Demand,741.69,1
C058,Cement,2024-01-22,1511.55,Coal,1203.1,1070.1,31.65,Buy,156,Disputed,10396.9,Price_Surge,966.92,1
C044,Steel,2025-03-27,1333.55,Natural Gas,857.3,671.3,30.59,Sell,117,Disputed,9629.2,Price_Surge,1622.05,0
C077,Energy,2025-01-19,2696.1,Coal,1590.03,1442.03,33.97,Buy,127,Disputed,5429.73,Low_Demand,1151.48,1
C012,Manufacturing,2025-07-04,1065.51,Renewable,578.05,551.05,30.26,Buy,125,Verified,5732.75,High_Demand,1534.01,1
C065,Cement,2025-03-11,2617.27,Renewable,955.98,834.98,28.28,Buy,75,Disputed,16085.88,Price_Surge,774.15,1
C055,Steel,2025-09-01,1472.25,Coal,1156.52,1243.52,34.82,Sell,130,Verified,18733.72,Price_Surge,1286.44,0
C035,Energy,2024-01-26,1438.31,Mixed Fuel,840.33,682.33,21.28,Buy,103,Verified,10515.87,Low_Demand,1981.26,1
C075,Energy,2024-05-13,721.29,Renewable,492.41,308.41,34.35,Sell,66,Verified,5973.55,High_Demand,1650.33,0
C046,Manufacturing,2024-08-07,1036.04,Renewable,538.93,655.93,26.31,Buy,128,Disputed,12186.92,High_Demand,1956.48,1
C033,Energy,2025-08-04,2194.53,Mixed Fuel,1164.89,1084.89,27.95,Sell,186,Verified,12639.89,Low_Demand,2919.77,0
C033,Steel,2025-07-15,1642.68,Coal,681.8,531.8,21.12,Sell,120,Disputed,7264.31,Price_Surge,1131.91,0
C057,Manufacturing,2025-12-31,2515.06,Mixed Fuel,1636.41,1670.41,26.45,Sell,80,Verified,15174.51,Low_Demand,2939.56,0
C037,Cement,2024-08-06,826.9,Natural Gas,307.3,394.3,32.36,Sell,102,Disputed,8232.52,Price_Surge,1281.08,0
C036,Steel,2024-05-26,1276.43,Mixed Fuel,406.19,294.19,34.89,Buy,165,Disputed,12561.75,High_Demand,1739.28,1
C029,Cement,2025-10-09,1235.0,Coal,710.74,710.74,30.52,Sell,28,Verified,10810.64,Low_Demand,2484.64,0
C002,Steel,2024-11-07,2091.36,Coal,828.68,912.68,27.28,Sell,40,Disputed,14837.91,Low_Demand,2566.22,0
C094,Manufacturing,2025-01-16,2122.7,Natural Gas,750.78,914.78,27.89,Sell,154,Verified,16517.03,Low_Demand,701.13,0
C032,Manufacturing,2024-05-24,810.47,Mixed Fuel,642.49,828.49,31.13,Sell,68,Verified,9196.18,Price_Surge,775.55,0
C080,Cement,2025-05-28,2726.81,Renewable,1733.74,1564.74,20.4,Buy,91,Verified,18700.72,Price_Surge,1014.64,1
C026,Steel,2025-07-05,1952.58,Coal,940.86,999.86,30.18,Sell,147,Verified,17187.82,Low_Demand,1249.83,0
C021,Steel,2024-12-27,2532.25,Coal,1801.46,1654.46,30.81,Sell,84,Verified,8627.08,High_Demand,2006.61,0
C044,Steel,2025-10-28,2242.61,Natural Gas,1090.11,1073.11,31.23,Sell,137,Verified,7592.97,Price_Surge,626.11,0
C084,Steel,2024-05-29,2649.33,Mixed Fuel,1857.76,1678.76,24.83,Sell,99,Disputed,15314.53,High_Demand,1629.81,0
C060,Steel,2025-11-25,1165.11,Mixed Fuel,479.1,366.1,30.32,Buy,78,Verified,6613.4,Low_Demand,756.17,1
C030,Manufacturing,2025-09-28,1078.1,Renewable,482.33,660.3299999999999,20.43,Sell,70,Disputed,10116.45,Price_Surge,2766.74,0
C070,Manufacturing,2025-05-14,657.81,Coal,407.54,462.54,29.78,Sell,144,Disputed,8402.12,High_Demand,2390.7,0
C015,Energy,2024-04-03,2088.29,Renewable,677.18,772.18,32.62,Buy,28,Verified,5340.3,Low_Demand,1717.78,1
C093,Cement,2025-10-16,1524.42,Natural Gas,1038.25,1093.25,33.73,Sell,171,Verified,11900.84,Price_Surge,1630.39,0
C100,Cement,2024-10-07,2443.86,Natural Gas,1270.62,1254.62,29.26,Buy,106,Verified,13894.3,High_Demand,1812.72,1
C052,Energy,2025-01-28,2101.55,Renewable,1178.01,1332.01,25.47,Buy,141,Disputed,6090.85,Low_Demand,2685.72,1
C092,Cement,2025-07-31,1326.95,Natural Gas,673.33,767.33,23.78,Sell,102,Verified,12064.02,High_Demand,638.77,0
C042,Steel,2024-11-23,652.59,Natural Gas,288.94,103.94,34.72,Sell,52,Disputed,18785.66,Price_Surge,2840.68,0
C100,Steel,2024-03-29,761.25,Mixed Fuel,441.41,264.41,31.01,Buy,109,Verified,5752.16,High_Demand,1368.91,1
C018,Energy,2025-05-24,1212.66,Coal,747.8,806.8,28.33,Sell,195,Disputed,15552.41,Low_Demand,1833.94,0
C044,Cement,2024-04-22,2710.31,Coal,1480.34,1598.34,23.2,Sell,106,Verified,16514.04,High_Demand,2573.7,0
C057,Steel,2025-12-06,1061.44,Coal,806.43,919.43,30.32,Buy,112,Verified,14348.94,Low_Demand,2317.09,1
C071,Cement,2024-04-23,2892.52,Mixed Fuel,1393.15,1349.15,30.93,Sell,108,Verified,14156.75,High_Demand,1954.71,0
C012,Steel,2024-04-19,1859.76,Renewable,931.68,1066.6799999999998,31.55,Sell,24,Verified,15950.83,Price_Surge,1860.51,0
C077,Manufacturing,2025-12-28,842.19,Natural Gas,642.76,764.76,23.4,Buy,131,Disputed,19708.78,Low_Demand,1653.38,1
C093,Cement,2025-05-16,1639.64,Coal,799.13,780.13,24.65,Buy,128,Verified,10283.24,High_Demand,2353.46,1
C065,Steel,2024-09-27,2844.16,Coal,1693.19,1625.19,26.63,Buy,85,Verified,8665.83,High_Demand,1841.17,1
C052,Steel,2024-07-17,2706.82,Coal,1521.22,1565.22,32.0,Buy,75,Verified,13957.45,High_Demand,2075.27,1
C097,Manufacturing,2024-09-10,2617.14,Coal,2018.69,1933.69,26.95,Buy,87,Disputed,14291.79,Low_Demand,1984.04,1
C057,Steel,2024-07-06,775.46,Renewable,442.3,265.3,21.74,Sell,176,Disputed,11065.09,Price_Surge,1418.46,0
C007,Energy,2024-03-10,1884.96,Mixed Fuel,1388.23,1373.23,26.2,Buy,83,Verified,9470.24,High_Demand,841.92,1
C034,Energy,2024-07-26,1401.48,Coal,670.04,706.04,32.54,Buy,77,Verified,18709.12,Low_Demand,1709.14,1
C057,Energy,2025-11-30,701.59,Renewable,487.89,451.89,21.4,Sell,41,Verified,14240.27,Price_Surge,615.66,0
C088,Steel,2024-10-13,916.36,Coal,617.89,617.89,28.18,Sell,142,Verified,17227.32,Low_Demand,2460.6,0
C090,Cement,2025-02-04,2270.1,Natural Gas,1656.48,1478.48,30.63,Sell,161,Verified,10867.22,Price_Surge,2186.55,0
C020,Cement,2025-10-18,1809.1,Mixed Fuel,818.6,971.6,32.45,Buy,191,Verified,10724.57,High_Demand,1016.0,1
C036,Cement,2025-01-27,1095.72,Coal,451.96,495.96,26.25,Sell,150,Disputed,17412.38,Price_Surge,1245.96,0
C013,Energy,2024-02-13,2551.36,Coal,1983.36,2115.3599999999997,21.75,Sell,37,Disputed,10392.93,Low_Demand,947.03,0
C062,Cement,2024-08-30,1064.84,Natural Gas,810.57,695.57,33.71,Sell,89,Verified,12451.35,Low_Demand,2322.44,0
C097,Steel,2025-12-27,891.68,Coal,358.82,555.8199999999999,34.43,Sell,165,Verified,9674.0,Price_Surge,590.23,0
C013,Manufacturing,2025-05-13,2901.14,Coal,2180.26,2252.26,25.85,Buy,68,Verified,17610.18,High_Demand,1519.17,1
C069,Cement,2025-11-14,2158.39,Coal,944.57,850.57,33.48,Sell,146,Verified,14083.41,Price_Surge,2321.72,0
C031,Energy,2024-09-23,1455.84,Renewable,1073.14,1031.14,31.01,Sell,78,Disputed,18950.78,Price_Surge,1004.42,0
C021,Cement,2025-11-22,1831.64,Coal,1260.56,1220.56,33.46,Sell,73,Disputed,7542.23,High_Demand,1748.06,0
C035,Energy,2025-08-12,1133.75,Renewable,843.37,700.37,22.58,Buy,113,Verified,6651.4,Low_Demand,2019.06,1
C017,Cement,2024-03-04,1569.95,Mixed Fuel,517.26,535.26,24.19,Buy,144,Disputed,11109.91,Price_Surge,1731.93,1
C013,Manufacturing,2024-03-15,1336.92,Renewable,1020.3,927.3,20.31,Buy,37,Verified,17652.55,High_Demand,2137.08,1
C087,Cement,2025-08-22,2656.04,Renewable,1705.76,1761.76,28.04,Buy,126,Disputed,7813.79,Price_Surge,2588.62,1
C020,Steel,2025-11-11,856.12,Coal,346.32,378.32,24.18,Sell,174,Verified,11276.23,Price_Surge,1438.44,0
C039,Steel,2025-02-03,1719.56,Renewable,1256.01,1257.01,28.59,Buy,153,Disputed,9867.55,Low_Demand,2876.55,1
C041,Manufacturing,2025-12-11,920.85,Natural Gas,278.1,459.1,22.63,Buy,161,Verified,14873.79,High_Demand,650.47,1
C055,Steel,2024-10-04,1007.14,Coal,305.6,445.6,27.05,Buy,151,Disputed,9270.0,High_Demand,2303.4,1
C069,Cement,2025-11-26,2272.21,Renewable,874.81,764.81,32.12,Sell,157,Disputed,8712.88,Low_Demand,2410.87,0
C004,Manufacturing,2024-01-14,2319.39,Mixed Fuel,1055.84,1024.84,20.67,Buy,129,Disputed,19203.63,Price_Surge,711.92,1
C044,Manufacturing,2025-02-15,2738.12,Coal,1044.24,1029.24,29.81,Buy,172,Verified,6068.11,Price_Surge,2599.16,1
C059,Steel,2025-11-10,2696.22,Natural Gas,1503.43,1467.43,26.03,Buy,28,Disputed,10799.78,High_Demand,1066.13,1
C078,Manufacturing,2025-12-11,1575.4,Mixed Fuel,852.77,875.77,21.39,Sell,155,Disputed,6585.62,Price_Surge,2542.04,0
C036,Energy,2024-03-22,1889.23,Mixed Fuel,1265.96,1089.96,28.25,Buy,77,Disputed,17183.86,Price_Surge,1871.61,1
C030,Steel,2025-04-18,1172.9,Renewable,447.39,357.39,20.61,Sell,28,Verified,11899.07,Price_Surge,1743.07,0
C087,Cement,2025-05-17,1177.56,Mixed Fuel,871.87,817.87,32.17,Sell,63,Verified,8998.77,Low_Demand,666.02,0
C059,Manufacturing,2025-03-24,574.72,Mixed Fuel,381.75,369.75,34.59,Buy,164,Disputed,17579.68,High_Demand,1976.87,1
C003,Steel,2024-11-07,1145.72,Renewable,886.77,1083.77,23.31,Buy,198,Disputed,9078.46,Low_Demand,1814.42,1
C083,Steel,2024-12-07,2586.17,Coal,1290.77,1173.77,34.0,Sell,45,Disputed,16758.12,Price_Surge,1200.06,0
C043,Steel,2024-06-23,1316.19,Mixed Fuel,496.22,317.22,24.64,Buy,57,Disputed,15427.63,High_Demand,1555.9,1
C054,Manufacturing,2024-09-05,1155.44,Natural Gas,879.51,1026.51,20.57,Sell,193,Disputed,18837.2,High_Demand,2950.21,0
C002,Manufacturing,2024-07-04,1950.27,Natural Gas,942.73,932.73,24.23,Buy,127,Disputed,12237.63,Price_Surge,2627.26,1
C002,Cement,2024-05-15,1068.1,Mixed Fuel,399.03,304.03,23.24,Buy,44,Verified,9622.52,High_Demand,2833.46,1
C009,Energy,2025-12-02,1529.02,Mixed Fuel,1053.13,1239.13,21.38,Buy,24,Disputed,9539.27,High_Demand,1249.98,1
C002,Steel,2024-08-03,1413.23,Natural Gas,879.26,954.26,30.26,Sell,49,Disputed,15442.15,Price_Surge,1963.63,0
C026,Cement,2025-02-04,2693.65,Natural Gas,1386.15,1269.15,22.08,Sell,185,Verified,8208.98,Price_Surge,2887.96,0
C085,Cement,2025-08-28,1972.86,Coal,1512.08,1469.08,33.09,Sell,57,Verified,17929.56,Low_Demand,559.0,0
C030,Steel,2025-01-14,1882.79,Natural Gas,1133.91,1081.91,20.33,Sell,28,Verified,19199.49,High_Demand,2680.41,0
C006,Energy,2024-07-24,1556.44,Renewable,711.13,566.13,22.83,Sell,77,Verified,13534.64,High_Demand,2493.77,0
C079,Energy,2024-08-29,1561.23,Coal,992.9,851.9,28.06,Sell,46,Verified,6213.52,High_Demand,1194.51,0
C055,Energy,2024-11-28,1374.36,Natural Gas,1002.61,1117.6100000000001,24.37,Sell,48,Verified,16599.75,Price_Surge,2504.33,0
C066,Cement,2025-04-20,2485.97,Natural Gas,864.0,1011.0,30.48,Buy,75,Verified,14649.45,Low_Demand,2289.03,1
C066,Steel,2024-05-14,1337.33,Coal,884.95,890.95,29.63,Buy,165,Disputed,18755.92,Low_Demand,2115.01,1
C093,Steel,2024-03-29,656.74,Natural Gas,446.32,293.32,20.16,Sell,143,Verified,9400.44,Low_Demand,841.09,0
C023,Steel,2025-08-08,2555.49,Mixed Fuel,1823.04,1737.04,28.82,Sell,66,Disputed,18714.57,Low_Demand,1667.93,0
C092,Steel,2025-05-30,904.42,Coal,356.53,304.53,25.05,Buy,61,Disputed,6214.92,High_Demand,2997.27,1
C019,Cement,2024-04-28,1132.92,Coal,682.2,760.2,21.77,Buy,136,Disputed,14942.07,Low_Demand,2279.47,1
C092,Manufacturing,2024-06-21,1109.57,Coal,475.1,353.1,20.15,Sell,45,Verified,9327.61,Low_Demand,1300.63,0
C051,Manufacturing,2024-01-15,2474.59,Mixed Fuel,1627.13,1501.13,22.02,Buy,111,Disputed,13983.83,Low_Demand,561.49,1
C017,Manufacturing,2025-05-09,2433.33,Renewable,1310.07,1111.07,26.28,Buy,34,Disputed,13224.92,High_Demand,2898.25,1
C068,Steel,2024-01-09,1155.78,Coal,546.87,457.87,21.44,Sell,192,Verified,15106.07,Low_Demand,2701.04,0
C078,Cement,2025-01-16,2731.17,Coal,2052.96,2098.96,33.48,Buy,39,Disputed,18780.9,High_Demand,2933.3,1
C061,Steel,2025-11-25,2796.57,Renewable,1891.88,2013.88,25.15,Sell,70,Verified,14464.96,Price_Surge,2933.67,0
C084,Manufacturing,2024-07-04,951.37,Renewable,594.55,619.55,25.3,Sell,31,Disputed,14745.82,Price_Surge,2091.97,0
C070,Steel,2025-05-04,1217.95,Mixed Fuel,509.58,680.5799999999999,23.37,Buy,186,Verified,12364.18,Low_Demand,2708.41,1
C058,Cement,2024-02-23,1689.66,Mixed Fuel,1276.57,1438.57,33.29,Buy,181,Verified,18417.25,Price_Surge,2935.74,1
C044,Steel,2025-11-14,694.83,Natural Gas,248.85,77.85,27.04,Buy,88,Verified,7877.02,Price_Surge,1075.81,1
C077,Manufacturing,2025-12-27,917.43,Natural Gas,493.23,441.23,34.42,Buy,52,Verified,19871.9,Price_Surge,1256.59,1
C097,Steel,2025-05-27,1207.56,Mixed Fuel,842.19,651.19,26.16,Sell,196,Verified,14559.0,Price_Surge,2672.06,0
C046,Energy,2025-12-20,1650.47,Renewable,510.98,361.98,34.41,Sell,122,Disputed,19139.46,High_Demand,1420.1,0
C012,Steel,2024-08-18,1965.46,Coal,1549.48,1628.48,26.79,Buy,107,Disputed,5402.03,Low_Demand,1489.64,1
C048,Cement,2024-08-08,756.58,Mixed Fuel,231.59,302.59000000000003,29.45,Sell,36,Verified,10370.55,High_Demand,514.66,0
C014,Steel,2025-07-12,2302.09,Coal,979.53,886.53,31.77,Sell,194,Verified,9874.67,High_Demand,2239.64,0
C091,Cement,2024-06-02,1621.44,Renewable,1144.29,1005.29,23.91,Buy,88,Disputed,10543.15,Price_Surge,2323.68,1
C028,Energy,2025-02-19,1942.24,Mixed Fuel,975.28,929.28,26.46,Sell,193,Verified,15811.66,Price_Surge,1850.02,0
C007,Cement,2025-11-17,2856.77,Mixed Fuel,1509.03,1412.03,30.85,Sell,36,Verified,9301.76,High_Demand,1045.09,0
C043,Cement,2024-09-05,1159.77,Renewable,876.45,809.45,31.97,Buy,93,Verified,11625.91,Low_Demand,1106.45,1
C028,Steel,2025-02-09,673.29,Renewable,514.66,634.66,29.76,Buy,194,Disputed,11979.39,Low_Demand,2750.07,1
C094,Manufacturing,2024-09-04,779.63,Coal,485.15,529.15,22.26,Sell,63,Disputed,16005.07,Price_Surge,2554.99,0
C084,Steel,2025-11-21,2564.39,Renewable,958.55,1061.55,28.12,Buy,63,Verified,10191.28,Price_Surge,2577.41,1
C087,Manufacturing,2024-04-27,757.81,Natural Gas,366.49,245.49,27.57,Buy,120,Verified,5660.93,Price_Surge,1210.39,1
C092,Steel,2025-05-20,569.31,Renewable,405.41,228.41000000000003,24.87,Sell,79,Verified,9809.3,Price_Surge,1526.56,0
C041,Cement,2025-09-07,2032.73,Mixed Fuel,834.79,939.79,30.15,Buy,107,Verified,8842.82,Low_Demand,1986.65,1
C057,Energy,2024-09-13,1132.13,Natural Gas,607.72,557.72,31.22,Buy,137,Verified,10164.77,Price_Surge,1867.26,1
C099,Cement,2025-06-07,1445.9,Mixed Fuel,801.92,835.92,25.94,Buy,133,Disputed,14082.83,High_Demand,1293.07,1
C040,Steel,2024-02-10,1595.38,Natural Gas,628.03,674.03,33.63,Sell,138,Disputed,14695.48,Low_Demand,2104.88,0
C055,Energy,2024-06-22,2776.25,Coal,1116.45,1132.45,24.36,Buy,195,Verified,18352.6,Low_Demand,2312.79,1
C068,Cement,2025-10-26,2314.48,Mixed Fuel,1830.55,1743.55,27.88,Buy,120,Verified,8811.04,Price_Surge,1181.79,1
C075,Steel,2024-04-11,2161.72,Natural Gas,1304.09,1488.09,30.29,Sell,26,Disputed,14959.8,Low_Demand,1732.28,0
C042,Cement,2025-10-22,2561.26,Renewable,1856.26,1952.26,25.13,Buy,102,Disputed,15325.1,Low_Demand,1309.85,1
C090,Energy,2025-01-15,1671.5,Coal,1143.96,1247.96,26.9,Buy,87,Verified,19804.44,High_Demand,572.83,1
C062,Energy,2025-12-03,2442.61,Renewable,1643.27,1634.27,33.28,Buy,135,Disputed,19938.6,Low_Demand,2911.64,1
C100,Steel,2024-04-10,1376.59,Coal,697.75,549.75,28.9,Sell,54,Verified,12591.5,High_Demand,2436.44,0
C014,Energy,2025-08-31,1224.14,Renewable,567.15,608.15,30.88,Sell,179,Verified,14685.57,High_Demand,1970.25,0
C060,Manufacturing,2025-06-03,1606.41,Renewable,710.05,895.05,26.32,Buy,188,Disputed,17797.38,High_Demand,670.76,1
C061,Cement,2024-10-11,944.89,Mixed Fuel,593.28,684.28,32.07,Buy,140,Disputed,15878.82,Price_Surge,2297.63,1
C010,Manufacturing,2025-08-17,1146.96,Renewable,425.09,238.08999999999997,27.65,Buy,105,Disputed,15440.86,Low_Demand,1120.07,1
C059,Steel,2025-10-12,786.65,Renewable,410.77,446.77,24.78,Buy,44,Disputed,19972.45,Low_Demand,673.35,1
C047,Steel,2024-12-17,2352.07,Coal,1078.95,1081.95,26.29,Sell,62,Disputed,8386.27,Price_Surge,2282.51,0
C038,Steel,2025-08-08,2441.24,Renewable,1407.07,1274.07,26.84,Buy,65,Verified,14265.38,Low_Demand,1684.01,1
C020,Cement,2025-06-23,2982.77,Mixed Fuel,2343.7,2537.7,28.39,Sell,40,Verified,12493.28,Low_Demand,1654.11,0
C054,Steel,2025-11-06,626.68,Natural Gas,480.4,348.4,26.24,Sell,127,Verified,7955.13,Low_Demand,2393.53,0
C013,Steel,2024-04-14,968.08,Renewable,479.07,544.0699999999999,23.85,Buy,79,Disputed,5197.8,Price_Surge,2786.34,1
C019,Cement,2024-07-15,2297.82,Renewable,1243.06,1212.06,32.82,Sell,80,Verified,19549.35,Price_Surge,1363.88,0
C085,Steel,2025-03-27,1905.05,Mixed Fuel,1395.42,1419.42,20.42,Buy,139,Verified,17063.93,High_Demand,748.5,1
C096,Steel,2024-10-18,1055.06,Renewable,630.22,559.22,25.41,Sell,116,Verified,12576.62,Low_Demand,2023.96,0
C017,Energy,2024-04-25,2595.1,Mixed Fuel,1402.47,1505.47,24.62,Sell,192,Verified,13815.06,High_Demand,2986.72,0
C020,Energy,2024-12-01,1992.72,Coal,1312.44,1145.44,23.96,Sell,55,Disputed,6123.63,High_Demand,878.39,0
C053,Cement,2025-05-30,1020.44,Natural Gas,439.43,311.43,22.56,Buy,144,Verified,14426.72,Price_Surge,639.42,1
C069,Cement,2024-01-20,1339.23,Natural Gas,551.11,383.11,20.17,Buy,158,Disputed,19810.03,Price_Surge,1425.78,1
C007,Manufacturing,2024-06-25,1275.01,Renewable,719.8,558.8,23.69,Sell,45,Disputed,10667.59,Price_Surge,988.94,0
C050,Steel,2025-06-18,1692.88,Natural Gas,591.13,702.13,23.29,Sell,189,Verified,5758.59,Low_Demand,1731.27,0
C065,Manufacturing,2025-12-19,736.96,Coal,339.89,320.89,27.03,Sell,200,Disputed,16723.16,Price_Surge,549.69,0
C048,Energy,2024-07-07,2496.05,Renewable,1249.98,1236.98,25.3,Sell,46,Verified,11132.01,Price_Surge,2950.34,0
C038,Energy,2024-03-01,871.75,Coal,502.31,445.31,33.47,Buy,30,Disputed,10761.74,Low_Demand,2199.33,1
C097,Steel,2025-07-18,2121.28,Mixed Fuel,664.81,620.81,20.14,Sell,111,Verified,15571.57,High_Demand,1399.69,0
C093,Cement,2025-01-27,2610.12,Natural Gas,1755.2,1790.2,27.06,Buy,69,Verified,19014.3,Low_Demand,1008.03,1
C085,Manufacturing,2025-03-04,2774.6,Mixed Fuel,1066.96,978.96,26.19,Buy,138,Verified,8219.22,High_Demand,2603.49,1
C069,Cement,2025-06-27,2208.76,Coal,880.67,921.67,30.31,Sell,87,Disputed,15656.52,Low_Demand,2299.07,0
C052,Cement,2025-05-09,2810.84,Renewable,1813.3,1666.3,29.06,Sell,163,Disputed,17227.29,Price_Surge,957.55,0
C097,Energy,2024-03-02,2186.33,Natural Gas,836.13,922.13,25.35,Sell,78,Verified,16379.14,High_Demand,2551.0,0
C048,Energy,2025-06-18,2136.3,Mixed Fuel,1048.97,974.97,32.49,Sell,26,Verified,5898.71,High_Demand,2521.09,0
C100,Energy,2024-09-04,1130.07,Renewable,470.53,501.53,20.05,Buy,141,Disputed,8403.67,Price_Surge,1722.09,1
C014,Energy,2025-07-30,2109.93,Renewable,1283.98,1443.98,30.4,Sell,172,Verified,5269.65,Price_Surge,1314.29,0
C015,Cement,2024-07-18,1032.06,Coal,417.57,469.57,33.59,Sell,138,Verified,16125.34,Price_Surge,2039.27,0
C032,Manufacturing,2025-06-21,627.98,Natural Gas,341.41,513.4100000000001,20.28,Buy,163,Verified,8482.99,Low_Demand,2007.99,1
C024,Energy,2024-12-08,1630.95,Renewable,1302.32,1400.32,25.59,Buy,77,Verified,8761.97,Low_Demand,2334.8,1
C034,Steel,2025-06-09,562.08,Coal,427.9,244.89999999999998,29.03,Buy,103,Verified,8477.65,Price_Surge,2935.32,1
C074,Cement,2025-08-09,999.69,Renewable,584.31,696.31,27.63,Buy,149,Verified,17948.8,Low_Demand,1651.89,1
C024,Energy,2025-07-23,2106.0,Renewable,1241.23,1312.23,34.15,Buy,164,Verified,7607.72,High_Demand,1163.86,1
C080,Steel,2024-08-27,2308.62,Coal,1557.93,1370.93,21.74,Sell,132,Disputed,16723.07,High_Demand,2473.03,0
C051,Cement,2024-09-23,2963.99,Renewable,2129.88,2240.88,29.09,Buy,126,Verified,13041.83,Price_Surge,1922.91,1
C007,Steel,2025-05-14,1371.99,Natural Gas,473.54,649.54,29.85,Sell,57,Disputed,18150.43,High_Demand,2563.38,0
C021,Energy,2025-08-16,1532.28,Coal,920.24,983.24,23.52,Sell,138,Verified,10242.86,High_Demand,2580.15,0
C049,Manufacturing,2024-08-06,2754.85,Natural Gas,1399.54,1238.54,34.74,Buy,87,Disputed,15319.8,High_Demand,1430.78,1
C057,Energy,2025-02-19,2632.59,Renewable,1490.39,1583.39,23.35,Buy,102,Verified,9270.45,Low_Demand,2645.54,1
C037,Cement,2024-03-17,2627.28,Coal,907.59,721.59,31.29,Buy,32,Verified,14475.36,Price_Surge,1808.62,1
C033,Energy,2024-01-16,1542.19,Coal,788.08,605.08,24.82,Buy,155,Disputed,18726.04,Price_Surge,2647.19,1
C039,Cement,2025-10-30,1999.63,Renewable,856.79,699.79,29.17,Sell,65,Verified,17429.32,High_Demand,2232.72,0
C043,Energy,2024-09-03,2918.6,Natural Gas,2134.14,2319.14,32.09,Buy,62,Verified,14056.29,High_Demand,824.9,1
C004,Energy,2025-06-06,1418.66,Natural Gas,508.76,638.76,26.36,Sell,77,Verified,8723.65,High_Demand,1120.18,0
C045,Energy,2024-10-05,1467.83,Renewable,535.71,633.71,22.8,Buy,195,Disputed,15821.87,High_Demand,2400.54,1
C084,Energy,2024-12-03,2802.54,Natural Gas,1901.92,2060.92,28.04,Sell,104,Disputed,13112.94,High_Demand,1224.62,0
C040,Manufacturing,2025-11-19,511.01,Mixed Fuel,249.12,220.12,24.93,Sell,196,Disputed,18664.66,High_Demand,2797.55,0
C075,Energy,2025-03-18,1400.42,Mixed Fuel,1026.87,1010.8699999999999,32.68,Buy,25,Verified,15907.87,High_Demand,709.45,1
C048,Steel,2025-02-14,2761.57,Natural Gas,1278.55,1166.55,28.07,Sell,58,Verified,15998.48,Price_Surge,1141.98,0
C050,Steel,2024-05-01,1067.69,Renewable,526.79,611.79,33.63,Buy,94,Disputed,15789.65,Price_Surge,1950.57,1
C056,Manufacturing,2025-03-15,957.98,Coal,323.25,485.25,21.45,Sell,53,Disputed,8421.43,Price_Surge,1918.39,0
C006,Manufacturing,2024-04-19,1341.99,Coal,428.13,284.13,33.34,Sell,122,Verified,14791.9,Price_Surge,2453.54,0
C034,Manufacturing,2025-09-06,1996.93,Mixed Fuel,746.8,740.8,25.12,Buy,70,Verified,10414.11,High_Demand,1506.55,1
C079,Steel,2024-06-02,2690.45,Coal,1695.58,1849.58,22.89,Sell,44,Verified,12329.98,Price_Surge,2032.99,0
C051,Cement,2024-09-19,2004.37,Coal,948.89,872.89,21.3,Sell,35,Disputed,7852.54,High_Demand,2709.69,0
C014,Cement,2025-07-16,1611.11,Coal,891.14,845.14,28.67,Sell,115,Disputed,17496.79,High_Demand,1672.15,0
C042,Manufacturing,2025-04-21,1131.24,Natural Gas,341.04,342.04,32.37,Sell,196,Disputed,15749.82,Price_Surge,1760.25,0
C029,Manufacturing,2025-05-19,2158.97,Natural Gas,1289.1,1473.1,25.6,Sell,143,Verified,19760.25,Price_Surge,1460.07,0
C069,Manufacturing,2024-01-09,2423.52,Coal,1332.88,1358.88,23.95,Buy,91,Verified,13565.94,Low_Demand,594.1,1
C046,Steel,2024-12-19,1012.06,Mixed Fuel,491.71,353.71,20.76,Buy,176,Verified,11697.93,Low_Demand,1764.75,1
C028,Manufacturing,2025-12-25,2239.79,Coal,1186.09,1342.09,24.07,Sell,114,Verified,7989.11,Low_Demand,1837.77,0
C048,Manufacturing,2025-09-23,2485.44,Mixed Fuel,1204.34,1023.3399999999999,30.31,Buy,98,Verified,5069.95,High_Demand,2322.36,1
C038,Cement,2024-08-22,1616.48,Coal,1077.9,1264.9,26.17,Buy,33,Disputed,12359.49,Low_Demand,859.94,1
C058,Steel,2024-04-25,2936.98,Mixed Fuel,1552.87,1710.87,34.13,Buy,21,Verified,11169.67,High_Demand,1082.7,1
C088,Energy,2024-02-22,1774.25,Renewable,645.68,758.68,30.74,Sell,174,Disputed,5968.92,Low_Demand,1546.05,0
C067,Cement,2025-04-12,1542.63,Mixed Fuel,1089.06,1023.06,29.93,Sell,27,Verified,8964.77,Price_Surge,1482.26,0
C040,Manufacturing,2025-07-31,1415.68,Coal,1026.0,1137.0,31.97,Buy,159,Disputed,15873.81,Low_Demand,2032.36,1
C086,Steel,2024-11-01,1015.19,Coal,788.08,984.08,21.15,Sell,198,Verified,16677.58,Price_Surge,2365.49,0
C006,Energy,2024-08-28,2681.38,Renewable,966.96,1072.96,22.86,Sell,186,Disputed,7080.47,Low_Demand,2173.62,0
C066,Cement,2024-11-12,2862.42,Mixed Fuel,859.07,704.07,32.3,Buy,66,Disputed,13605.88,Price_Surge,789.18,1
C045,Steel,2025-11-29,2096.06,Coal,688.34,845.34,26.42,Sell,134,Verified,19611.17,Price_Surge,2099.06,0
C073,Steel,2024-01-10,2184.73,Coal,1096.52,1180.52,22.64,Buy,57,Disputed,10135.73,Price_Surge,2314.48,1
C045,Manufacturing,2025-09-04,1508.06,Natural Gas,951.84,1065.8400000000001,26.66,Buy,180,Verified,6730.77,High_Demand,2999.22,1
C021,Energy,2025-09-14,2450.69,Renewable,1230.67,1302.67,29.63,Buy,171,Disputed,6926.92,Price_Surge,781.37,1
C098,Steel,2025-06-28,2410.59,Coal,1554.0,1543.0,23.83,Buy,33,Verified,9065.41,High_Demand,1652.91,1
C007,Manufacturing,2025-05-06,2640.72,Natural Gas,1802.27,1950.27,25.58,Sell,118,Disputed,9275.52,Price_Surge,1885.95,0
C084,Manufacturing,2025-09-05,1681.02,Renewable,1168.89,988.8900000000001,32.16,Sell,109,Verified,18170.27,Low_Demand,714.81,0
C012,Manufacturing,2024-06-12,572.59,Natural Gas,194.11,168.11,25.34,Buy,91,Verified,15043.06,High_Demand,1114.86,1
C022,Steel,2025-02-22,1431.68,Coal,805.59,1002.59,24.85,Buy,37,Disputed,17044.25,Low_Demand,2329.97,1
C018,Steel,2025-12-15,2142.72,Coal,1122.3,1177.3,21.13,Buy,127,Disputed,12928.34,Price_Surge,2070.77,1
C037,Manufacturing,2024-07-09,1707.06,Renewable,741.74,583.74,22.72,Sell,145,Verified,17339.99,Price_Surge,2439.89,0
C073,Cement,2024-11-02,1538.15,Mixed Fuel,967.1,969.1,26.5,Buy,188,Disputed,8930.64,Price_Surge,2348.91,1
C033,Steel,2024-02-11,573.48,Renewable,382.5,202.5,29.81,Sell,78,Verified,18143.18,Price_Surge,2870.8,0
C047,Manufacturing,2025-07-24,1918.11,Renewable,1097.29,1057.29,23.59,Buy,158,Disputed,13882.5,Low_Demand,564.9,1
C002,Cement,2024-11-09,784.23,Natural Gas,451.36,578.36,31.31,Buy,189,Disputed,11870.99,Price_Surge,1003.5,1
C013,Manufacturing,2024-01-20,2789.8,Mixed Fuel,1231.54,1416.54,32.35,Sell,93,Disputed,7747.36,Price_Surge,2260.36,0
C001,Steel,2025-07-05,646.33,Coal,310.41,191.41000000000003,28.7,Sell,114,Disputed,6469.76,High_Demand,2793.96,0
C052,Cement,2024-05-10,2946.43,Coal,2309.13,2171.13,33.35,Sell,88,Disputed,16076.59,Low_Demand,2847.0,0
C021,Cement,2025-06-13,625.47,Mixed Fuel,238.91,355.90999999999997,33.24,Buy,133,Disputed,13264.6,High_Demand,2077.14,1
C007,Manufacturing,2024-01-14,1880.89,Renewable,1125.92,992.9200000000001,28.2,Sell,136,Verified,9766.11,Price_Surge,636.38,0
C003,Manufacturing,2025-05-02,1364.48,Natural Gas,687.79,849.79,21.69,Sell,23,Verified,14293.95,High_Demand,609.91,0
C018,Manufacturing,2024-05-02,1017.74,Renewable,596.4,755.4,26.35,Buy,22,Verified,16680.22,Low_Demand,2087.48,1
C064,Cement,2024-03-30,615.82,Natural Gas,264.93,195.93,21.68,Sell,198,Disputed,9037.23,High_Demand,2142.6,0
C064,Steel,2025-09-22,1041.62,Renewable,535.9,556.9,30.31,Buy,160,Disputed,9038.12,Price_Surge,1632.7,1
C038,Manufacturing,2025-08-21,1402.9,Mixed Fuel,817.74,857.74,34.26,Sell,40,Disputed,15673.38,Low_Demand,932.99,0
C067,Cement,2024-02-22,831.18,Coal,338.8,231.8,24.96,Buy,105,Disputed,5463.39,Low_Demand,1948.11,1
C054,Energy,2024-06-24,783.55,Natural Gas,424.78,554.78,21.4,Buy,101,Disputed,13047.6,High_Demand,2609.57,1
C036,Energy,2024-08-23,2908.76,Coal,972.14,774.14,32.68,Buy,95,Verified,18775.4,Price_Surge,773.05,1
C035,Manufacturing,2024-05-17,2449.19,Coal,884.81,804.81,24.22,Buy,146,Disputed,12412.06,High_Demand,2869.92,1
C014,Cement,2025-10-18,1162.89,Renewable,925.98,1070.98,24.16,Sell,66,Verified,14543.11,Price_Surge,1041.28,0
C022,Cement,2025-09-10,1265.07,Coal,765.19,809.19,29.17,Sell,129,Disputed,18021.54,Price_Surge,1257.15,0
C087,Energy,2024-01-22,1066.38,Natural Gas,751.17,844.17,28.74,Sell,134,Disputed,15033.86,Price_Surge,950.92,0
C062,Energy,2025-01-04,1499.7,Natural Gas,456.67,366.67,25.65,Buy,165,Verified,11523.01,Price_Surge,1878.47,1
C063,Manufacturing,2024-06-04,2215.67,Coal,1473.3,1350.3,24.93,Sell,179,Disputed,18172.46,Low_Demand,1413.49,0
C084,Energy,2024-11-07,2239.65,Mixed Fuel,1140.24,961.24,30.39,Sell,124,Verified,14222.94,Low_Demand,1928.04,0
C006,Cement,2024-03-31,1846.3,Coal,868.59,806.59,21.09,Sell,198,Verified,17495.39,Low_Demand,753.9,0
C002,Steel,2024-03-19,1221.61,Coal,680.08,561.08,32.47,Buy,188,Verified,13358.71,Low_Demand,1529.46,1
C086,Energy,2024-04-13,2221.83,Natural Gas,1687.91,1490.91,26.58,Sell,137,Verified,11009.42,High_Demand,2307.83,0
C059,Manufacturing,2025-05-26,1973.16,Renewable,974.02,1162.02,30.97,Sell,132,Verified,6960.82,Price_Surge,1619.72,0
C096,Energy,2024-12-13,1388.47,Mixed Fuel,708.3,758.3,23.78,Sell,134,Disputed,7568.75,High_Demand,1939.8,0
C043,Cement,2024-12-31,537.82,Natural Gas,343.47,188.47000000000003,33.55,Sell,47,Verified,6733.15,Low_Demand,2422.37,0
C071,Steel,2025-07-30,563.19,Renewable,444.48,349.48,33.68,Buy,147,Verified,16434.01,Price_Surge,1888.72,1
C018,Energy,2025-10-10,2595.68,Renewable,1136.78,1293.78,24.91,Sell,73,Verified,5809.72,Low_Demand,1463.07,0
C066,Steel,2024-08-28,1050.96,Natural Gas,382.19,234.19,32.55,Buy,179,Disputed,8085.03,High_Demand,2018.79,1
C065,Cement,2024-06-04,2506.76,Mixed Fuel,1962.23,1865.23,21.5,Sell,116,Verified,16679.43,Price_Surge,2091.84,0
C067,Energy,2024-11-11,2834.01,Natural Gas,1228.04,1047.04,29.04,Buy,197,Verified,18117.28,High_Demand,2791.11,1
C017,Steel,2025-07-26,2203.61,Natural Gas,672.77,578.77,25.37,Sell,124,Disputed,6211.66,Price_Surge,532.61,0
C087,Energy,2025-10-03,1517.04,Natural Gas,1080.16,1103.16,31.92,Buy,110,Disputed,9835.12,Price_Surge,954.65,1
C086,Manufacturing,2025-09-24,1170.4,Coal,858.64,708.64,29.11,Sell,25,Disputed,7206.33,High_Demand,961.65,0
C051,Steel,2024-04-23,2034.44,Renewable,765.79,943.79,28.16,Sell,24,Disputed,8076.73,Price_Surge,1331.9,0
C077,Cement,2024-09-09,1912.63,Natural Gas,574.79,614.79,30.73,Sell,181,Verified,15041.45,Low_Demand,992.1,0
C075,Energy,2025-01-21,2388.42,Mixed Fuel,1352.46,1505.46,25.45,Sell,118,Verified,19388.2,Price_Surge,1690.57,0
C033,Cement,2025-10-20,1726.47,Natural Gas,803.91,930.91,31.89,Sell,182,Disputed,7009.83,Low_Demand,2191.54,0
C025,Steel,2025-06-19,2047.73,Natural Gas,1006.01,999.01,28.91,Buy,122,Disputed,11903.79,Low_Demand,1951.01,1
C099,Manufacturing,2025-02-22,2716.51,Renewable,1742.15,1576.15,30.57,Buy,114,Verified,14292.35,High_Demand,2848.58,1
C095,Cement,2024-12-29,1809.84,Renewable,1447.62,1493.62,26.73,Buy,197,Disputed,5395.58,Low_Demand,2541.94,1
C070,Energy,2024-01-10,2072.69,Coal,716.78,631.78,26.38,Sell,132,Disputed,17237.6,High_Demand,2754.43,0
C063,Energy,2025-11-19,1855.72,Renewable,1310.99,1436.99,31.23,Sell,47,Disputed,5285.41,High_Demand,696.04,0
C061,Cement,2024-03-21,671.34,Renewable,244.65,64.65,33.39,Sell,186,Verified,8400.31,Low_Demand,1041.17,0
C060,Cement,2024-09-29,1117.8,Mixed Fuel,864.78,862.78,26.83,Sell,140,Disputed,7500.4,Low_Demand,1012.18,0
C051,Manufacturing,2025-11-19,508.92,Natural Gas,278.01,463.01,24.07,Buy,49,Disputed,8262.6,Price_Surge,2147.18,1
C076,Manufacturing,2025-04-13,2307.87,Coal,824.43,944.43,20.81,Sell,24,Verified,6764.79,High_Demand,2919.02,0
C025,Manufacturing,2025-12-31,2952.08,Coal,1817.41,1787.41,23.57,Sell,166,Verified,9062.94,Low_Demand,808.68,0
C035,Cement,2025-12-28,883.56,Coal,392.29,541.29,24.23,Buy,127,Verified,16405.29,High_Demand,1853.4,1
C009,Energy,2024-11-16,889.68,Mixed Fuel,616.36,511.36,33.68,Sell,88,Verified,19538.47,Low_Demand,2056.92,0
C070,Energy,2025-11-07,2432.26,Renewable,1162.51,1337.51,24.29,Buy,39,Disputed,11105.39,High_Demand,794.87,1
C020,Energy,2025-04-17,869.25,Mixed Fuel,421.62,500.62,21.94,Buy,65,Verified,15674.1,Price_Surge,2528.74,1
C045,Cement,2024-08-13,1615.69,Natural Gas,649.1,785.1,30.26,Buy,154,Verified,5056.72,High_Demand,946.47,1
C070,Steel,2024-11-12,958.72,Renewable,564.26,381.26,25.57,Buy,150,Verified,19324.38,High_Demand,2090.46,1
C020,Cement,2025-06-07,2908.28,Mixed Fuel,2078.33,2063.33,32.39,Sell,126,Disputed,19028.51,Price_Surge,2739.67,0
C021,Cement,2024-04-23,2288.59,Mixed Fuel,1182.2,1279.2,34.62,Sell,195,Disputed,9551.46,High_Demand,2257.42,0
C074,Steel,2024-05-22,501.92,Natural Gas,380.04,387.04,20.63,Sell,118,Disputed,13979.66,Price_Surge,838.18,0
C005,Energy,2024-10-28,855.7,Coal,666.07,736.07,22.95,Buy,148,Verified,9587.38,Low_Demand,2608.03,1
C015,Cement,2024-09-09,1475.38,Coal,969.78,786.78,29.08,Sell,134,Verified,11361.7,High_Demand,2677.99,0
C017,Steel,2025-10-30,1595.0,Natural Gas,514.46,379.46000000000004,30.89,Buy,65,Disputed,13558.4,Price_Surge,2189.84,1
C091,Energy,2024-02-22,2758.73,Renewable,2002.75,1919.75,26.74,Sell,116,Verified,8492.57,High_Demand,2301.75,0
C077,Cement,2025-04-19,2173.93,Natural Gas,1706.34,1658.34,32.66,Sell,132,Verified,19730.99,High_Demand,2798.76,0
C021,Energy,2024-03-21,820.19,Mixed Fuel,457.49,636.49,26.99,Buy,39,Verified,7516.15,High_Demand,1384.88,1
C022,Energy,2024-10-01,1862.24,Renewable,1199.53,1340.53,27.84,Sell,88,Verified,9634.25,High_Demand,1543.04,0
C056,Energy,2024-10-06,569.67,Mixed Fuel,192.23,180.23,28.29,Buy,174,Disputed,10579.08,Price_Surge,1258.47,1
C035,Steel,2024-07-02,1489.75,Natural Gas,1118.72,1097.72,32.73,Sell,58,Disputed,6748.14,Low_Demand,2278.76,0
C050,Manufacturing,2025-04-16,2463.01,Natural Gas,1881.6,1889.6,31.02,Sell,167,Verified,11166.09,Low_Demand,2458.41,0
C071,Steel,2024-06-30,2968.87,Coal,1153.16,1027.16,34.94,Sell,62,Disputed,15613.63,Low_Demand,1377.94,0
C065,Manufacturing,2025-05-07,782.31,Natural Gas,555.46,619.46,23.97,Buy,98,Verified,14517.12,High_Demand,1478.73,1
C008,Cement,2024-02-04,1246.76,Mixed Fuel,771.7,679.7,27.35,Sell,96,Verified,9053.29,Price_Surge,575.4,0
C038,Cement,2025-05-30,2760.05,Mixed Fuel,1643.59,1571.59,24.21,Buy,85,Verified,18714.32,High_Demand,2878.36,1
C063,Steel,2025-03-26,2660.81,Coal,1561.85,1431.85,31.53,Buy,126,Verified,18870.46,High_Demand,2450.61,1
C096,Cement,2025-03-28,586.72,Renewable,376.32,319.32,29.37,Buy,91,Verified,5362.61,Price_Surge,2753.15,1
C088,Steel,2024-08-04,1626.07,Renewable,615.69,621.69,32.33,Buy,87,Verified,5285.53,Price_Surge,2930.94,1
C017,Manufacturing,2025-04-13,2140.83,Natural Gas,1210.17,1232.17,32.22,Buy,25,Verified,10111.15,Price_Surge,1968.76,1
C019,Manufacturing,2025-07-04,2326.49,Mixed Fuel,1156.64,956.6400000000001,25.75,Buy,82,Verified,19681.3,Price_Surge,1056.83,1
C049,Cement,2025-01-17,2481.15,Mixed Fuel,1696.35,1734.35,28.42,Buy,152,Disputed,17311.72,Price_Surge,1409.44,1
C070,Cement,2024-04-09,2776.78,Coal,935.36,923.36,31.79,Sell,103,Disputed,19872.35,Price_Surge,1852.2,0
C035,Cement,2024-03-06,726.31,Renewable,252.15,261.15,21.71,Sell,56,Verified,9309.59,Low_Demand,2152.22,0
C062,Cement,2024-06-13,2615.67,Natural Gas,974.98,1113.98,32.34,Buy,75,Verified,7388.13,Price_Surge,2652.5,1
C046,Steel,2024-09-02,2720.76,Renewable,1712.49,1766.49,33.7,Buy,56,Disputed,18519.65,Price_Surge,763.13,1
C070,Energy,2024-03-01,2255.16,Coal,1547.24,1406.24,20.17,Sell,28,Disputed,7708.55,Low_Demand,967.71,0
C082,Energy,2024-11-17,1981.88,Natural Gas,1279.33,1126.33,31.99,Sell,161,Disputed,18802.41,High_Demand,527.45,0
C038,Manufacturing,2025-06-08,1988.94,Renewable,1388.69,1284.69,26.19,Buy,42,Disputed,5258.5,High_Demand,2648.43,1
C003,Manufacturing,2024-11-16,676.41,Coal,288.01,318.01,24.2,Buy,167,Verified,12887.91,High_Demand,748.55,1
C052,Cement,2024-06-28,735.41,Coal,461.41,344.41,33.11,Sell,128,Verified,9555.17,High_Demand,1695.83,0
C003,Energy,2024-08-25,2941.93,Renewable,1379.76,1466.76,30.78,Sell,34,Disputed,8785.87,Low_Demand,789.18,0
C087,Steel,2024-12-24,2315.76,Renewable,975.97,1038.97,23.35,Sell,86,Verified,17413.62,Low_Demand,547.43,0
C078,Energy,2025-10-18,2432.15,Renewable,1275.16,1232.16,29.79,Buy,152,Verified,13415.13,Price_Surge,1135.18,1
C065,Manufacturing,2024-11-27,2027.4,Natural Gas,1250.88,1057.88,24.94,Buy,70,Disputed,7536.32,High_Demand,1692.42,1
C016,Steel,2025-02-03,900.81,Coal,356.13,348.13,32.57,Sell,27,Disputed,19461.6,High_Demand,1679.56,0
C001,Energy,2025-06-18,1770.2,Renewable,1087.79,1085.79,25.98,Sell,38,Verified,15442.31,Price_Surge,1244.21,0
C079,Manufacturing,2024-05-19,2867.04,Natural Gas,1100.94,902.94,21.18,Sell,115,Verified,14826.68,Price_Surge,1625.1,0
C042,Steel,2024-07-25,1803.83,Natural Gas,1215.73,1105.73,27.59,Sell,59,Verified,9575.16,High_Demand,1137.53,0
C001,Steel,2025-01-28,1815.85,Renewable,737.46,756.46,24.27,Sell,104,Disputed,7663.32,Low_Demand,1749.72,0
C072,Energy,2024-05-27,2644.96,Coal,941.25,862.25,25.82,Sell,145,Disputed,19535.97,Price_Surge,1815.52,0
C084,Cement,2025-09-25,1115.3,Renewable,472.36,526.36,31.36,Sell,184,Verified,6975.25,Low_Demand,1837.93,0
C055,Steel,2024-08-21,685.96,Natural Gas,536.5,393.5,29.25,Buy,82,Verified,15579.41,High_Demand,1079.24,1
C046,Energy,2025-05-30,1467.21,Coal,919.61,1110.6100000000001,31.48,Buy,74,Disputed,5692.92,High_Demand,2770.16,1
C013,Steel,2024-03-01,1325.82,Natural Gas,617.29,533.29,27.07,Buy,71,Disputed,16816.18,High_Demand,2569.57,1
C070,Energy,2024-03-27,745.77,Renewable,380.2,451.2,21.5,Buy,97,Disputed,11180.23,Low_Demand,788.79,1
C041,Cement,2025-05-09,1237.5,Mixed Fuel,385.49,362.49,30.95,Sell,141,Verified,9378.75,Price_Surge,1378.16,0
C043,Steel,2025-06-02,2202.71,Natural Gas,1221.81,1159.81,29.49,Buy,81,Disputed,18866.37,High_Demand,1030.91,1
C078,Energy,2024-08-24,2130.94,Natural Gas,1113.67,954.6700000000001,27.0,Buy,60,Verified,14616.13,Low_Demand,540.17,1
C093,Manufacturing,2025-10-10,1097.94,Renewable,513.33,466.33000000000004,34.54,Sell,165,Disputed,5806.09,Low_Demand,2858.91,0
C042,Steel,2024-08-10,735.26,Coal,340.63,464.63,29.21,Sell,63,Verified,7291.58,Price_Surge,1185.7,0
C003,Energy,2024-12-04,1529.65,Natural Gas,839.69,778.69,20.21,Sell,148,Disputed,6625.99,High_Demand,1377.46,0
C096,Energy,2024-12-22,2647.61,Coal,1770.41,1707.41,22.08,Sell,22,Disputed,6656.13,Price_Surge,2607.61,0
C030,Energy,2024-01-28,1511.04,Natural Gas,606.43,424.42999999999995,28.14,Buy,142,Verified,19904.12,High_Demand,807.97,1
C025,Manufacturing,2025-05-09,1370.94,Coal,470.69,462.69,27.35,Sell,155,Verified,5942.24,Price_Surge,1665.35,0
C016,Cement,2024-11-04,1892.45,Coal,859.25,869.25,30.82,Sell,171,Disputed,16691.51,Price_Surge,2221.79,0
C074,Cement,2025-04-17,543.42,Renewable,204.36,137.36,29.95,Buy,66,Verified,10418.99,Low_Demand,2947.2,1
C065,Energy,2025-04-25,2531.42,Renewable,1978.09,1792.09,22.68,Buy,146,Verified,13577.11,Price_Surge,2825.32,1
C099,Energy,2025-08-06,1081.59,Mixed Fuel,710.64,835.64,23.05,Sell,109,Verified,19213.02,Low_Demand,1289.9,0
C015,Energy,2024-11-01,1126.09,Natural Gas,389.56,247.56,29.78,Buy,65,Verified,19669.44,Price_Surge,1568.48,1
C075,Manufacturing,2024-07-06,1583.53,Renewable,935.44,748.44,24.18,Sell,165,Disputed,5603.14,Price_Surge,1841.91,0
C015,Manufacturing,2024-06-10,738.38,Mixed Fuel,589.31,434.30999999999995,22.01,Buy,138,Verified,6944.06,Low_Demand,2388.87,1
C046,Manufacturing,2025-04-16,1610.82,Coal,625.41,445.40999999999997,32.84,Sell,175,Disputed,11279.18,Price_Surge,1544.32,0
C080,Manufacturing,2024-10-21,2689.6,Renewable,900.39,781.39,20.27,Sell,117,Verified,12477.92,Price_Surge,530.49,0
C036,Energy,2025-02-23,1542.69,Renewable,1212.6,1128.6,26.37,Buy,35,Disputed,10192.66,Low_Demand,1142.28,1
C062,Cement,2024-06-11,917.11,Mixed Fuel,501.06,549.06,30.29,Sell,62,Disputed,17238.63,Low_Demand,599.04,0
C028,Manufacturing,2025-01-14,1772.8,Renewable,1083.0,969.0,28.94,Buy,77,Disputed,9986.08,Low_Demand,610.69,1
C047,Cement,2024-07-20,2496.32,Natural Gas,1311.92,1127.92,29.14,Buy,79,Verified,19553.34,Price_Surge,1970.22,1
C005,Steel,2024-07-18,2923.34,Natural Gas,1495.8,1631.8,31.33,Buy,109,Verified,16023.66,High_Demand,1351.26,1
C054,Cement,2025-09-20,1954.01,Natural Gas,945.92,933.92,31.35,Buy,172,Verified,13215.31,Price_Surge,2319.66,1
C056,Cement,2024-09-03,1700.56,Mixed Fuel,1123.9,931.9000000000001,34.56,Sell,118,Verified,18827.23,Low_Demand,759.97,0
C047,Energy,2025-01-23,606.31,Renewable,241.06,153.06,27.3,Sell,151,Disputed,18138.88,Low_Demand,1863.68,0
C027,Cement,2024-03-27,1416.58,Mixed Fuel,748.5,731.5,33.13,Sell,36,Disputed,8307.0,Low_Demand,921.36,0
C017,Energy,2024-04-22,2512.2,Renewable,1627.46,1637.46,26.91,Buy,67,Verified,13826.53,Price_Surge,620.82,1
C018,Cement,2025-07-04,2217.79,Natural Gas,973.81,957.81,23.26,Buy,107,Verified,15537.94,Price_Surge,861.06,1
C053,Manufacturing,2025-05-04,2724.5,Natural Gas,1075.96,1225.96,28.39,Sell,137,Verified,11470.32,Low_Demand,2026.52,0
C058,Steel,2025-12-06,2018.01,Renewable,995.59,901.59,30.45,Sell,177,Disputed,11423.42,Price_Surge,2932.37,0
C033,Cement,2025-01-01,2461.98,Renewable,890.59,693.59,28.66,Sell,157,Verified,8760.06,Price_Surge,1379.83,0
C040,Steel,2024-12-29,2171.99,Natural Gas,940.33,1108.33,33.55,Buy,108,Verified,7516.72,Low_Demand,1630.44,1
C052,Cement,2024-10-22,1797.88,Natural Gas,1315.26,1445.26,21.78,Sell,135,Disputed,10355.01,High_Demand,582.24,0
C061,Cement,2024-03-27,866.92,Mixed Fuel,608.15,786.15,31.58,Sell,109,Verified,9403.04,High_Demand,1147.68,0
C088,Cement,2024-10-02,2728.07,Natural Gas,1917.95,1803.95,21.09,Sell,50,Disputed,8803.51,Low_Demand,961.22,0
C025,Manufacturing,2024-01-11,1909.12,Coal,1078.34,1264.34,26.99,Sell,40,Disputed,7431.35,High_Demand,2245.89,0
C065,Manufacturing,2025-01-26,2204.88,Mixed Fuel,1063.95,1242.95,34.37,Buy,23,Disputed,17729.5,Price_Surge,1592.57,1
C093,Cement,2025-06-06,1987.27,Renewable,1337.34,1168.34,22.47,Buy,148,Disputed,16904.98,High_Demand,2661.56,1
C099,Steel,2025-05-27,1757.79,Natural Gas,784.75,922.75,24.89,Buy,73,Disputed,8788.72,High_Demand,2372.62,1
C089,Cement,2025-01-28,2009.59,Mixed Fuel,858.11,1056.1100000000001,22.41,Sell,194,Disputed,17869.05,High_Demand,1917.34,0
C099,Energy,2024-02-19,2639.22,Coal,1216.87,1396.87,25.05,Sell,177,Disputed,15620.67,Low_Demand,1039.09,0
C090,Steel,2025-10-23,1484.42,Renewable,939.43,787.43,27.04,Buy,88,Verified,5225.0,High_Demand,620.78,1
C050,Cement,2024-08-14,2475.57,Coal,1060.07,1075.07,29.92,Buy,66,Verified,8707.55,Price_Surge,577.65,1
C089,Cement,2024-08-11,1211.76,Mixed Fuel,810.05,723.05,32.6,Sell,197,Verified,9207.58,Low_Demand,1744.6,0
C004,Cement,2025-02-11,1057.75,Coal,778.62,937.62,34.03,Sell,22,Verified,13565.98,Price_Surge,1037.25,0
C093,Manufacturing,2024-07-01,1396.5,Mixed Fuel,1011.33,1124.33,22.84,Buy,80,Disputed,11802.24,Price_Surge,1674.97,1
C093,Energy,2024-02-01,1607.78,Natural Gas,1004.95,1133.95,32.73,Buy,22,Verified,14479.02,High_Demand,1358.18,1
C042,Steel,2024-07-24,1455.0,Mixed Fuel,510.43,628.4300000000001,34.0,Buy,128,Disputed,7007.81,High_Demand,748.49,1
C071,Energy,2025-10-25,2640.06,Natural Gas,2050.86,1898.8600000000001,34.35,Buy,155,Verified,5394.26,Low_Demand,2278.19,1
C005,Cement,2024-07-06,798.17,Renewable,297.4,171.39999999999998,33.15,Buy,180,Verified,19739.85,High_Demand,2055.06,1
C063,Energy,2024-04-30,1733.1,Mixed Fuel,1107.03,1199.03,20.32,Sell,48,Verified,15401.93,High_Demand,1898.08,0
C006,Manufacturing,2025-12-27,2368.17,Natural Gas,1035.43,1132.43,23.15,Sell,103,Verified,8722.47,High_Demand,2710.15,0
C025,Manufacturing,2024-08-05,725.36,Coal,397.76,492.76,24.61,Buy,143,Verified,11014.07,High_Demand,585.64,1
C093,Energy,2025-11-27,588.08,Mixed Fuel,391.98,374.98,26.51,Sell,62,Disputed,10858.91,High_Demand,1637.66,0
C018,Energy,2025-01-14,1884.05,Mixed Fuel,620.35,472.35,32.87,Sell,161,Verified,19033.6,Price_Surge,1928.18,0
C055,Manufacturing,2025-01-09,2784.01,Renewable,1586.71,1388.71,23.81,Buy,31,Disputed,5009.88,Low_Demand,2762.86,1
C086,Manufacturing,2024-04-19,2863.81,Renewable,1748.51,1554.51,32.79,Buy,96,Verified,19349.04,High_Demand,2095.26,1
C072,Cement,2024-08-23,1758.38,Coal,1216.85,1178.85,23.1,Sell,46,Disputed,6771.65,Price_Surge,2915.31,0
C021,Energy,2024-06-24,2364.69,Mixed Fuel,837.61,715.61,27.49,Buy,95,Verified,19670.04,Low_Demand,1691.51,1
C029,Steel,2025-01-27,2824.34,Coal,1624.31,1611.31,29.1,Sell,57,Verified,12673.77,High_Demand,953.77,0
C006,Manufacturing,2024-04-04,2339.26,Renewable,1379.1,1306.1,33.54,Buy,195,Disputed,9250.88,Low_Demand,974.08,1
C006,Manufacturing,2025-07-18,2307.45,Coal,1161.76,1084.76,24.25,Sell,100,Verified,11650.06,High_Demand,867.38,0
C058,Energy,2024-12-26,2108.89,Natural Gas,822.04,926.04,30.42,Buy,137,Verified,9379.4,High_Demand,1962.84,1
C061,Energy,2024-09-06,684.42,Coal,207.41,187.41,33.44,Buy,138,Disputed,11867.49,High_Demand,816.94,1
C066,Steel,2025-09-12,2053.42,Coal,644.35,470.35,32.11,Sell,34,Verified,17581.38,High_Demand,1807.84,0
C099,Energy,2024-02-23,2778.6,Renewable,1043.43,1088.43,34.98,Sell,79,Verified,16646.64,Low_Demand,2173.55,0
C091,Cement,2025-03-21,594.56,Coal,456.68,393.68,32.6,Sell,166,Verified,16889.67,Low_Demand,574.6,0
C054,Cement,2025-06-21,2181.22,Natural Gas,1049.5,912.5,23.79,Sell,107,Verified,8518.51,Low_Demand,911.08,0
C098,Energy,2025-02-12,2007.37,Renewable,726.76,710.76,31.28,Sell,82,Disputed,19579.65,Low_Demand,2651.42,0
C079,Manufacturing,2024-05-05,1976.8,Natural Gas,1003.74,1163.74,32.64,Buy,188,Verified,16092.87,Price_Surge,982.96,1
C060,Manufacturing,2025-04-30,1440.71,Coal,840.33,854.33,33.54,Sell,48,Verified,11354.99,Low_Demand,2540.17,0
C081,Steel,2024-06-12,965.52,Renewable,388.29,261.29,33.46,Buy,56,Disputed,13637.13,High_Demand,2658.95,1
C031,Manufacturing,2024-07-07,1672.02,Coal,1149.77,957.77,34.04,Buy,92,Verified,6869.63,Price_Surge,1460.98,1
C083,Energy,2024-07-13,611.24,Mixed Fuel,266.84,203.83999999999997,23.2,Buy,25,Disputed,14745.23,Low_Demand,1655.54,1
C057,Manufacturing,2025-07-04,971.12,Coal,579.16,746.16,31.84,Buy,28,Disputed,8434.17,Price_Surge,2213.98,1
C082,Cement,2025-11-23,2330.74,Natural Gas,706.49,554.49,27.82,Sell,37,Disputed,9557.68,High_Demand,2534.01,0
C054,Steel,2024-08-10,1268.21,Renewable,687.09,833.09,25.04,Buy,117,Disputed,7190.09,Low_Demand,1651.78,1
C076,Steel,2024-07-25,1728.59,Coal,1345.14,1388.14,34.61,Sell,70,Disputed,9579.0,Price_Surge,1205.43,0
C014,Steel,2025-10-31,2306.03,Natural Gas,1468.34,1631.34,32.02,Sell,147,Verified,5344.97,Low_Demand,1896.24,0
C090,Steel,2024-01-29,2983.81,Natural Gas,1703.42,1801.42,34.26,Sell,37,Disputed,18195.43,Price_Surge,1409.26,0
C094,Steel,2024-06-04,585.1,Mixed Fuel,461.13,535.13,28.48,Sell,75,Verified,12957.43,Low_Demand,680.52,0
C040,Manufacturing,2024-12-23,538.33,Renewable,277.61,246.61,24.88,Sell,118,Disputed,12051.56,Price_Surge,1835.96,0
C058,Cement,2024-09-26,2695.95,Coal,1555.98,1508.98,30.68,Buy,71,Verified,12436.26,Low_Demand,563.77,1
C082,Energy,2025-10-11,2641.97,Renewable,1132.26,955.26,23.62,Sell,45,Verified,6729.33,High_Demand,1134.94,0
C006,Manufacturing,2024-09-28,1193.12,Renewable,553.45,398.45000000000005,21.89,Buy,60,Disputed,14796.54,High_Demand,562.52,1
C035,Energy,2025-06-16,2296.33,Natural Gas,1793.6,1878.6,24.52,Buy,193,Disputed,14706.53,High_Demand,1741.61,1
C077,Steel,2024-10-25,2154.8,Mixed Fuel,974.92,1157.92,24.63,Buy,172,Disputed,19707.97,High_Demand,632.95,1
C056,Manufacturing,2025-07-25,2189.99,Natural Gas,1742.63,1550.63,28.82,Sell,161,Disputed,18059.83,Low_Demand,600.53,0
C044,Steel,2025-12-10,1093.48,Renewable,443.38,360.38,29.92,Sell,183,Disputed,13146.37,High_Demand,2972.03,0
C047,Steel,2024-04-04,1712.16,Mixed Fuel,1345.94,1282.94,30.28,Sell,103,Verified,13751.29,Low_Demand,1049.14,0
C031,Cement,2024-03-14,2986.88,Natural Gas,1753.25,1830.25,27.33,Sell,98,Disputed,11193.69,Price_Surge,730.27,0
C056,Manufacturing,2025-10-27,721.34,Renewable,550.55,435.54999999999995,20.59,Sell,64,Verified,19166.8,Price_Surge,1357.49,0
C055,Energy,2024-07-17,2959.57,Natural Gas,1079.85,1136.85,22.41,Buy,179,Verified,15828.99,Low_Demand,1081.1,1
C035,Energy,2025-05-17,1970.41,Coal,699.54,678.54,33.88,Buy,106,Disputed,18731.03,Price_Surge,2624.4,1
C008,Steel,2024-07-22,2114.25,Renewable,644.17,575.17,33.53,Buy,81,Disputed,14690.41,Low_Demand,1072.15,1
C043,Manufacturing,2025-10-13,1435.8,Coal,697.24,791.24,32.79,Sell,51,Verified,15780.68,High_Demand,2262.69,0
C046,Steel,2024-02-24,2040.97,Mixed Fuel,968.22,1003.22,20.82,Buy,85,Verified,8096.18,High_Demand,2972.46,1
C043,Cement,2024-08-11,1191.01,Natural Gas,451.86,395.86,28.59,Buy,94,Disputed,16580.98,Price_Surge,1984.63,1
C099,Steel,2024-02-26,2679.26,Mixed Fuel,1496.34,1398.34,22.38,Buy,69,Disputed,12297.39,High_Demand,2986.89,1
C026,Energy,2024-03-25,1881.54,Renewable,1396.3,1528.3,23.11,Buy,186,Disputed,5869.25,High_Demand,773.99,1
C020,Steel,2024-08-18,939.54,Coal,722.72,607.72,22.82,Buy,149,Disputed,17286.67,Low_Demand,1242.23,1
C034,Steel,2024-10-04,1986.23,Renewable,752.78,596.78,33.35,Buy,47,Disputed,10909.9,High_Demand,1990.0,1
C087,Energy,2024-07-27,2718.51,Renewable,1412.78,1377.78,26.67,Sell,97,Verified,9963.86,Low_Demand,1365.22,0
C058,Cement,2025-04-05,2616.25,Natural Gas,1470.87,1614.87,27.99,Buy,118,Disputed,18879.04,High_Demand,2078.75,1
C006,Manufacturing,2025-05-17,929.57,Mixed Fuel,434.86,424.86,22.33,Sell,56,Disputed,14227.49,Price_Surge,795.47,0
C003,Cement,2024-03-07,2576.31,Natural Gas,874.9,860.9,33.31,Buy,188,Verified,7539.2,Low_Demand,1987.37,1
C037,Cement,2024-08-10,1626.39,Coal,1072.67,1108.67,31.64,Buy,110,Verified,18614.43,Low_Demand,1482.39,1
C058,Manufacturing,2025-05-21,688.67,Coal,295.97,182.97000000000003,27.43,Buy,145,Verified,7529.3,High_Demand,1436.36,1
C037,Cement,2025-02-17,2027.91,Renewable,658.29,612.29,23.27,Sell,54,Disputed,15398.46,Low_Demand,1887.01,0
C042,Cement,2025-08-17,1598.81,Natural Gas,1060.28,870.28,34.09,Sell,65,Verified,7784.73,Low_Demand,1434.2,0
C059,Energy,2025-01-04,913.14,Natural Gas,686.62,655.62,21.48,Sell,137,Verified,13040.69,Price_Surge,1944.11,0
C044,Cement,2024-12-28,1804.11,Mixed Fuel,1422.52,1339.52,22.53,Sell,151,Verified,17825.7,Low_Demand,1899.81,0
C025,Cement,2024-01-29,948.93,Natural Gas,737.94,716.94,24.71,Sell,177,Verified,8640.14,Low_Demand,2710.12,0
C042,Cement,2024-07-26,1699.82,Mixed Fuel,624.48,711.48,27.59,Sell,199,Disputed,19417.81,Low_Demand,2161.42,0
C037,Steel,2025-07-08,2862.46,Renewable,2181.95,2185.95,21.77,Buy,26,Verified,7336.2,Low_Demand,807.43,1
C035,Cement,2025-09-02,1269.47,Natural Gas,895.13,818.13,25.89,Buy,103,Verified,9602.55,Price_Surge,2290.19,1
C063,Manufacturing,2025-06-20,1844.19,Natural Gas,851.12,672.12,24.25,Buy,189,Verified,12047.39,High_Demand,538.26,1
C079,Energy,2025-08-27,701.8,Renewable,330.24,371.24,23.16,Sell,125,Disputed,11280.1,High_Demand,1773.49,0
C042,Manufacturing,2024-04-08,511.02,Natural Gas,402.2,476.2,25.4,Buy,77,Verified,17045.38,Price_Surge,2412.62,1
C091,Energy,2025-08-03,2015.32,Coal,1563.63,1679.63,20.69,Buy,94,Disputed,14248.44,Low_Demand,2865.33,1
C020,Energy,2024-10-21,2694.32,Renewable,2086.09,2276.09,26.78,Buy,118,Disputed,5449.49,Price_Surge,2659.09,1
C048,Manufacturing,2024-09-08,1394.91,Mixed Fuel,692.01,851.01,29.39,Sell,152,Verified,13819.63,Low_Demand,1744.54,0
C048,Steel,2024-02-29,777.21,Coal,615.21,682.21,21.66,Sell,59,Disputed,8098.83,Price_Surge,2782.95,0
C069,Steel,2025-04-21,2725.6,Mixed Fuel,935.81,1111.81,26.23,Buy,65,Verified,11012.46,High_Demand,876.0,1
C016,Energy,2025-03-29,2590.61,Coal,1830.12,1948.12,22.3,Sell,177,Verified,8613.12,Low_Demand,2891.92,0
C030,Cement,2025-06-04,2229.75,Mixed Fuel,1118.48,977.48,31.8,Buy,45,Verified,19578.72,Price_Surge,1179.38,1
C057,Cement,2024-01-28,2254.69,Natural Gas,1683.5,1586.5,28.91,Sell,55,Verified,9033.33,Price_Surge,2773.49,0
C071,Energy,2024-04-08,2447.62,Mixed Fuel,1706.91,1756.91,21.55,Sell,66,Disputed,19831.47,High_Demand,1876.28,0
C019,Manufacturing,2025-12-02,2584.08,Mixed Fuel,878.94,895.94,28.27,Buy,175,Verified,17326.08,Price_Surge,1039.24,1
C009,Energy,2024-07-04,1340.41,Natural Gas,825.68,727.68,28.87,Buy,156,Disputed,13438.34,High_Demand,1161.77,1
C002,Steel,2024-12-24,2880.94,Renewable,1196.18,1334.18,25.89,Sell,190,Verified,17378.72,Low_Demand,584.77,0
C020,Energy,2024-10-04,1483.44,Natural Gas,505.31,478.31,20.57,Buy,53,Verified,19643.91,Price_Surge,2539.63,1
C039,Manufacturing,2025-08-02,1848.83,Renewable,744.15,875.15,25.17,Buy,90,Verified,6669.2,High_Demand,2400.74,1
C069,Steel,2024-11-11,1162.01,Natural Gas,754.42,596.42,32.04,Sell,110,Verified,19978.11,Price_Surge,966.15,0
C040,Energy,2024-06-06,1016.11,Mixed Fuel,736.01,719.01,21.78,Buy,135,Verified,18172.58,High_Demand,2536.64,1
C059,Manufacturing,2025-09-24,745.69,Mixed Fuel,321.1,386.1,31.15,Buy,195,Verified,18810.98,Low_Demand,2216.23,1
C034,Energy,2024-03-02,2331.43,Coal,1090.58,1258.58,29.99,Buy,47,Verified,7363.36,Price_Surge,2673.04,1
C059,Manufacturing,2025-05-12,1361.31,Natural Gas,610.6,726.6,29.18,Buy,34,Disputed,19616.99,Low_Demand,2312.72,1
C013,Cement,2025-01-25,1800.28,Renewable,616.28,568.28,24.79,Sell,195,Verified,13833.73,Price_Surge,2130.0,0
C055,Cement,2025-08-06,1388.82,Renewable,457.65,486.65,27.36,Sell,55,Verified,5730.68,Price_Surge,2343.61,0
C092,Manufacturing,2025-12-12,584.81,Coal,226.18,238.18,31.36,Sell,142,Verified,16325.91,Price_Surge,2879.89,0
C083,Cement,2025-12-26,2797.23,Mixed Fuel,969.94,993.94,33.3,Buy,74,Verified,10427.2,High_Demand,2821.23,1
C001,Manufacturing,2025-08-07,674.24,Mixed Fuel,448.95,530.95,20.51,Sell,90,Disputed,7933.57,High_Demand,2850.93,0
C013,Steel,2025-06-08,1729.76,Renewable,718.96,679.96,30.92,Buy,34,Disputed,18655.33,Low_Demand,2234.68,1
C088,Energy,2025-11-12,1242.53,Renewable,413.66,512.6600000000001,30.1,Sell,112,Disputed,19830.44,Price_Surge,648.66,0
C076,Steel,2025-09-24,2987.49,Natural Gas,1660.66,1629.66,25.68,Sell,195,Verified,11605.79,Low_Demand,1809.89,0
C066,Steel,2024-09-03,2221.17,Coal,748.99,934.99,22.6,Buy,60,Verified,17776.82,Low_Demand,1189.0,1
C092,Manufacturing,2025-12-15,2092.82,Mixed Fuel,1034.9,1151.9,28.87,Sell,108,Disputed,6785.5,High_Demand,1405.53,0
C063,Steel,2024-09-26,1966.18,Renewable,764.39,823.39,33.41,Sell,170,Disputed,14093.24,Low_Demand,2793.89,0
C035,Manufacturing,2024-03-29,1299.39,Natural Gas,576.33,421.33000000000004,28.66,Sell,93,Verified,11421.09,High_Demand,990.92,0
C095,Manufacturing,2024-03-01,2196.64,Mixed Fuel,765.12,714.12,33.4,Sell,34,Verified,17527.2,Low_Demand,2474.71,0
C009,Steel,2025-10-07,1296.32,Renewable,595.0,586.0,25.16,Buy,147,Verified,6018.37,High_Demand,1772.37,1
C077,Steel,2025-02-04,1010.37,Renewable,602.57,506.57000000000005,32.87,Sell,106,Disputed,15535.83,Price_Surge,941.4,0
C050,Manufacturing,2025-10-29,666.19,Mixed Fuel,455.57,267.57,32.83,Sell,67,Disputed,8280.14,Price_Surge,1458.6,0
C073,Cement,2024-06-12,2346.17,Mixed Fuel,812.65,854.65,22.81,Sell,119,Disputed,11748.19,High_Demand,1474.48,0
C048,Cement,2024-11-24,725.69,Coal,328.33,497.33,24.61,Sell,111,Verified,12247.0,Price_Surge,594.13,0
C085,Cement,2024-11-08,1505.13,Coal,915.91,975.91,22.79,Sell,98,Verified,17833.57,High_Demand,2054.08,0
C077,Energy,2025-04-29,2432.64,Natural Gas,1519.54,1341.54,29.03,Buy,159,Verified,7241.57,Low_Demand,722.05,1
C055,Energy,2024-06-12,2685.72,Natural Gas,1403.06,1583.06,30.58,Sell,140,Disputed,11778.52,High_Demand,2043.68,0
C022,Cement,2025-03-31,1808.66,Coal,1181.52,1059.52,21.65,Buy,197,Verified,14175.54,High_Demand,2619.07,1
C013,Energy,2025-09-13,884.9,Renewable,519.51,511.51,28.86,Buy,71,Verified,15793.92,Price_Surge,2491.38,1
C022,Cement,2025-10-09,1123.27,Coal,478.67,407.67,30.21,Sell,33,Verified,15228.99,High_Demand,2368.38,0
C055,Cement,2025-12-22,2497.78,Mixed Fuel,1774.01,1847.01,33.97,Sell,160,Verified,15408.4,Low_Demand,670.2,0
C044,Cement,2025-04-18,2635.54,Coal,2103.21,2200.21,25.77,Buy,157,Disputed,19073.97,High_Demand,2395.11,1
C065,Cement,2025-01-06,1187.99,Mixed Fuel,681.24,822.24,26.41,Buy,66,Disputed,7600.36,Low_Demand,503.01,1
C039,Cement,2024-03-18,1716.73,Mixed Fuel,1299.81,1161.81,21.71,Sell,55,Disputed,8457.25,Low_Demand,964.65,0
C030,Manufacturing,2025-03-31,2417.68,Mixed Fuel,1144.41,1055.41,26.1,Sell,62,Verified,5841.75,High_Demand,1883.96,0
C001,Manufacturing,2024-11-29,1817.95,Natural Gas,1067.06,909.06,34.19,Buy,31,Verified,18802.85,Price_Surge,790.11,1
C011,Steel,2025-12-09,960.02,Mixed Fuel,623.4,726.4,33.83,Buy,70,Verified,19578.83,Price_Surge,1659.19,1
C022,Manufacturing,2024-10-13,1487.55,Coal,898.84,976.84,24.02,Sell,28,Verified,9910.9,High_Demand,2019.94,0
C057,Manufacturing,2025-10-09,2252.87,Renewable,1442.02,1545.02,25.07,Buy,98,Disputed,8831.99,Low_Demand,1510.2,1
C056,Manufacturing,2024-08-25,995.59,Coal,628.49,783.49,33.74,Sell,79,Disputed,11427.1,Low_Demand,552.56,0
C094,Energy,2025-01-12,1350.12,Natural Gas,925.71,1111.71,22.83,Buy,83,Disputed,7895.9,High_Demand,601.47,1
C090,Cement,2024-05-31,2521.41,Renewable,1379.16,1389.16,27.96,Sell,179,Disputed,8728.41,Price_Surge,930.98,0
C006,Energy,2024-10-29,1174.33,Natural Gas,722.24,550.24,29.29,Sell,96,Verified,6734.57,Price_Surge,1813.5,0
C078,Manufacturing,2025-07-14,2220.09,Natural Gas,915.86,903.86,27.01,Sell,123,Disputed,11721.79,Price_Surge,2470.91,0
C100,Steel,2024-05-14,1493.28,Mixed Fuel,707.92,857.92,28.88,Buy,88,Disputed,9931.49,Low_Demand,1128.11,1
C008,Cement,2024-12-24,1083.2,Mixed Fuel,862.74,1055.74,33.98,Sell,158,Verified,19286.2,High_Demand,2105.95,0
C052,Manufacturing,2025-08-11,1797.13,Renewable,1424.11,1432.11,32.34,Sell,149,Verified,14098.22,Low_Demand,1474.1,0
C092,Energy,2024-01-15,1569.02,Natural Gas,1106.91,974.9100000000001,22.98,Buy,154,Disputed,8735.35,High_Demand,2766.03,1
C078,Cement,2024-07-05,2118.42,Natural Gas,1073.83,991.8299999999999,32.3,Buy,142,Disputed,7295.27,Price_Surge,788.06,1
C076,Energy,2024-10-14,1082.43,Renewable,488.33,402.33,21.8,Buy,48,Disputed,17296.35,Low_Demand,2687.28,1
C023,Manufacturing,2024-03-14,1451.56,Natural Gas,810.79,842.79,20.39,Buy,70,Verified,16821.16,Price_Surge,2911.97,1
C020,Energy,2024-04-29,863.78,Natural Gas,292.49,326.49,22.19,Buy,96,Disputed,14779.3,High_Demand,652.55,1
C035,Steel,2024-11-01,1822.7,Natural Gas,1140.09,992.0899999999999,27.76,Sell,42,Disputed,19933.11,Price_Surge,545.35,0
C093,Steel,2025-07-01,1613.26,Coal,797.37,664.37,28.82,Buy,99,Verified,6262.0,High_Demand,2087.58,1
C036,Cement,2025-12-02,1514.01,Renewable,673.91,813.91,21.58,Buy,58,Verified,9156.52,Price_Surge,2926.78,1
C064,Cement,2025-04-24,791.66,Mixed Fuel,432.11,508.11,26.02,Buy,156,Verified,5223.68,Price_Surge,966.21,1
C030,Steel,2025-06-08,2888.68,Natural Gas,1267.59,1164.59,26.33,Buy,132,Disputed,9438.78,Price_Surge,2897.38,1
C069,Manufacturing,2024-03-18,1323.09,Natural Gas,526.38,401.38,32.76,Buy,171,Disputed,8289.61,High_Demand,1502.79,1
C086,Manufacturing,2024-10-07,1949.28,Mixed Fuel,614.62,553.62,20.44,Sell,51,Disputed,10659.67,High_Demand,2678.47,0
C066,Manufacturing,2024-11-11,500.71,Coal,205.22,290.22,22.23,Sell,110,Disputed,8884.22,High_Demand,2448.43,0
C008,Steel,2025-08-19,2021.92,Renewable,1119.07,1141.07,29.63,Buy,82,Disputed,9873.16,High_Demand,937.62,1
C026,Energy,2025-03-19,2024.55,Natural Gas,1458.01,1636.01,31.65,Sell,185,Verified,14494.85,Price_Surge,1850.15,0
C007,Energy,2025-10-12,1509.47,Renewable,670.09,541.09,21.73,Buy,188,Disputed,7334.53,High_Demand,1809.36,1
C007,Cement,2025-07-11,1851.52,Mixed Fuel,849.77,660.77,28.75,Sell,162,Disputed,9250.45,Low_Demand,1124.32,0
C078,Manufacturing,2024-05-01,2410.5,Coal,843.5,737.5,20.18,Sell,41,Verified,5243.86,High_Demand,1496.59,0
C059,Manufacturing,2025-10-19,1164.38,Natural Gas,410.6,322.6,30.3,Sell,22,Verified,5968.33,Low_Demand,696.55,0
C034,Cement,2024-10-02,2906.68,Mixed Fuel,1112.46,1224.46,25.92,Sell,80,Disputed,16915.33,Low_Demand,513.92,0
C088,Energy,2025-12-18,794.05,Coal,628.61,558.61,30.14,Buy,151,Disputed,13478.28,High_Demand,2654.96,1
C008,Manufacturing,2024-12-27,1821.18,Natural Gas,1309.11,1174.11,30.35,Sell,69,Verified,5246.51,High_Demand,2355.79,0
C021,Manufacturing,2025-03-04,2649.48,Coal,1838.63,1648.63,32.83,Sell,160,Verified,19818.36,Low_Demand,1000.59,0
C011,Steel,2024-06-22,2319.65,Renewable,1223.99,1118.99,25.68,Buy,66,Disputed,16222.97,High_Demand,2810.22,1
C067,Cement,2024-06-16,726.53,Coal,431.51,603.51,28.42,Buy,164,Disputed,6622.51,Price_Surge,693.32,1
C035,Steel,2025-03-02,2694.2,Natural Gas,1612.83,1587.83,27.28,Sell,122,Disputed,9353.1,Price_Surge,1627.96,0
C091,Steel,2025-11-24,974.89,Mixed Fuel,592.73,567.73,23.56,Buy,76,Verified,7744.55,Price_Surge,568.1,1
C051,Steel,2025-12-01,2422.84,Coal,1602.64,1545.64,33.65,Buy,77,Disputed,13701.17,High_Demand,1068.18,1
C095,Manufacturing,2025-09-26,1237.41,Renewable,964.81,808.81,30.35,Buy,153,Disputed,19672.3,Low_Demand,2976.96,1
C013,Steel,2025-07-30,1648.95,Natural Gas,1129.87,1308.87,34.81,Sell,26,Disputed,10705.5,Price_Surge,1319.3,0
C073,Energy,2024-11-19,2601.46,Renewable,1311.63,1188.63,28.11,Buy,100,Disputed,5249.14,High_Demand,1015.06,1
C010,Energy,2024-01-21,1884.42,Coal,1379.81,1500.81,31.23,Sell,199,Disputed,15733.21,Price_Surge,2264.66,0
C043,Manufacturing,2025-04-07,1595.81,Mixed Fuel,741.39,569.39,25.19,Sell,147,Disputed,16808.24,Price_Surge,624.9,0
C072,Cement,2024-09-25,995.2,Renewable,348.4,490.4,32.49,Buy,32,Verified,19753.59,High_Demand,1639.73,1
C045,Steel,2024-06-18,1056.87,Natural Gas,534.65,590.65,33.07,Buy,33,Disputed,6985.07,High_Demand,836.34,1
C070,Steel,2024-05-14,1063.16,Natural Gas,348.07,492.07,20.15,Sell,25,Verified,7620.58,High_Demand,1785.44,0
C001,Cement,2024-03-20,1589.11,Natural Gas,694.54,583.54,26.02,Sell,24,Verified,18028.67,High_Demand,2331.58,0
C095,Energy,2024-11-30,2752.92,Natural Gas,2031.79,2062.79,33.32,Buy,107,Disputed,9777.46,Low_Demand,2184.99,1
C083,Cement,2024-04-03,660.31,Mixed Fuel,435.97,444.97,21.63,Buy,44,Disputed,10143.38,Low_Demand,2261.18,1
C063,Manufacturing,2025-04-19,2696.34,Coal,1574.93,1663.93,24.69,Sell,118,Disputed,7747.14,High_Demand,1785.14,0
C040,Cement,2024-07-16,1923.99,Mixed Fuel,996.09,1129.0900000000001,33.55,Sell,175,Verified,16322.04,High_Demand,1240.26,0
C073,Manufacturing,2024-10-28,813.53,Renewable,554.72,537.72,31.73,Buy,189,Disputed,13877.04,Price_Surge,1114.6,1
C069,Steel,2025-05-31,2143.88,Coal,721.19,822.19,31.56,Sell,108,Verified,8882.08,Price_Surge,2773.06,0
C018,Energy,2024-05-08,2991.81,Mixed Fuel,1983.03,2164.0299999999997,31.32,Buy,189,Disputed,14879.3,Low_Demand,689.76,1
C031,Steel,2025-12-08,1144.18,Mixed Fuel,555.72,441.72,27.56,Sell,116,Verified,8227.23,High_Demand,637.19,0
C084,Cement,2025-10-21,2656.65,Coal,1862.01,2005.01,23.87,Sell,168,Disputed,6495.02,Price_Surge,2370.75,0
C040,Cement,2024-01-19,1245.3,Mixed Fuel,596.84,791.84,20.55,Sell,200,Verified,10065.68,Price_Surge,2853.72,0
C033,Manufacturing,2024-11-12,2951.4,Coal,2211.89,2154.89,20.63,Buy,51,Verified,13545.87,Low_Demand,695.15,1
C001,Steel,2025-11-09,585.35,Coal,264.88,277.88,20.13,Buy,102,Verified,7734.42,Price_Surge,1687.04,1
C100,Energy,2024-08-18,1763.14,Natural Gas,1090.58,1110.58,29.25,Buy,59,Disputed,6287.15,High_Demand,1046.94,1
C043,Manufacturing,2024-12-11,1036.9,Mixed Fuel,603.82,404.82000000000005,25.57,Buy,120,Disputed,7470.99,Price_Surge,2701.35,1
C089,Steel,2025-07-05,2000.79,Coal,786.54,717.54,24.98,Sell,77,Disputed,7900.03,Price_Surge,1990.51,0
C018,Manufacturing,2024-11-20,1524.05,Natural Gas,882.42,775.42,27.92,Buy,124,Verified,12269.44,Low_Demand,2983.5,1
C081,Energy,2025-08-29,1010.6,Mixed Fuel,665.15,806.15,29.91,Buy,162,Disputed,12207.48,Price_Surge,716.06,1
C019,Manufacturing,2024-02-29,1051.01,Renewable,750.91,798.91,22.18,Buy,77,Disputed,15458.42,Low_Demand,2230.03,1
C002,Manufacturing,2025-05-15,1117.82,Coal,662.66,819.66,30.15,Buy,175,Disputed,15240.1,High_Demand,841.17,1
C061,Manufacturing,2025-09-19,853.69,Coal,311.07,219.07,26.27,Buy,37,Disputed,11535.68,Price_Surge,2116.76,1
C041,Cement,2025-02-20,632.22,Renewable,234.53,265.53,34.81,Buy,135,Disputed,9359.19,Price_Surge,518.26,1
C061,Manufacturing,2024-01-17,1279.61,Coal,570.29,571.29,31.49,Sell,49,Disputed,5698.54,High_Demand,702.57,0
C017,Steel,2025-05-19,2336.66,Renewable,1015.62,951.62,23.6,Buy,106,Disputed,18081.1,Low_Demand,1709.64,1
C096,Cement,2024-12-22,2386.13,Natural Gas,1721.36,1819.36,26.41,Buy,82,Disputed,19519.05,Low_Demand,2797.37,1
C009,Cement,2025-10-17,1535.51,Natural Gas,1111.56,940.56,25.74,Buy,68,Verified,19276.51,Low_Demand,2920.89,1
C010,Manufacturing,2025-05-27,1786.59,Coal,1017.58,1090.58,33.32,Buy,131,Disputed,18132.31,Price_Surge,2270.4,1
C044,Cement,2024-07-17,1873.49,Natural Gas,1450.54,1500.54,23.21,Buy,171,Disputed,18265.2,High_Demand,1543.56,1
C035,Energy,2025-03-04,738.07,Coal,537.34,644.34,28.39,Buy,183,Disputed,15051.15,Price_Surge,648.01,1
C002,Steel,2025-05-12,2286.64,Natural Gas,1581.79,1507.79,32.61,Buy,154,Verified,10871.1,Price_Surge,2723.16,1
C004,Cement,2025-09-10,1603.75,Coal,834.63,934.63,26.4,Sell,88,Disputed,7791.97,High_Demand,832.82,0
C084,Cement,2025-07-13,785.09,Renewable,520.36,576.36,26.66,Buy,155,Disputed,7252.0,High_Demand,2997.47,1
C073,Energy,2025-02-06,1288.09,Mixed Fuel,1012.3,1137.3,28.94,Buy,194,Disputed,9408.12,High_Demand,2126.7,1
C009,Energy,2024-07-27,1223.18,Coal,913.73,995.73,24.45,Sell,103,Verified,7282.03,Price_Surge,2056.09,0
C096,Steel,2024-11-14,1091.62,Coal,375.57,425.57,20.92,Buy,72,Disputed,16509.66,High_Demand,1767.79,1
C075,Cement,2025-10-07,1436.07,Natural Gas,1050.21,926.21,31.9,Sell,96,Disputed,10830.27,Low_Demand,2315.44,0
C001,Energy,2024-10-29,1264.32,Natural Gas,646.99,733.99,26.67,Buy,123,Disputed,5188.07,Low_Demand,2224.23,1
C076,Manufacturing,2024-08-02,1502.55,Renewable,996.71,979.71,22.79,Buy,196,Verified,13107.08,Low_Demand,1164.24,1
C085,Energy,2025-11-08,2795.2,Coal,1581.87,1550.87,27.87,Buy,151,Verified,10687.44,High_Demand,1816.63,1
C061,Cement,2025-04-25,1732.96,Mixed Fuel,1154.82,1325.82,24.22,Buy,60,Disputed,5867.32,Low_Demand,1554.03,1
C071,Energy,2024-02-03,2747.48,Mixed Fuel,1264.98,1233.98,25.8,Sell,139,Verified,5209.04,High_Demand,2673.58,0
C083,Cement,2024-09-25,1626.82,Mixed Fuel,1137.8,1189.8,24.2,Sell,115,Verified,17122.87,Low_Demand,1776.43,0
C100,Energy,2025-04-16,1014.61,Natural Gas,502.32,321.32,31.44,Sell,141,Disputed,11111.84,Low_Demand,2932.26,0
C027,Cement,2024-07-21,1074.15,Coal,709.28,801.28,21.41,Sell,130,Verified,12799.73,Price_Surge,2299.15,0
C022,Manufacturing,2025-07-01,2928.4,Mixed Fuel,1693.7,1727.7,32.47,Sell,118,Disputed,5315.49,High_Demand,917.57,0
C096,Manufacturing,2024-01-03,841.51,Mixed Fuel,412.27,531.27,27.22,Buy,63,Verified,7201.86,Low_Demand,2835.14,1
C035,Manufacturing,2024-12-07,579.35,Natural Gas,442.67,404.67,23.52,Sell,105,Verified,18067.45,High_Demand,2539.36,0
C097,Steel,2025-08-11,2685.65,Coal,1198.09,1153.09,33.56,Sell,68,Verified,8119.14,High_Demand,1209.86,0
C005,Steel,2024-10-17,735.23,Natural Gas,228.41,244.41,30.86,Buy,167,Disputed,11263.02,Price_Surge,2293.59,1
C023,Steel,2024-03-24,1138.85,Renewable,418.5,253.5,33.77,Sell,190,Disputed,16456.52,High_Demand,1531.14,0
C011,Steel,2024-06-30,689.17,Mixed Fuel,351.8,531.8,27.79,Buy,167,Disputed,5506.91,High_Demand,1680.64,1
C058,Energy,2024-04-14,2282.05,Coal,998.78,1127.78,23.71,Buy,186,Disputed,10640.55,Low_Demand,1142.42,1
C025,Cement,2025-11-29,1017.7,Coal,632.54,477.53999999999996,23.64,Sell,68,Disputed,5473.35,Price_Surge,2734.62,0
C059,Steel,2024-12-18,2817.95,Mixed Fuel,1120.22,1266.22,20.49,Buy,99,Disputed,16833.52,Low_Demand,553.25,1
C009,Energy,2025-02-13,692.8,Renewable,398.47,290.47,23.43,Buy,113,Verified,13046.92,High_Demand,2688.18,1
C074,Cement,2024-11-19,1936.45,Coal,770.65,740.65,20.56,Buy,71,Disputed,11293.32,Price_Surge,897.52,1
C086,Steel,2024-09-01,1383.83,Renewable,1074.5,1258.5,28.6,Buy,145,Disputed,16181.37,Low_Demand,2729.65,1
C075,Energy,2024-07-22,2053.76,Coal,1409.87,1504.87,32.86,Buy,23,Verified,6397.79,High_Demand,1387.36,1
C035,Cement,2024-07-15,1029.01,Natural Gas,326.3,275.3,34.57,Sell,143,Disputed,17782.52,Price_Surge,2656.77,0
C051,Energy,2024-11-05,1446.14,Natural Gas,1031.29,1182.29,31.55,Buy,191,Verified,8511.68,High_Demand,1440.05,1
C007,Energy,2024-06-12,1481.28,Natural Gas,938.54,896.54,28.38,Buy,195,Verified,5795.92,High_Demand,2704.19,1
C017,Energy,2024-05-15,1584.97,Renewable,488.83,669.8299999999999,20.76,Sell,95,Disputed,10592.51,Price_Surge,1600.23,0
C086,Manufacturing,2024-02-02,1896.56,Mixed Fuel,1204.63,1320.63,20.85,Sell,183,Disputed,6077.31,High_Demand,821.34,0
C072,Steel,2024-02-10,2089.24,Natural Gas,758.55,940.55,26.94,Buy,144,Verified,7113.94,Price_Surge,1791.06,1
C064,Steel,2025-05-14,1359.69,Natural Gas,608.42,624.42,21.42,Sell,88,Verified,8460.34,High_Demand,2749.66,0
C028,Energy,2024-05-09,2017.73,Mixed Fuel,714.91,558.91,20.6,Sell,148,Disputed,5243.49,Price_Surge,801.1,0
C083,Energy,2024-12-13,1017.36,Natural Gas,641.98,490.98,26.96,Sell,199,Verified,10265.83,Low_Demand,543.01,0
C059,Steel,2024-04-16,2006.09,Natural Gas,1264.12,1139.12,24.48,Sell,147,Verified,5102.33,High_Demand,1566.26,0
C001,Manufacturing,2025-11-17,509.08,Mixed Fuel,153.42,242.42,32.26,Buy,98,Disputed,11650.17,Price_Surge,948.74,1
C048,Steel,2025-06-20,1585.9,Renewable,1238.94,1150.94,20.84,Buy,43,Verified,9840.58,Low_Demand,2318.05,1
C094,Energy,2024-09-07,2941.73,Mixed Fuel,1358.88,1246.88,21.58,Buy,191,Verified,16224.79,Price_Surge,1928.05,1
C012,Energy,2024-09-22,1266.21,Mixed Fuel,461.05,458.05,30.4,Buy,27,Verified,10377.09,Price_Surge,1560.95,1
C069,Manufacturing,2024-11-04,1132.82,Renewable,360.41,354.41,33.61,Sell,22,Disputed,15874.01,Low_Demand,2903.47,0
C095,Energy,2024-08-04,2833.36,Mixed Fuel,1504.93,1644.93,25.45,Sell,115,Verified,9612.33,Low_Demand,2991.04,0
C052,Cement,2024-05-26,1985.3,Mixed Fuel,1464.94,1429.94,28.25,Sell,163,Disputed,18248.17,High_Demand,2013.92,0
C089,Energy,2025-10-25,1549.43,Coal,992.89,876.89,33.39,Sell,155,Disputed,17234.8,Low_Demand,591.49,0
C068,Energy,2025-12-13,2622.57,Natural Gas,1897.99,1836.99,31.03,Buy,181,Verified,14918.25,Low_Demand,2019.45,1
C022,Energy,2025-02-12,1357.5,Coal,555.07,717.07,24.2,Buy,83,Verified,9710.71,Price_Surge,739.34,1
C013,Steel,2025-05-17,2199.27,Natural Gas,1113.2,1008.2,24.38,Buy,48,Disputed,14912.85,High_Demand,2832.83,1
C042,Energy,2025-06-12,572.77,Renewable,185.65,196.65,26.81,Buy,80,Disputed,17269.12,High_Demand,2080.23,1
C071,Cement,2025-02-17,507.4,Natural Gas,288.15,383.15,32.77,Sell,27,Verified,16052.27,High_Demand,2164.9,0
C042,Manufacturing,2024-11-21,2100.93,Mixed Fuel,1055.85,1115.85,32.04,Buy,179,Disputed,13124.72,Low_Demand,2895.01,1
C048,Manufacturing,2025-01-25,1455.77,Coal,1096.09,1288.09,23.92,Buy,174,Disputed,14468.05,High_Demand,1994.96,1
C064,Manufacturing,2024-11-20,2714.75,Coal,2039.0,2051.0,33.02,Sell,152,Verified,12692.75,Price_Surge,2799.31,0
C054,Steel,2025-10-31,707.15,Mixed Fuel,533.27,391.27,27.98,Buy,181,Verified,10598.83,Low_Demand,2007.25,1
C059,Steel,2025-07-09,532.48,Coal,357.1,496.1,21.53,Sell,66,Disputed,17861.78,High_Demand,2453.49,0
C001,Cement,2024-02-17,1134.4,Mixed Fuel,836.21,1009.21,23.1,Sell,193,Verified,16821.03,High_Demand,2283.0,0
C069,Cement,2024-02-29,2306.32,Natural Gas,877.54,916.54,24.16,Sell,82,Verified,18861.0,Low_Demand,2030.0,0
C095,Steel,2024-07-05,1807.64,Mixed Fuel,696.01,745.01,26.74,Sell,117,Verified,8813.24,High_Demand,1857.17,0
C030,Energy,2025-04-05,754.64,Renewable,450.21,451.21,33.15,Buy,44,Verified,15214.3,Low_Demand,1861.14,1
C074,Energy,2024-06-09,936.49,Mixed Fuel,724.74,681.74,26.37,Buy,84,Verified,19422.72,High_Demand,2468.34,1
C053,Steel,2025-05-05,1189.13,Natural Gas,677.54,685.54,26.5,Sell,49,Disputed,10074.65,Low_Demand,817.37,0
C069,Manufacturing,2024-12-04,742.14,Coal,297.83,126.82999999999998,30.1,Sell,33,Disputed,11609.02,Low_Demand,1543.67,0
C061,Energy,2025-11-19,822.85,Renewable,413.29,272.29,29.08,Buy,115,Disputed,11318.48,High_Demand,2065.45,1
C040,Manufacturing,2024-05-13,1491.35,Natural Gas,600.32,763.32,28.39,Buy,38,Disputed,11362.78,High_Demand,2319.93,1
C038,Manufacturing,2025-05-17,1320.83,Natural Gas,871.18,685.18,33.46,Sell,151,Disputed,14934.45,Price_Surge,1718.82,0
C016,Steel,2025-04-09,715.98,Renewable,276.18,466.18,26.86,Sell,21,Disputed,12112.22,Low_Demand,2485.58,0
C087,Cement,2024-12-14,2575.24,Natural Gas,1585.33,1597.33,32.8,Sell,57,Verified,11277.15,High_Demand,1900.95,0
C064,Steel,2025-12-08,2192.04,Renewable,1320.19,1317.19,31.5,Sell,192,Verified,16233.58,Low_Demand,1884.36,0
C073,Steel,2024-08-09,2458.04,Coal,884.36,1038.3600000000001,22.12,Buy,109,Verified,17448.46,Price_Surge,1225.83,1
C092,Manufacturing,2024-06-23,1350.89,Natural Gas,504.58,693.5799999999999,21.68,Buy,56,Disputed,10358.56,Price_Surge,1415.62,1
C029,Cement,2024-02-08,2006.98,Coal,720.7,690.7,31.4,Sell,99,Verified,15177.68,High_Demand,2911.82,0
C029,Energy,2025-03-30,828.32,Renewable,276.63,299.63,32.53,Buy,71,Verified,7514.14,High_Demand,1133.1,1
C050,Cement,2025-08-29,2914.62,Mixed Fuel,1017.31,823.31,33.74,Sell,66,Verified,16003.01,Low_Demand,938.44,0
C083,Energy,2025-12-01,2848.44,Mixed Fuel,2128.45,2263.45,29.43,Buy,79,Disputed,8569.66,Low_Demand,517.19,1
C091,Energy,2024-02-23,1393.87,Mixed Fuel,743.54,913.54,32.78,Buy,27,Verified,5555.36,Low_Demand,2592.34,1
C043,Steel,2025-11-15,2413.55,Coal,1633.26,1749.26,26.04,Sell,113,Verified,19714.48,Price_Surge,2827.19,0
C097,Cement,2025-02-15,1448.24,Coal,1130.15,1227.15,26.77,Buy,162,Disputed,8699.42,Low_Demand,1697.66,1
C001,Cement,2024-05-12,2332.66,Coal,736.82,845.82,26.59,Buy,107,Verified,16318.09,Price_Surge,1168.17,1
C098,Manufacturing,2024-08-23,1423.23,Mixed Fuel,977.45,953.45,29.96,Buy,187,Verified,18947.42,Low_Demand,1240.76,1
C051,Energy,2025-11-16,1570.71,Mixed Fuel,1208.28,1172.28,21.58,Sell,180,Disputed,11573.6,Low_Demand,1763.61,0
C069,Energy,2024-07-21,1374.48,Coal,745.47,684.47,30.5,Sell,51,Verified,13207.43,Price_Surge,1010.46,0
C056,Cement,2025-01-30,814.78,Mixed Fuel,565.04,518.04,22.51,Sell,87,Disputed,10980.58,High_Demand,2025.17,0
C083,Steel,2025-05-07,2400.49,Renewable,910.34,798.34,20.29,Buy,148,Disputed,18025.46,Price_Surge,2086.16,1
C068,Cement,2024-12-09,813.77,Mixed Fuel,645.44,546.44,32.46,Sell,145,Disputed,10194.03,High_Demand,1895.34,0
C094,Cement,2024-10-02,1993.45,Coal,968.62,900.62,28.63,Sell,104,Disputed,7089.46,Low_Demand,1915.23,0
C085,Cement,2024-04-15,2131.63,Renewable,1561.61,1597.61,28.41,Sell,164,Disputed,12300.74,Low_Demand,1461.95,0
C099,Energy,2025-12-05,2313.02,Coal,1699.52,1576.52,24.92,Sell,94,Disputed,5997.71,Low_Demand,1800.89,0
C036,Energy,2024-03-22,2291.79,Mixed Fuel,1272.29,1422.29,30.38,Sell,101,Disputed,19842.51,High_Demand,2722.45,0
C093,Steel,2025-06-03,2740.14,Renewable,1788.79,1963.79,28.72,Buy,160,Verified,5380.69,Low_Demand,1143.22,1
C052,Manufacturing,2025-03-05,2262.7,Renewable,1626.07,1534.07,26.4,Buy,108,Disputed,15645.63,High_Demand,1784.38,1
C047,Cement,2025-04-11,2097.23,Coal,1350.21,1233.21,21.83,Buy,50,Verified,14433.83,Price_Surge,1836.51,1
C037,Cement,2024-01-29,775.43,Renewable,498.74,558.74,24.84,Buy,194,Verified,17556.93,High_Demand,2879.58,1
C068,Energy,2024-08-29,2504.46,Natural Gas,1749.78,1713.78,21.47,Buy,81,Verified,12617.3,High_Demand,957.7,1
C009,Cement,2025-03-02,2308.15,Coal,790.79,891.79,20.02,Sell,144,Disputed,8901.59,Low_Demand,2979.01,0
C058,Manufacturing,2024-05-02,1018.49,Renewable,367.74,209.74,23.09,Buy,118,Disputed,9635.79,Price_Surge,1179.21,1
C059,Energy,2025-04-27,1261.64,Natural Gas,923.6,732.6,34.99,Sell,20,Verified,17616.38,Price_Surge,2475.88,0
C099,Energy,2025-03-04,569.05,Renewable,202.55,206.55,24.04,Sell,60,Disputed,12934.68,Low_Demand,1212.21,0
C085,Steel,2024-01-09,1159.08,Natural Gas,456.85,404.85,26.86,Buy,162,Verified,13828.83,High_Demand,1416.38,1
C060,Cement,2024-01-12,1193.37,Coal,935.81,781.81,32.87,Sell,108,Verified,17838.87,Low_Demand,2949.8,0
C051,Steel,2025-02-13,1247.45,Coal,512.13,418.13,34.96,Sell,82,Disputed,12674.08,High_Demand,545.45,0
C031,Manufacturing,2025-03-12,715.96,Natural Gas,408.4,467.4,33.24,Buy,73,Disputed,19855.26,High_Demand,570.6,1
C006,Manufacturing,2024-08-01,1022.02,Renewable,424.8,590.8,27.94,Sell,60,Disputed,18465.74,High_Demand,2632.29,0
C011,Cement,2024-09-22,1140.89,Mixed Fuel,383.4,216.39999999999998,22.92,Sell,172,Disputed,16613.05,Low_Demand,2626.84,0
C029,Cement,2024-06-15,2495.93,Mixed Fuel,1779.04,1629.04,33.52,Buy,64,Verified,14398.38,High_Demand,1075.18,1
C092,Steel,2024-06-07,2324.25,Coal,1267.25,1299.25,27.24,Buy,186,Disputed,11428.26,High_Demand,2810.86,1
C069,Energy,2024-06-11,2396.32,Renewable,1442.23,1279.23,25.15,Buy,72,Verified,9824.97,High_Demand,589.81,1
C034,Cement,2024-12-13,1185.57,Coal,913.94,997.94,32.01,Sell,169,Verified,9574.49,High_Demand,2466.98,0
C023,Steel,2025-11-07,1354.96,Renewable,544.5,633.5,20.95,Sell,112,Disputed,12319.66,Low_Demand,2610.37,0
C002,Cement,2025-10-31,2983.0,Renewable,1144.27,1011.27,29.93,Buy,36,Verified,19045.16,Price_Surge,1674.58,1
C078,Cement,2024-03-16,2280.61,Mixed Fuel,1725.5,1727.5,30.98,Sell,76,Verified,5277.81,High_Demand,2333.33,0
C080,Manufacturing,2024-12-05,1839.28,Coal,576.9,618.9,22.98,Buy,89,Verified,16084.15,High_Demand,2695.25,1
C032,Steel,2024-02-29,1529.09,Natural Gas,502.31,422.31,26.87,Sell,125,Verified,11985.58,Low_Demand,2759.03,0
C053,Manufacturing,2024-04-03,1339.9,Coal,1007.51,1046.51,24.9,Sell,172,Verified,19182.31,Price_Surge,2461.2,0
C005,Manufacturing,2024-07-13,934.73,Natural Gas,290.7,308.7,34.73,Buy,110,Disputed,7297.01,High_Demand,1286.85,1
C069,Manufacturing,2024-08-03,544.35,Coal,259.46,148.45999999999998,33.78,Buy,100,Verified,19519.58,Low_Demand,1662.85,1
C081,Energy,2025-08-02,1397.6,Natural Gas,437.8,579.8,29.36,Buy,155,Verified,17939.77,High_Demand,2624.48,1
C061,Energy,2025-02-11,1600.16,Renewable,1139.41,1075.41,29.62,Sell,23,Disputed,13496.6,Low_Demand,820.94,0
C036,Steel,2024-09-07,1771.96,Renewable,1131.89,1204.89,32.71,Buy,185,Disputed,12951.22,High_Demand,1819.65,1
C059,Manufacturing,2024-09-21,1220.82,Mixed Fuel,487.48,472.48,21.74,Sell,161,Verified,6519.74,Price_Surge,1535.75,0
C029,Steel,2024-04-08,1546.66,Natural Gas,693.97,656.97,33.25,Buy,158,Verified,5283.72,Price_Surge,2886.69,1
C084,Manufacturing,2024-09-22,2773.72,Coal,1893.59,1791.59,27.08,Sell,42,Verified,18584.55,Price_Surge,1553.51,0
C051,Manufacturing,2025-12-31,2667.8,Coal,1564.28,1475.28,29.9,Sell,183,Verified,6944.08,Price_Surge,2374.54,0
C100,Cement,2024-08-23,503.13,Coal,255.55,113.55000000000001,33.05,Buy,49,Disputed,14223.1,Price_Surge,996.23,1
C053,Steel,2024-04-27,941.16,Coal,673.38,813.38,22.5,Buy,124,Disputed,11635.3,Price_Surge,783.26,1
C004,Steel,2024-12-11,2923.33,Renewable,1393.83,1249.83,30.5,Sell,139,Disputed,10126.55,Low_Demand,842.33,0
C099,Steel,2025-12-06,2509.46,Mixed Fuel,1990.77,2176.77,24.0,Buy,99,Disputed,7318.48,Price_Surge,2131.63,1
C004,Cement,2025-02-16,2273.74,Mixed Fuel,1243.84,1126.84,30.63,Buy,121,Disputed,19833.68,Low_Demand,1705.59,1
C075,Manufacturing,2024-07-20,1903.96,Coal,608.84,680.84,22.54,Buy,163,Disputed,19844.86,High_Demand,2937.23,1
C075,Steel,2024-03-13,2416.82,Coal,1016.85,1154.85,24.29,Buy,146,Disputed,9467.56,Low_Demand,2635.93,1
C069,Energy,2025-12-26,1437.33,Renewable,791.11,842.11,26.17,Sell,50,Disputed,12820.06,Price_Surge,2383.4,0
C048,Manufacturing,2025-12-16,899.77,Natural Gas,357.81,510.81,23.36,Buy,163,Disputed,6044.76,Price_Surge,870.57,1
C034,Steel,2024-02-24,2595.72,Coal,1806.76,1758.76,31.63,Sell,74,Verified,11275.02,Price_Surge,1402.19,0
C001,Cement,2024-12-15,933.94,Renewable,566.64,659.64,33.6,Buy,155,Verified,18102.23,Low_Demand,2156.7,1
C035,Manufacturing,2025-07-01,1251.02,Natural Gas,608.16,420.15999999999997,30.0,Buy,86,Verified,18909.25,High_Demand,1407.86,1
C013,Energy,2024-02-29,1400.87,Mixed Fuel,508.07,609.0699999999999,21.25,Buy,149,Verified,11065.69,Low_Demand,2697.42,1
C011,Manufacturing,2025-06-16,1114.43,Mixed Fuel,434.79,350.79,30.27,Sell,45,Disputed,13477.95,Low_Demand,2682.6,0
C044,Cement,2025-11-16,1558.12,Renewable,1056.39,913.3900000000001,25.13,Buy,164,Disputed,7294.37,Low_Demand,738.67,1
C085,Cement,2024-12-29,1213.07,Renewable,806.47,986.47,33.45,Sell,112,Verified,8821.51,Price_Surge,2221.95,0
C066,Energy,2024-06-14,2785.62,Coal,1086.33,931.3299999999999,33.48,Sell,176,Verified,15760.23,Price_Surge,2527.87,0
C061,Steel,2024-11-21,2107.84,Mixed Fuel,1255.53,1328.53,22.6,Buy,73,Disputed,7280.66,Low_Demand,1166.63,1
C035,Steel,2024-11-15,1721.76,Coal,1286.16,1240.16,21.9,Sell,22,Verified,15013.03,Low_Demand,1057.63,0
C094,Steel,2025-05-24,1545.18,Renewable,625.43,626.43,30.86,Sell,63,Disputed,5229.5,Low_Demand,1969.14,0
C096,Cement,2024-01-01,646.63,Mixed Fuel,210.49,241.49,27.27,Sell,53,Verified,18491.8,Price_Surge,2640.2,0
C029,Cement,2025-10-09,1993.44,Mixed Fuel,766.71,637.71,25.66,Buy,177,Verified,6433.53,High_Demand,1380.6,1
C093,Energy,2025-06-25,834.16,Natural Gas,409.52,242.51999999999998,26.21,Buy,125,Disputed,10893.99,High_Demand,1385.07,1
C005,Steel,2025-09-14,2784.39,Mixed Fuel,1482.68,1352.68,20.73,Sell,101,Disputed,18583.28,Low_Demand,1039.4,0
C062,Steel,2024-04-20,2427.77,Mixed Fuel,1708.92,1773.92,31.21,Sell,24,Verified,17763.62,Price_Surge,1977.75,0
C003,Manufacturing,2024-03-12,2325.32,Natural Gas,1598.85,1660.85,23.67,Buy,194,Disputed,19435.02,High_Demand,991.88,1
C067,Energy,2024-08-05,2615.9,Coal,1270.05,1132.05,21.47,Buy,143,Disputed,12118.94,Low_Demand,2232.96,1
C083,Cement,2025-11-09,2730.57,Natural Gas,2067.97,2215.97,25.01,Sell,190,Disputed,19703.09,High_Demand,1996.73,0
C042,Energy,2025-02-27,2564.46,Natural Gas,1109.97,1023.97,34.97,Buy,138,Disputed,14447.54,High_Demand,2237.73,1
C024,Cement,2025-01-04,978.14,Coal,682.13,744.13,30.92,Sell,149,Verified,7197.0,Price_Surge,1647.57,0
C095,Steel,2025-03-03,2768.98,Natural Gas,1441.82,1608.82,22.36,Buy,128,Verified,16093.55,Price_Surge,1252.17,1
C011,Cement,2025-03-15,539.59,Coal,164.74,196.74,34.46,Buy,169,Verified,16115.99,Price_Surge,916.13,1
C086,Manufacturing,2025-10-28,1565.4,Renewable,841.36,885.36,33.38,Sell,118,Verified,13034.34,Price_Surge,2735.0,0
C010,Manufacturing,2025-06-28,1307.61,Coal,917.57,851.57,32.23,Buy,194,Disputed,13874.46,Price_Surge,1119.95,1
C074,Manufacturing,2024-05-11,566.42,Renewable,248.24,97.24000000000001,34.59,Sell,43,Verified,5030.46,Price_Surge,1905.55,0
C069,Steel,2024-03-18,1667.13,Mixed Fuel,1043.73,1126.73,28.29,Buy,85,Verified,12664.74,Low_Demand,1308.0,1
C046,Manufacturing,2025-09-27,2341.76,Natural Gas,1575.19,1675.19,32.97,Sell,30,Verified,12923.74,Price_Surge,1162.54,0
C033,Manufacturing,2024-06-03,1349.36,Mixed Fuel,645.81,701.81,29.68,Sell,143,Disputed,13077.29,Price_Surge,1876.5,0
C022,Cement,2024-11-25,2842.21,Coal,1393.1,1210.1,30.14,Sell,195,Disputed,9050.71,Low_Demand,2472.18,0
C025,Manufacturing,2024-06-11,1407.72,Coal,924.41,744.41,24.64,Buy,191,Verified,17289.38,Low_Demand,1180.27,1
C089,Cement,2024-05-07,1374.62,Natural Gas,450.25,588.25,21.36,Sell,30,Disputed,19372.84,High_Demand,1361.64,0
C032,Energy,2024-10-19,2726.03,Coal,1352.06,1428.06,33.21,Buy,196,Verified,13212.8,High_Demand,2999.58,1
C009,Cement,2025-12-28,883.36,Renewable,589.64,703.64,22.06,Buy,200,Verified,12505.73,Low_Demand,2348.7,1
C082,Manufacturing,2025-03-10,2673.06,Natural Gas,1926.15,1906.15,24.2,Buy,51,Disputed,5559.0,High_Demand,1538.0,1
C066,Energy,2025-02-02,2679.32,Coal,826.36,761.36,25.54,Sell,142,Disputed,17470.39,Price_Surge,2932.17,0
C092,Energy,2024-12-09,917.22,Natural Gas,294.11,185.11,31.49,Sell,59,Verified,11108.84,Price_Surge,1877.8,0
C016,Energy,2024-01-13,2007.79,Coal,940.81,978.81,20.75,Buy,174,Verified,18567.18,Price_Surge,1588.13,1
C049,Energy,2025-09-19,1209.47,Coal,708.81,906.81,27.87,Buy,130,Disputed,10740.65,Low_Demand,1968.52,1
C025,Manufacturing,2024-09-30,1422.69,Coal,1118.85,965.8499999999999,32.61,Buy,154,Verified,8601.48,Price_Surge,1545.84,1
C047,Energy,2025-12-31,2896.97,Natural Gas,1651.09,1497.09,34.99,Buy,60,Disputed,6384.0,Price_Surge,1057.88,1
C064,Energy,2024-04-11,1966.34,Renewable,986.35,1126.35,28.27,Buy,191,Verified,8376.25,Price_Surge,1572.93,1
C091,Manufacturing,2024-07-22,1796.39,Coal,712.32,883.32,21.86,Buy,100,Disputed,11915.28,High_Demand,1394.16,1
C051,Energy,2025-01-01,914.35,Mixed Fuel,376.87,220.87,22.52,Buy,38,Disputed,13386.83,High_Demand,2543.99,1
C002,Cement,2024-03-02,2467.67,Renewable,1190.28,1120.28,25.08,Buy,154,Disputed,18126.03,Price_Surge,868.08,1
C023,Manufacturing,2024-04-24,1123.77,Coal,817.01,807.01,32.78,Sell,26,Disputed,13705.44,Price_Surge,709.01,0
C008,Steel,2025-10-24,1537.07,Renewable,944.44,970.44,26.61,Buy,199,Disputed,8706.56,Low_Demand,1472.6,1
C054,Energy,2024-11-06,1142.28,Coal,544.09,419.09000000000003,23.45,Sell,136,Disputed,9404.82,Price_Surge,1310.49,0
C030,Steel,2024-08-27,1497.2,Natural Gas,1171.4,987.4000000000001,34.55,Sell,99,Verified,16821.46,High_Demand,1794.81,0
C040,Energy,2024-06-11,1842.4,Coal,1203.69,1380.69,26.39,Buy,131,Disputed,14159.56,Low_Demand,2721.83,1
C009,Manufacturing,2025-10-12,1899.15,Renewable,796.23,781.23,21.98,Sell,74,Disputed,12517.11,Price_Surge,2397.28,0
C089,Manufacturing,2025-05-16,1979.15,Mixed Fuel,1554.84,1559.84,22.42,Sell,48,Disputed,10334.2,Low_Demand,534.98,0
C098,Steel,2025-07-04,1189.01,Coal,446.05,473.05,22.25,Buy,190,Disputed,13813.83,High_Demand,2275.33,1
C006,Manufacturing,2025-05-02,1242.23,Natural Gas,716.8,909.8,23.98,Buy,186,Verified,14584.82,High_Demand,635.87,1
C098,Manufacturing,2025-09-22,1436.03,Coal,633.14,731.14,26.5,Buy,76,Disputed,9463.77,Price_Surge,2646.05,1
C007,Cement,2025-07-01,1423.34,Coal,521.39,471.39,29.24,Buy,155,Verified,18608.51,Price_Surge,619.23,1
C017,Manufacturing,2024-05-17,849.3,Mixed Fuel,306.49,282.49,33.54,Buy,76,Verified,6704.37,High_Demand,1395.06,1
C047,Manufacturing,2024-11-22,1693.21,Renewable,531.12,337.12,24.08,Sell,28,Disputed,17291.92,High_Demand,1745.74,0
C019,Steel,2025-10-06,2190.52,Coal,978.99,999.99,24.95,Sell,131,Verified,16524.35,Price_Surge,2569.93,0
C022,Steel,2025-05-27,1075.97,Mixed Fuel,371.09,433.09,33.3,Sell,169,Verified,15896.08,Low_Demand,667.45,0
C047,Energy,2024-02-22,2146.48,Natural Gas,1649.08,1695.08,31.74,Buy,86,Disputed,5718.18,Low_Demand,2041.36,1
C005,Energy,2025-07-24,1135.45,Renewable,687.83,830.83,26.25,Sell,192,Verified,10671.25,Low_Demand,1837.95,0
C092,Manufacturing,2025-09-10,1834.04,Natural Gas,1031.05,1105.05,21.54,Sell,173,Disputed,10447.57,Low_Demand,617.99,0
C067,Energy,2025-10-02,2282.63,Renewable,1109.6,1226.6,27.94,Buy,63,Verified,11928.02,Low_Demand,2028.44,1
C092,Cement,2024-10-11,2564.34,Natural Gas,1462.11,1518.11,22.09,Sell,54,Disputed,17818.34,Low_Demand,1595.36,0
C045,Manufacturing,2025-02-21,1631.05,Coal,636.49,453.49,34.36,Buy,147,Verified,11315.13,High_Demand,942.33,1
C015,Energy,2025-06-10,2421.02,Mixed Fuel,1913.39,1724.39,25.4,Sell,185,Disputed,7980.73,Price_Surge,2430.74,0
C071,Energy,2025-04-10,1493.49,Renewable,900.85,1034.85,21.47,Buy,119,Verified,15923.61,Low_Demand,1631.88,1
C010,Steel,2024-07-16,595.61,Mixed Fuel,471.33,331.33,29.37,Sell,130,Disputed,9220.71,Low_Demand,821.49,0
C075,Steel,2024-03-07,1619.18,Mixed Fuel,980.02,983.02,28.03,Sell,196,Disputed,7723.75,Price_Surge,2913.68,0
C011,Steel,2025-04-19,1443.2,Renewable,471.33,583.3299999999999,29.52,Sell,77,Disputed,8065.95,Low_Demand,2477.97,0
C058,Cement,2025-04-14,913.49,Mixed Fuel,564.95,534.95,20.57,Buy,125,Verified,9240.37,High_Demand,942.6,1
C028,Steel,2025-09-01,1257.09,Mixed Fuel,664.34,646.34,29.25,Buy,88,Verified,5027.67,High_Demand,907.42,1
C049,Energy,2025-07-12,1128.97,Renewable,443.3,488.3,23.62,Buy,133,Verified,11949.39,Price_Surge,876.19,1
C040,Cement,2024-04-20,1762.17,Mixed Fuel,1022.01,860.01,28.49,Sell,193,Verified,8447.39,High_Demand,1381.45,0
C035,Steel,2024-07-24,1389.7,Mixed Fuel,606.22,452.22,23.5,Sell,54,Verified,5722.73,Low_Demand,2341.76,0
C050,Steel,2024-03-13,2961.14,Mixed Fuel,1516.49,1381.49,26.59,Buy,28,Disputed,11025.84,High_Demand,1070.78,1
C067,Steel,2024-09-05,824.91,Mixed Fuel,383.22,427.22,20.45,Buy,56,Disputed,15824.34,Price_Surge,1569.41,1
C028,Manufacturing,2024-08-19,2664.67,Mixed Fuel,993.14,793.14,28.0,Sell,78,Disputed,12479.36,High_Demand,2286.06,0
C015,Energy,2025-01-03,519.55,Mixed Fuel,228.06,112.06,24.62,Sell,113,Disputed,9416.39,Price_Surge,777.05,0
C061,Manufacturing,2025-03-24,1029.54,Natural Gas,508.36,466.36,27.01,Buy,134,Verified,6098.91,High_Demand,2256.04,1
C007,Cement,2024-09-29,2756.26,Natural Gas,1153.92,1124.92,25.49,Sell,161,Verified,6248.14,Low_Demand,785.87,0
C029,Energy,2024-05-31,2323.64,Coal,1686.59,1511.59,20.82,Sell,177,Verified,11511.0,Low_Demand,2710.35,0
C001,Steel,2025-08-11,2402.19,Renewable,1673.5,1644.5,32.78,Buy,78,Disputed,5005.04,High_Demand,2923.23,1
C022,Energy,2025-09-12,2949.28,Coal,1156.32,1166.32,25.91,Sell,21,Verified,17825.53,High_Demand,2890.23,0
C079,Manufacturing,2024-09-26,2001.2,Mixed Fuel,1005.1,1039.1,31.92,Buy,81,Verified,18749.54,High_Demand,2921.56,1
C024,Energy,2025-07-27,828.95,Coal,431.62,363.62,34.16,Sell,75,Verified,19617.04,High_Demand,2436.92,0
C066,Manufacturing,2025-01-05,1229.1,Coal,759.95,595.95,29.49,Buy,161,Disputed,9077.04,Price_Surge,2015.36,1
C007,Cement,2024-12-08,740.3,Coal,498.28,605.28,33.1,Sell,146,Disputed,16676.27,Price_Surge,2266.8,0
C095,Steel,2024-01-31,1316.54,Renewable,563.84,373.84000000000003,28.62,Buy,70,Verified,13119.39,Low_Demand,1793.16,1
C046,Cement,2024-11-30,2922.53,Natural Gas,1463.86,1624.86,28.95,Sell,27,Verified,17443.09,Price_Surge,2368.53,0
C097,Energy,2025-08-07,2605.39,Mixed Fuel,1950.6,2081.6,32.53,Sell,168,Disputed,15361.31,High_Demand,1817.49,0
C012,Energy,2024-01-12,2061.19,Renewable,1033.96,995.96,27.18,Buy,159,Verified,10760.9,High_Demand,1508.8,1
C008,Manufacturing,2024-04-01,1865.28,Coal,1152.0,1343.0,25.07,Sell,97,Disputed,15064.95,Low_Demand,622.07,0
C028,Steel,2025-07-01,1771.35,Natural Gas,669.33,768.33,32.76,Buy,144,Disputed,18705.84,Price_Surge,637.09,1
C094,Steel,2024-04-16,756.3,Renewable,537.58,619.58,28.67,Sell,36,Verified,5271.84,High_Demand,2394.7,0
C008,Steel,2025-12-26,2314.69,Coal,707.75,723.75,20.3,Buy,70,Disputed,5156.76,Price_Surge,1074.29,1
C100,Energy,2024-03-22,2456.63,Mixed Fuel,1355.41,1438.41,24.58,Sell,129,Verified,12225.02,Price_Surge,1381.82,0
C088,Steel,2025-07-06,1759.52,Mixed Fuel,1324.16,1304.16,22.19,Sell,37,Disputed,11672.84,High_Demand,1925.02,0
C059,Cement,2025-07-13,1859.53,Mixed Fuel,724.95,776.95,28.59,Buy,89,Disputed,16000.27,Low_Demand,2069.08,1
C024,Manufacturing,2024-05-05,1896.82,Mixed Fuel,1205.72,1364.72,20.64,Sell,91,Disputed,13879.01,High_Demand,669.02,0
C070,Steel,2025-08-03,1642.78,Mixed Fuel,625.69,776.69,30.94,Buy,119,Disputed,11496.37,Low_Demand,2766.4,1
C028,Manufacturing,2025-10-30,1029.17,Coal,420.14,484.14,27.94,Buy,173,Disputed,17533.34,High_Demand,1052.39,1
C026,Cement,2025-08-28,1006.57,Coal,639.91,563.91,27.51,Buy,92,Verified,13804.78,Price_Surge,2760.05,1
C028,Steel,2024-02-10,1544.27,Renewable,745.16,887.16,29.21,Sell,20,Disputed,8056.04,High_Demand,2916.4,0
C054,Steel,2024-04-03,1228.5,Coal,962.61,889.61,32.03,Sell,134,Disputed,13441.42,Low_Demand,834.67,0
C022,Steel,2025-07-10,2302.82,Coal,1139.73,1016.73,31.15,Buy,20,Verified,13211.41,High_Demand,1742.31,1
C018,Manufacturing,2024-11-07,2241.71,Coal,1164.79,1096.79,29.93,Buy,131,Disputed,11677.22,Price_Surge,2335.39,1
C064,Manufacturing,2024-02-04,2898.71,Natural Gas,2065.36,2106.36,22.78,Buy,39,Verified,5117.37,Low_Demand,1027.56,1
C051,Energy,2025-01-16,2051.33,Natural Gas,1525.73,1455.73,29.76,Sell,197,Disputed,5393.33,High_Demand,834.6,0
C079,Cement,2024-05-04,2813.81,Natural Gas,1214.96,1100.96,25.06,Sell,63,Disputed,14037.19,Price_Surge,2527.81,0
C001,Steel,2025-04-24,2480.7,Natural Gas,827.37,899.37,20.12,Buy,193,Disputed,17885.39,High_Demand,2744.7,1
C059,Manufacturing,2024-07-13,2324.72,Natural Gas,1706.42,1642.42,26.14,Sell,189,Verified,15084.09,Low_Demand,1355.37,0
C022,Energy,2024-01-24,2740.5,Natural Gas,1994.1,1874.1,21.57,Sell,113,Disputed,18056.58,High_Demand,2308.36,0
C062,Steel,2024-09-09,2836.96,Coal,1482.14,1312.14,22.99,Buy,89,Disputed,9456.99,Low_Demand,2248.98,1
C064,Manufacturing,2024-12-09,2732.4,Coal,1086.25,907.25,20.62,Sell,36,Verified,8283.45,Low_Demand,1860.21,0
C037,Manufacturing,2025-05-07,2798.31,Renewable,2034.14,1858.14,26.82,Sell,22,Verified,12905.07,Price_Surge,512.94,0
C003,Energy,2024-10-08,1202.28,Coal,951.67,833.67,20.6,Sell,150,Verified,14162.41,Low_Demand,2128.74,0
C059,Cement,2025-12-30,2778.1,Coal,961.61,775.61,31.74,Sell,146,Disputed,16480.52,High_Demand,1170.42,0
C026,Energy,2025-05-24,2562.32,Mixed Fuel,1605.98,1574.98,25.29,Buy,23,Verified,13921.66,High_Demand,1323.02,1
C030,Manufacturing,2024-08-24,767.63,Natural Gas,522.3,477.29999999999995,30.4,Sell,87,Disputed,7009.16,Low_Demand,2730.77,0
C053,Cement,2024-09-12,2037.78,Renewable,813.88,976.88,20.62,Buy,85,Verified,16133.13,Price_Surge,2885.07,1
C090,Manufacturing,2025-12-28,1725.97,Mixed Fuel,690.2,890.2,22.76,Sell,46,Disputed,8403.11,High_Demand,2286.21,0
C097,Cement,2025-07-21,2915.92,Coal,1301.9,1500.9,28.38,Sell,105,Disputed,12376.83,Low_Demand,1480.92,0
C085,Energy,2024-04-10,2075.74,Renewable,1014.81,1096.81,27.94,Buy,128,Disputed,8350.74,Low_Demand,1899.96,1
C019,Manufacturing,2024-07-01,1925.98,Natural Gas,978.59,882.59,21.38,Buy,105,Verified,11427.99,Price_Surge,800.98,1
C080,Cement,2024-11-01,918.26,Renewable,365.7,429.7,28.91,Buy,39,Verified,18429.76,High_Demand,2093.66,1
C061,Manufacturing,2024-11-28,1915.69,Mixed Fuel,904.66,716.66,24.1,Sell,100,Disputed,5711.56,Price_Surge,2602.75,0
C058,Energy,2024-08-04,517.61,Renewable,353.2,303.2,29.45,Sell,99,Verified,5243.85,Price_Surge,1851.84,0
C006,Manufacturing,2025-10-01,2536.8,Natural Gas,1895.71,2032.71,29.89,Buy,54,Verified,13493.13,Price_Surge,1961.76,1
C033,Cement,2025-08-02,1211.6,Natural Gas,759.36,599.36,28.08,Sell,64,Disputed,19640.52,Price_Surge,2768.25,0
C079,Steel,2024-04-06,1249.23,Mixed Fuel,415.4,379.4,32.03,Sell,48,Disputed,17308.79,Price_Surge,2541.6,0
C006,Cement,2024-04-09,540.2,Renewable,418.4,249.39999999999998,32.05,Buy,173,Verified,5404.64,Low_Demand,2829.39,1
C061,Manufacturing,2025-09-08,1194.74,Mixed Fuel,812.75,924.75,20.5,Buy,137,Verified,18562.79,Price_Surge,923.09,1
C038,Steel,2025-01-11,1202.55,Natural Gas,530.11,679.11,21.31,Buy,45,Verified,19060.8,High_Demand,1917.17,1
C061,Energy,2025-10-14,2647.42,Coal,2094.13,2238.13,27.1,Buy,30,Verified,17948.83,Price_Surge,808.4,1
C047,Energy,2025-08-28,1508.65,Natural Gas,738.54,849.54,23.73,Sell,131,Disputed,6625.65,High_Demand,747.2,0
C052,Manufacturing,2024-09-07,2011.28,Renewable,1018.73,922.73,33.55,Sell,183,Verified,11743.15,High_Demand,586.98,0
C037,Manufacturing,2025-01-05,1884.44,Mixed Fuel,1405.26,1589.26,31.03,Sell,45,Verified,12042.55,High_Demand,1789.57,0
C094,Manufacturing,2025-10-22,2320.44,Natural Gas,1007.01,1131.01,29.15,Buy,94,Verified,14734.36,Low_Demand,1083.44,1
C037,Energy,2025-12-30,2316.04,Natural Gas,1558.06,1556.06,34.18,Buy,171,Disputed,18899.86,Low_Demand,2143.34,1
C062,Steel,2025-08-06,2897.32,Renewable,2265.89,2094.89,31.59,Sell,155,Verified,11181.54,Low_Demand,1829.75,0
C090,Cement,2025-02-03,1148.37,Coal,364.48,560.48,27.45,Sell,105,Disputed,8855.55,Price_Surge,2606.97,0
C014,Energy,2025-01-23,2695.31,Natural Gas,1665.25,1557.25,34.04,Sell,133,Disputed,12504.79,High_Demand,1483.73,0
C022,Energy,2025-02-21,1069.65,Renewable,551.38,400.38,30.91,Sell,191,Verified,18075.44,Price_Surge,1544.83,0
C090,Manufacturing,2025-07-27,1530.04,Natural Gas,1091.54,956.54,26.31,Buy,165,Verified,13402.79,Low_Demand,2239.57,1
C087,Manufacturing,2024-12-16,2742.65,Coal,1752.53,1781.53,31.78,Sell,74,Disputed,11960.68,Price_Surge,906.97,0
C006,Cement,2025-10-24,2814.19,Natural Gas,1353.11,1418.11,32.25,Buy,72,Disputed,12045.91,Price_Surge,2368.08,1
C043,Energy,2025-06-16,2950.86,Renewable,1918.64,1860.64,27.67,Buy,112,Disputed,12567.65,Price_Surge,1000.25,1
C051,Energy,2025-02-06,792.54,Renewable,347.72,534.72,30.82,Buy,37,Disputed,7913.76,Low_Demand,603.17,1
C047,Cement,2024-11-11,654.9,Natural Gas,468.31,644.31,26.02,Sell,133,Disputed,10327.29,Low_Demand,2675.15,0
C002,Manufacturing,2024-08-28,2053.44,Renewable,1383.01,1409.01,26.66,Sell,152,Disputed,5503.64,Price_Surge,1170.06,0
C012,Cement,2024-05-25,1692.04,Natural Gas,1272.7,1196.7,20.22,Sell,188,Verified,6847.51,High_Demand,916.85,0
C004,Cement,2024-06-01,1135.48,Coal,868.17,796.17,22.17,Buy,150,Verified,18307.76,Price_Surge,2899.7,1
C056,Steel,2025-06-02,538.4,Coal,272.47,324.47,25.51,Buy,117,Disputed,16754.14,Low_Demand,2039.08,1
C100,Manufacturing,2025-08-05,2050.0,Mixed Fuel,1535.92,1554.92,31.67,Buy,93,Verified,16527.66,High_Demand,2318.24,1
C085,Steel,2025-10-07,1440.38,Mixed Fuel,490.55,626.55,21.69,Sell,131,Verified,9254.71,Price_Surge,1336.6,0
C067,Steel,2024-04-10,1081.97,Mixed Fuel,515.54,483.53999999999996,31.83,Buy,74,Disputed,16760.11,Price_Surge,768.83,1
C010,Cement,2024-12-06,2044.32,Renewable,1011.79,1130.79,26.62,Buy,166,Verified,16656.02,High_Demand,1536.94,1
C047,Manufacturing,2024-07-12,1307.08,Coal,563.61,561.61,24.53,Sell,22,Verified,18703.31,High_Demand,2332.2,0
C072,Manufacturing,2025-04-04,2697.77,Natural Gas,921.17,1110.17,31.54,Sell,50,Disputed,16848.65,Low_Demand,2793.45,0
C027,Manufacturing,2024-06-26,684.12,Renewable,278.18,257.18,28.75,Sell,30,Verified,14986.94,Low_Demand,1568.35,0
C024,Energy,2025-03-24,1737.29,Renewable,1199.04,1029.04,25.18,Buy,60,Verified,13785.91,Low_Demand,1980.51,1
